Workbook

Sheet Instrucciones
B15: Objetivo: Identificar los insumos necesarios para pruebas de aceptación de usuario, a través de los casos de prueba, ambientes requeridos, especificación de los datos, cobertura de escenarios y atributos relacionados, a fin de contar con la integración de datos suficientes para la ejecución de las pruebas de la solución tecnológica con el usuario.
B17: Guía de Uso: 1.- Las pestañas "Casos de Prueba" y "Ambientes Requeridos" serán llenadas por la Administración Central de Soluciones de Negocio (ACSN), en la Fase Análisis, Etapa Especificación Funcional. 2.- Las pestañas "Interfaz de Usuario" y "Cobertura" serán llenadas en la Fase Desarrollo por las áreas ténicas que deban participar. En la primera también participará la ACSN en la Fase Pruebas, Etapa Pruebas Funcionales (AVL), por tema de Lineamientos Gráficos del SIAT, y para reflejar resultado de dichas pruebas. 3.- El documento está firmado por los responsables del llenado, incluyendo por el negocio cuando participa en la autorización. 4.- Si la pestaña "Casos de Prueba" incluye varias páginas, debe imprimirse sólo la página que contienen las firmas. Una vez firmado, debe digitalizarse y almacenarse en el repositorio como sustento junto con el archivo de Excel que corresponda a todo el documento. 5.- Si fuera necesario reservar información generada en esta plantilla, se hará bajo lo estipulado en la Ley General de Transparencia y Acceso a la Información Pública vigente (LGTAIP), pudiendo consultar a la ACPPI para su aplicación. (Ver abajo "Nota acerca de Irformación Reservada"). 6.- La aplicación de la sección de Firmas es opcional,dependiendo de las necesidades del consumidor, pero al contener temas de usuario de Negocio es importante la firma de éste.
B18: Nota acerca de Información Reservada Es reponsabilidad de cada requisitador la identificación de la información que se genere en este formato y así determinar si se cuenta con causas que originen la reserva de la misma, apegándose estrictamente a lo señalado en los ordenamientos jurídicos vigentes en materia de Transparencia. En caso de detectar información sensible (Reservada), se tendrá que indicar en la sección u hoja que lo amerite de este documento, en la parte inferior del texto, con la siguiente señalización: [Área dueña de la Información XX, clasificada como Reservada con Fundamento Legal XX, Motivación XX, Fecha de clasificación XX y Periodo de la reserva XX]. Ejemplo: "La información contenida en este documento pertenece a la Administración Central de Soluciones de Negocio, teniendo carácter de Reservada a partir del 01 de abril de 2018, con un periodo de reserva de 5 años, por tratarse de información que de revelarse puede causar un serio perjuicio a la recaudación de las contribuciones. Lo anterior tiene su fundamento en el artículo 113, fracción IV, de la Ley General de Transparencia y Acceso a la Información Pública."
B20: Hoja | D20: Descripción
B21: Casos de Prueba | D21: Esta hoja se utiliza para la documentación detallada de los casos de pruebas que serán utilizados en la ejecución de pruebas.
D22: Registra varios casos de prueba, con la finalidad de agrupar en un solo documento una cantidad suficiente de casos que pueda ser aprovechada para la importación de casos de prueba en alguna herramienta automatizada, o bien, para obtener de ella la información de casos de prueba. También se utiliza para especificar los elementos donde se emplearán los datos (Datos de Prueba)
D23: Criterios de Aceptación
D24: • El documento es utilizado de acuerdo al formato establecido. El documento cumple con el Marco Documental vigente. • El documento no contiene faltas de ortografía. • Cuando no se llene un renglón-columna, se deberá especificar el motivo por el cual no se registra la información, conteniendo al menos un "N/A". Ningún campo debe estar vacío. ●No se combinan celdas (exceptuando la sección de firmas) ●No incluye fórmulas en ningún renglón-columna • El documento describe detalladamente paso a paso las actividades a seguir para la validación de requerimientos del sistema. • El documento describe en cada paso una acción y una respuesta esperada que puede ser evaluada. El documento está firmado por los responsables del llenado, incluyendo por el negocio cuando participa en la autorización.
B26: Hoja | D26: Descripción
B27: Ambientes Requeridos | D27: Registra elementos de información sobre repositorios y ambientes necesarios para las pruebas y sus características, relacionadas con criterios que debe cubrir la información que se requiere para las pruebas; cantidad de datos requeridos para la ejecución de la prueba; datos o campos solicitados; condiciones que se deben cubrir para la extracción de datos y comentarios adicionales.
D28: Criterios de Aceptación
D29: * El documento es utilizado de acuerdo al formato establecido. * El documento cumple con el Marco Documental vigente. * El documento no contiene faltas de ortografía. * Cuando no se llene un renglón-columna, se deberá especificar el motivo por el cual no se registra la información, conteniendo al menos un "N/A". Ningún campo debe estar vacío. * El documento está firmado por los responsables del llenado, incluyendo por el negocio cuando participa en la autorización.
B31: Hoja | D31: Descripción
B32: Interfaz de Usuario | D32: Esta hoja aplica por la naturaleza de la solución tecnológica integrada que haya sido requerida. Se utiliza para validar que se cumplan los criterios definidos para la Interfaz de Usuario, incluyendo la aplicación y verificación de los Lineamientos Gráficos del SIAT, cuando sea el caso.
D33: Se detallan los puntos a validar de interfaz de usuario (interfaz gráfica) de las aplicaciones, como encabezados, pie de página, colores, alineación, etiquetas, listas desplegables, áreas de búsqueda, etc, etc.
D34: Criterios de Aceptación
D35: • El documento es utilizado de acuerdo al formato establecido. • El documento no contiene faltas de ortografía. • Cuando no se llene un renglón-columna, se deberá especificar el motivo por el cual no se registra la información. • Cada una de las características consideradas en esta pestaña estarán asociadas al contenido del artefacto "Especificación de Interacción de Usuario", en caso de ajustes o situaciones que expongan desviación al documento en comento, deberá ajustarse. • Cada defecto detectado deberá registrarse en la herramienta correspondiente para su atención y cierre.
B37: Hoja | D37: Descripción
B38: Cobertura | D38: Esta hoja se utiliza para identificar y detallar la cobertura de la prueba basada en complejidad ciclomática, para asegurar que se diseñen tantos casos de prueba como sean necesarios para que cada condición se ejecute al menos una vez con un valor verdadero, y al menos una vez uno falso.
D40: Criterios de Aceptación
D41: • El documento es utilizado de acuerdo al formato establecido. • El documento no contiene faltas de ortografía. • Cuando no se llene un renglón-columna, se deberá especificar el motivo por el cual no se registra la información. • El documento describe detalladamente los escenarios de prueba necesarios para que cada condición se ejecute al menos una vez con un valor verdadero y al menos una vez uno falso.
B43: Hoja | D43: Descripción
B44: Encabezado_Imagen | D44: En artefactos tipo Excel, la inserción del Encabezado como imagen en el mismo documento, puede hacerse como una alternativa cuando por la naturaleza y cantidad de información registrada en él, se hace necesario ampliar significativamente el tamaño de las celdas, ocasionando con ello distorsión o inadecuada distribución de la estructura del Encabezado del artefacto. Si ese fuera el caso, en esta hoja puede configurarse el Encabezado del artefacto y después insertarlo como imagen en cualquier otra sección del mismo, siguiendo las instrucciones allí descritas.
B46: Hoja | D46: Descripción
B47: Firmas Conformidad_Imagen | D47: En artefactos tipo Excel, la inserción de la Sección FIRMAS DE CONFORMIDAD como imagen en el mismo documento, puede hacerse como una alternativa cuando por la naturaleza y cantidad de información registrada en él, se hace necesario ampliar significativamente el tamaño de las celdas, ocasionando con ello distorsión o inadecuada distribución de la estructura de la sección de firmas localizada en la parte inferior del artefacto. Si ese fuera el caso, en esta hoja puede capturarse la información de las personas que participan en la elaboración y aprobación del artefacto, y después insertarla como imagen en cualquier otra sección del documento, siguiendo los pasos que allí se describen.

Sheet Versionamiento
B12: Tabla de Versiones y Modificaciones
B13: En la tabla siguiente se deben listar las versiones y descripciones hechas a este documento, desde el momento de su creación y cada vez que se llene y/o actualice alguna de sus pestañas. La descripción debe incluir una síntesis del cambio hecho.
B14: Para la Versión, especificar un número entero consecutivo, iniciando con 1 para la creación del documento e incrementar en decimales conforme se actualice (1.1, 1.2, 1.3, Etc.). Al terminarlo, especificar la versión final para firma, en caso necesario.
B15: Para futuros proyectos donde este documento se reutilice, el versionamiento reiniciará en versión 2, incrementando las actualizaciones igualmente con decimales (2.1, 2.2, 2.3, etc.). Posteriores reutilizaciones iniciarían entonces con versión 3, 4, etc.
C19: Versión | D19: Descripción del Cambio | E19: Responsable de la Versión | F19: Fecha
C20: 0.1 | D20: Creación del documento. | E20: Alma Quetzabeth Torres González | F20: 45604
C21: 0.2 | D21: Ajustes Se agregar "Recuperar descargas Detalle de consulta de incidencias" | E21: Alma Quetzabeth Torres González | F21: 45607
C22: 1 | D22: Versión aprobada para firma | E22: Alma Quetzabeth Torres González Mario Alberto Huerta Velázquez Roberto Benjamín Monroy Vargas

Sheet ListadoCP
B10: Portal Consulta de Incidentes
B11: Casos de Prueba
B13: 1.- Seguridad
B14: CP01/Autenticación
B15: CP02/Autenticación_Cer_Key_Incorrecto
B16: CP03/Autenticación_Contraseña_Incorrecto
B17: CP04/Inactividad
B18: CP05/Salir
B19: =COUNTA(B14:B18) -> 5
B20: 2.- CFDI - Consulta incidentes CFDI - Incidentes Servicio de Recepción
B21: CP06/FolioFiscalConsulta
B22: CP07/MsgErrorConsultaCFDIVacio
B23: CP08/MsgErrorConsultaCFDIFormatoIncorrecto
B24: CP09/MsgErrorConsultaCFDIRetenciones
B25: CP10/FolioFiscalExportarPDF
B26: CP11/FolioFiscalExportarJSON
B27: CP12/FechaConsulta
B28: CP13/FechaMsgErrorConsultaRangoFecha
B29: CP14/FechaExportarPDF
B30: CP15/FechaExportarJSON
B31: =COUNTA(B21:B30) -> 10
B32: 3.- CFDI RETENCIONES - Consulta incidentes CFDI - Incidentes Servicio de Recepción
B33: CP16/Retenciones/FolioFiscalConsulta
B34: CP17/Retenciones/MsgErrorConsultaCFDIRetVacio
B35: CP18/Retenciones/MsgErrorConsultaCFDIRetFormatoIncorrecto
B36: CP19/MsgErrorConsultaCFDIv4.0
B37: CP20/Retenciones/FolioFiscalExportarPDF
B38: CP21/Retenciones/FolioFiscalExportarJSON
B39: CP22/Retenciones/FechaConsulta
B40: CP23/Retenciones/FechaMsgErrorConsultaRangoFecha
B41: CP24/Retenciones/FechaExportarPDF
B42: CP25/Retenciones/FechaExportarJSON
B43: =COUNTA(B33:B42) -> 10
B44: 4.- Recuperar descargas Detalle de consulta de incidencias’
B45: CP26/Recuperar descargas Detalle de consulta de incidencias/Sin Peticiones
B46: CP27/Recuperar descargas Detalle de consulta de incidencias/Descargar
B47: =COUNTA(B45:B46) -> 2
B48: 5.- Recuperar descargas Detalle de consulta de incidencias’
B49: CP28/Retenciones/FechaExportarPDFmas100Registros
B50: CP29/Retenciones/FechaExportarJSONmas100Registros
B51: CP30/FechaExportarPDFmas100Registros
B52: CP31/FechaExportarJSONmas100Registros
B53: =COUNTA(B49:B52) -> 4
B54: 6.- Lineamientos grfaficos’
B55: CP32/Lineamientos Gráficos/Encabezado
B56: CP33/Lineamientos Gráficos/Pie de página
B57: =COUNTA(B55:B56) -> 2
B59: 7.- Sin PAC
B60: CP34/FechaConsulta/SinPAC
B61: CP35/Retenciones/FechaConsulta/SinPAC
B62: =COUNTA(B60:B61) -> 2

Sheet Casos de Prueba
D10: Casos de Prueba
A12: Código del Aplicativo:
A13: ID de Requerimiento: | C13: 8211
A14: Nombre de Requerimiento: | C14: Consulta de incidentes registrado en recepción
A15: [Fase: Análisis] [Etapa: Especificación Funcional] (ACSN)
A17: ID del Caso | B17: CP | C17: Nombre del Caso | D17: Paso | E17: Descripción de Paso | F17: Resultado Esperado | G17: Comentarios | H17: Perfil de usuario para su ejecución | I17: Datos de Prueba | J17: Resultado
B18: CP01 | C18: /Autenticación
A19: POL_8211\Recepción_Consulta_Incidentes_CFDI | C19: /Autenticación | D19: 1 | E19: Usuario abre explorador | H19: Contribuyente | I19: e.firma vigentes
A20: POL_8211\Recepción_Consulta_Incidentes_CFDI | C20: /Autenticación | D20: 2 | E20: Usuario ingresa a la URL correspondiente al Portal | F20: Se muestran los datos para ingresar: Certificado (.cer) Clave privada (.Key) Contraseña de clave privada: Se muestra el campo RFC | G20: Se requiere que el usuario al ingresar al aplicativo cuente con una opción que le permita autenticarse mediante su e.firma para lo cual: • Se deberá visualizar el componente para el firmado electrónico, el cual debe apegarse a los lineamientos institucionales vigentes por el área de Seguridad del SAT. • Se solicitarán los archivos del certificado, clave privada y contraseña vigentes. • Se mostrarán los mensajes de validación de los campos proporcionados por el empleado conforme a los lineamientos institucionales vigentes por el área de Seguridad del SAT. | I20: El Usuario de negocio debe tener asignado el rol
A21: POL_8211\Recepción_Consulta_Incidentes_CFDI | C21: /Autenticación | D21: 3 | E21: Usuario da clic en buscar y selecciona el archivo correspondiente a su certificado | F21: Se muestra el dato en el campo certificado y en el campo RFC el dato del RFC del empleado
A22: POL_8211\Recepción_Consulta_Incidentes_CFDI | C22: /Autenticación | D22: 4 | E22: Usuario da clic en buscar y selecciona el archivo correspondiente a su clave privada | F22: Se muestra el dato en el campo clave privada
A23: POL_8211\Recepción_Consulta_Incidentes_CFDI | C23: /Autenticación | D23: 5 | E23: Usuario ingresa su contraseña | F23: Se muestra oculto el dato en el campo contraseña
A24: POL_8211\Recepción_Consulta_Incidentes_CFDI | C24: /Autenticación | D24: 6 | E24: Da clic en enviar | F24: Si la autenticación es correcta, el aplicativo abre la página principal del Portal de Incidencias con las opciones: - Consulta incidentes CFDI - Consulta incidentes CFDI Retenciones - Recuperar descargas Detalle de cosulta de incidencias | G24: En caso de que el empleado no cuente con los permisos asignados conforme a los roles establecidos, el aplicativo mostrará el mensaje: “El Usuario no cuenta con los privilegios de acceso” y no se va a permitir su acceso.
B25: CP02 | C25: /Autenticación_Cer_Key_Incorrecto
A26: POL_8211\Recepción_Consulta_Incidentes_CFDI | C26: /Autenticación_Cer_Key_Incorrecto | D26: 1 | E26: Usuario abre explorador | H26: Contribuyente | I26: e.firma vigentes
A27: POL_8211\Recepción_Consulta_Incidentes_CFDI | C27: /Autenticación_Cer_Key_Incorrecto | D27: 2 | E27: Usuario ingresa a la URL correspondiente al Portal | F27: Se muestran los datos para ingresar: Certificado (.cer) Clave privada (.Key) Contraseña de clave privada: Se muestra el campo RFC | I27: El Usuario de negocio debe tener asignado el rol Para efectos de este caso de prueba se requiere un archivo .cer o un archivo .Key sean incorrectos.
A28: POL_8211\Recepción_Consulta_Incidentes_CFDI | C28: /Autenticación_Cer_Key_Incorrecto | D28: 3 | E28: Usuario da clic en buscar y selecciona el archivo correspondiente a su certificado | F28: Se muestra el dato en el campo certificado y en el campo RFC el dato del RFC del empleado | G28: El Usuario previamente se autenticó y accedió al portal
A29: POL_8211\Recepción_Consulta_Incidentes_CFDI | C29: /Autenticación_Cer_Key_Incorrecto | D29: 4 | E29: Usuario da clic en buscar y selecciona el archivo correspondiente a su clave privada | F29: Se muestra el dato en el campo clave privada
A30: POL_8211\Recepción_Consulta_Incidentes_CFDI | C30: /Autenticación_Cer_Key_Incorrecto | D30: 5 | E30: Usuario ingresa su contraseña | F30: Se muestra oculto el dato en el campo contraseña
A31: POL_8211\Recepción_Consulta_Incidentes_CFDI | C31: /Autenticación_Cer_Key_Incorrecto | D31: 6 | E31: Da clic en enviar | F31: El sistema muestra mensaje: El certificado no corresponde con la llave privada. Y no permite el acceso al Portal de Incidentes
B32: CP03 | C32: /Autenticación_Contraseña_Incorrecto
A33: POL_8211\Recepción_Consulta_Incidentes_CFDI | C33: /Autenticación_Contraseña_Incorrecto | D33: 1 | E33: Usuario abre explorador | H33: Contribuyente | I33: e.firma vigentes
A34: POL_8211\Recepción_Consulta_Incidentes_CFDI | C34: /Autenticación_Contraseña_Incorrecto | D34: 2 | E34: Usuario ingresa a la URL correspondiente al Portal | F34: Se muestran los datos para ingresar: Certificado (.cer) Clave privada (.Key) Contraseña de clave privada: Se muestra el campo RFC | I34: El Usuario de negocio debe tener asignado el rol Para efectos de este caso de prueba se requiere ingresar una contraseña incorrecta.
A35: POL_8211\Recepción_Consulta_Incidentes_CFDI | C35: /Autenticación_Contraseña_Incorrecto | D35: 3 | E35: Usuario da clic en buscar y selecciona el archivo correspondiente a su certificado | F35: Se muestra el dato en el campo certificado y en el campo RFC el dato del RFC del empleado
A36: POL_8211\Recepción_Consulta_Incidentes_CFDI | C36: /Autenticación_Contraseña_Incorrecto | D36: 4 | E36: Usuario da clic en buscar y selecciona el archivo correspondiente a su clave privada | F36: Se muestra el dato en el campo clave privada
A37: POL_8211\Recepción_Consulta_Incidentes_CFDI | C37: /Autenticación_Contraseña_Incorrecto | D37: 5 | E37: Usuario ingresa su contraseña incorrecta | F37: Se muestra oculto el dato en el campo contraseña
A38: POL_8211\Recepción_Consulta_Incidentes_CFDI | C38: /Autenticación_Contraseña_Incorrecto | D38: 6 | E38: Da clic en enviar | F38: El sistema muestra mensaje: Certificado, clave privada o contraseña de clave privada inválidos, inténtelo nuevamente.
B39: CP04 | C39: /Inactividad
A40: POL_8211\Recepción_Consulta_Incidentes_CFDI | C40: /Inactividad | D40: 1 | E40: Usuario ingresa al Portal de Incidentes | F40: El sistema muestra las siguientes opciones: - Consulta incidentes CFDI - Consulta incidentes CFDI Retenciones -Recuperar descargas Detalle de consulta de incidencias’ | G40: El Usuario previamente se autenticó y accedió al portal de Incidentes | H40: Contribuyente RFC Autenticado | I40: e.firma vigentes El Usuario de negocio debe tener asignado el rol Comprobante Fiscal CFDI versión 4.0
A41: POL_8211\Recepción_Consulta_Incidentes_CFDI | C41: /Inactividad | D41: 2 | E41: Da clic en "Consulta incidentes CFDI" | F41: El sistema muestra el RFC del empleado autenticado con la opción Salir. El sistema muestra las opciones: .Tipo de consulta Opción: Folio Fiscal* .Folio Fiscal Digital Opción: Por Fechas .Fecha Inicial de Recepción* .Fecha Final de Recepción* .Versión del comprobante (El valor es por default) .PAC Botón "Consultar Incidentes"
A42: POL_8211\Recepción_Consulta_Incidentes_CFDI | C42: /Inactividad | D42: 3 | E42: Dejar la sesión abierta | F42: La sesión debe cerrarse de forma automática cuando esta se encuentre inactiva por el usuario y permanezca abierta en un plazo mayor a 10 minutos Se muestra el siguiente mensaje: "Ha salido de la sesión. Se recomienda que cierre el navegador para completar la terminación de esta sesión"
B43: CP05 | C43: /Salir
A44: POL_8211\Recepción_Consulta_Incidentes_CFDI | C44: /Salir | D44: 1 | E44: Usuario ingresa al Portal de Incidentes | F44: El sistema muestra las siguientes opciones: - Consulta Incidentes CFDI - Consulta Incidentes CFDI de Retenciones -Recuperar descargas Detalle de consulta de incidencias’ | G44: El Usuario previamente se autenticó y accedió al portal de Cancelaciones | H44: RFC Autenticado | I44: Comprobante Fiscal CFDI versión 4.0
A45: POL_8211\Recepción_Consulta_Incidentes_CFDI | C45: /Salir | D45: 2 | E45: Da clic en "Consulta Incidentes CFDI" | F45: El sistema muestra el RFC del empleado autenticado con la opción Salir. El sistema muestra las opciones: .Tipo de consulta Opción: Folio Fiscal*Tooltip .Folio Fiscal Digital Opción: Por Fechas .Fecha Inicial de Recepción* .Fecha Final de Recepción* .Versión del comprobante (El valor es por default) .PAC Botón "Consultar Incidentes"
A46: POL_8211\Recepción_Consulta_Incidentes_CFDI | C46: /Salir | D46: 3 | E46: Da clic en Cerrar Sesion | F46: Cierra la sesión del RFC
B47: CP06 | C47: /FolioFiscalConsulta
A48: POL_8211\Recepción_Consulta_Incidentes_CFDI | C48: /FolioFiscalConsulta | D48: 1 | E48: Usuario ingresa al Portal de Incidentes | F48: El sistema muestra las siguientes opciones: - Consulta incidentes CFDI - Consulta incidentes CFDI Retenciones -Recuperar descargas Detalle de consulta de incidencias’ | G48: El Usuario previamente se autenticó y accedió al portal de Incidentes | H48: Contribuyente RFC Autenticado | I48: e.firma vigentes El Usuario de negocio debe tener asignado el rol Para este caso de prueba se requiere un Comprobante Fiscal CFDI versión 4.0
A49: POL_8211\Recepción_Consulta_Incidentes_CFDI | C49: /FolioFiscalConsulta | D49: 2 | E49: Da clic en "Consulta incidentes CFDI" | F49: El sistema muestra el RFC del empleado autenticado con la opción Salir. El sistema muestra las opciones: Tipo de consulta Lista desplegable (Opciones inhabilitadas) Folio Fiscal Por Fechas Fecha Inicial de Recepción* Fecha Final de Recepción* Versión del comprobante (Valor es por default 4.0) PAC Botón "Consultar Incidentes"
A50: POL_8211\Recepción_Consulta_Incidentes_CFDI | C50: /FolioFiscalConsulta | D50: 3 | E50: Selecciona en el campo "Tipo de Consulta": Incidentes Servicio de Recepción | F50: El sistema muestra las opciones: Los campos marcados con (*) son obligatorios Tipo de consulta: Incidentes Servicio de Recepción Opción: Folio Fiscal Textbox: Folio Fiscal Digital* Opción: Por Fechas Tooltip Checkbox (Comprobantes Rechazados). Fecha Inicial de Recepción* Fecha Final de Recepción* PAC Botón "Consultar Incidentes" | G50: Al seleccionar la opción por Folio Fiscal y al colocar el cursor en el tooltip “?” el sistema deberá mostrar el siguiente mensaje y el sistema aplicará lo que menciona el mismo: "En esta opción sólo se podrán visualizar las incidencias de los comprobantes que fueron recibidos" Version por default 4.0
A51: POL_8211\Recepción_Consulta_Incidentes_CFDI | C51: /FolioFiscalConsulta | D51: 4 | E51: Selecciona el campo Folio Fiscal e ingresa el UUID del comprobante del cual se desea conocer los incidentes registrados | F51: El sistema muestra los datos que se van ingresando
A52: POL_8211\Recepción_Consulta_Incidentes_CFDI | C52: /FolioFiscalConsulta | D52: 5 | E52: Se da clic en el botón "Consultar Incidentes" | F52: El servicio inhabilita la sección de Fecha Inicial y Final de Recepción. El sistema deberá mostrar en una tabla los resultados obtenidos de la consulta: • RFC del PAC • Nombre o Razón Social • Evento • Mensaje • Total • Detalle (Boton)
A53: POL_8211\Recepción_Consulta_Incidentes_CFDI | C53: /FolioFiscalConsulta | D53: 6 | E53: Da clic en Cerrar Sesion | F53: Cierra la sesión del RFC | G53: Fin del caso
B54: CP07 | C54: /MsgErrorConsultaCFDIVacio
A55: POL_8211\Recepción_Consulta_Incidentes_CFDI | C55: /MsgErrorConsultaCFDIVacio | D55: 1 | E55: Usuario ingresa al Portal de Incidentes | F55: El sistema muestra las siguientes opciones: - Consulta incidentes CFDI - Consulta incidentes CFDI Retenciones -Recuperar descargas Detalle de consulta de incidencias’ | G55: El Usuario previamente se autenticó y accedió al portal de Incidentes | H55: Contribuyente RFC Autenticado | I55: e.firma vigentes El Usuario de negocio debe tener asignado el rol Para este caso de prueba no se ingresa un Comprobante Fiscal CFDI versión 4.0
A56: POL_8211\Recepción_Consulta_Incidentes_CFDI | C56: /MsgErrorConsultaCFDIVacio | D56: 2 | E56: Da clic en "Consulta incidentes CFDI" | F56: El sistema muestra el RFC del empleado autenticado con la opción Salir. El sistema muestra las opciones: Tipo de consulta Lista desplegable (Opciones inhabilitadas) Folio Fiscal Por Fechas Fecha Inicial de Recepción* Fecha Final de Recepción* Versión del comprobante (Valor es por default 4.0) PAC Botón "Consultar Incidentes"
A57: POL_8211\Recepción_Consulta_Incidentes_CFDI | C57: /MsgErrorConsultaCFDIVacio | D57: 3 | E57: Selecciona en el campo "Tipo de Consulta": Incidentes Servicio de Recepción | F57: El sistema muestra las opciones: Los campos marcados con (*) son obligatorios Tipo de consulta: Incidentes Servicio de Recepción Opción: Folio Fiscal Textbox: Folio Fiscal Digital* Opción: Por Fechas Tooltip Checkbox (Comprobantes Rechazados). Fecha Inicial de Recepción* Fecha Final de Recepción* PAC Botón "Consultar Incidentes" | G57: Al seleccionar la opción por Folio Fiscal y al colocar el cursor en el tooltip “?” el sistema deberá mostrar el siguiente mensaje y el sistema aplicará lo que menciona el mismo: "En esta opción sólo se podrán visualizar las incidencias de los comprobantes que fueron recibidos" Version por default 4.0
A58: POL_8211\Recepción_Consulta_Incidentes_CFDI | C58: /MsgErrorConsultaCFDIVacio | D58: 4 | E58: Se da clic en el botón "Consultar Incidentes" Nota: Para este caso de prueba no se ingresa el valor del Folio Fiscal | F58: El aplicativo muestra el siguiente mensaje “ERROR: Favor de ingresar el folio fiscal”.
A59: POL_8211\Recepción_Consulta_Incidentes_CFDI | C59: /MsgErrorConsultaCFDIVacio | D59: 5 | E59: Da clic en Cerrar Sesion | F59: Cierra la sesión del RFC | G59: Fin del caso
B60: CP08 | C60: /MsgErrorConsultaCFDIFormatoIncorrecto
A61: POL_8211\Recepción_Consulta_Incidentes_CFDI | C61: /MsgErrorConsultaCFDIFormatoIncorrecto | D61: 1 | E61: Usuario ingresa al Portal de Incidentes | F61: El sistema muestra las siguientes opciones: - Consulta incidentes CFDI - Consulta incidentes CFDI Retenciones -Recuperar descargas Detalle de consulta de incidencias’ | G61: El Usuario previamente se autenticó y accedió al portal de Incidentes | H61: Contribuyente RFC Autenticado | I61: e.firma vigentes El Usuario de negocio debe tener asignado el rol Para este caso de prueba se ingresa un Comprobante Fiscal CFDI versión 4.0 con formato incorrecto
A62: POL_8211\Recepción_Consulta_Incidentes_CFDI | C62: /MsgErrorConsultaCFDIFormatoIncorrecto | D62: 2 | E62: Da clic en "Consulta incidentes CFDI" | F62: El sistema muestra el RFC del empleado autenticado con la opción Salir. El sistema muestra las opciones: Tipo de consulta Lista desplegable (Opciones inhabilitadas) Folio Fiscal Por Fechas Fecha Inicial de Recepción* Fecha Final de Recepción* Versión del comprobante (Valor es por default 4.0) PAC Botón "Consultar Incidentes"
A63: POL_8211\Recepción_Consulta_Incidentes_CFDI | C63: /MsgErrorConsultaCFDIFormatoIncorrecto | D63: 3 | E63: Selecciona en el campo "Tipo de Consulta": Incidentes Servicio de Recepción | F63: El sistema muestra las opciones: Los campos marcados con (*) son obligatorios Tipo de consulta: Incidentes Servicio de Recepción Opción: Folio Fiscal Textbox: Folio Fiscal Digital* Opción: Por Fechas Tooltip Checkbox (Comprobantes Rechazados). Fecha Inicial de Recepción* Fecha Final de Recepción* PAC Botón "Consultar Incidentes" | G63: Al seleccionar la opción por Folio Fiscal y al colocar el cursor en el tooltip “?” el sistema deberá mostrar el siguiente mensaje y el sistema aplicará lo que menciona el mismo: "En esta opción sólo se podrán visualizar las incidencias de los comprobantes que fueron recibidos" Version por default 4.0
A64: POL_8211\Recepción_Consulta_Incidentes_CFDI | C64: /MsgErrorConsultaCFDIFormatoIncorrecto | D64: 4 | E64: Selecciona el campo Folio Fiscal e ingresa el UUID del comprobante el cual no cumple con la estructura y selecciona la opción "Consultar Incidentes". | F64: El aplicativo muestra el siguiente mensaje: • “ERROR: El Folio Fiscal no cumple con el formato correcto, favor de ingresarlo nuevamente”.
A65: POL_8211\Recepción_Consulta_Incidentes_CFDI | C65: /MsgErrorConsultaCFDIFormatoIncorrecto | D65: 5 | E65: Da clic en Cerrar Sesion | F65: Cierra la sesión del RFC | G65: Fin del caso
B66: CP09 | C66: /MsgErrorConsultaCFDIRetenciones
A67: POL_8211\Recepción_Consulta_Incidentes_CFDI | C67: /MsgErrorConsultaCFDIRetenciones | D67: 1 | E67: Usuario ingresa al Portal de Incidentes | F67: El sistema muestra las siguientes opciones: - Consulta incidentes CFDI - Consulta incidentes CFDI Retenciones -Recuperar descargas Detalle de consulta de incidencias’ | G67: El Usuario previamente se autenticó y accedió al portal de Incidentes | H67: Contribuyente RFC Autenticado | I67: e.firma vigentes El Usuario de negocio debe tener asignado el rol Para esta prueba se requiere un Comprobante Fiscal CFDI de Retenciones versión 2.0
A68: POL_8211\Recepción_Consulta_Incidentes_CFDI | C68: /MsgErrorConsultaCFDIRetenciones | D68: 2 | E68: Da clic en "Consulta incidentes CFDI" | F68: El sistema muestra el RFC del empleado autenticado con la opción Salir. El sistema muestra las opciones: Tipo de consulta Lista desplegable (Opciones inhabilitadas) Folio Fiscal Por Fechas Fecha Inicial de Recepción* Fecha Final de Recepción* Versión del comprobante (Valor es por default 4.0) PAC Botón "Consultar Incidentes"
A69: POL_8211\Recepción_Consulta_Incidentes_CFDI | C69: /MsgErrorConsultaCFDIRetenciones | D69: 3 | E69: Selecciona en el campo "Tipo de Consulta": Incidentes Servicio de Recepción | F69: El sistema muestra las opciones: Los campos marcados con (*) son obligatorios Tipo de consulta: Incidentes Servicio de Recepción Opción: Folio Fiscal Textbox: Folio Fiscal Digital* Opción: Por Fechas Tooltip Checkbox (Comprobantes Rechazados). Fecha Inicial de Recepción* Fecha Final de Recepción* PAC Botón "Consultar Incidentes" | G69: Al seleccionar la opción por Folio Fiscal y al colocar el cursor en el tooltip “?” el sistema deberá mostrar el siguiente mensaje y el sistema aplicará lo que menciona el mismo: "En esta opción sólo se podrán visualizar las incidencias de los comprobantes que fueron recibidos"
A70: POL_8211\Recepción_Consulta_Incidentes_CFDI | C70: /MsgErrorConsultaCFDIRetenciones | D70: 4 | E70: Selecciona el campo Folio Fiscal e ingresa el UUID del comprobante y es de tipo CFDI de Retenciones y selecciona la opción "Consultar Incidentes". | F70: El aplicativo muestra el siguiente mensaje: “ERROR: El Folio Fiscal que desea consultar no se encuentra en la BD”. Nota: Este mensaje de error aparece porque se quiere consultar un comprobante CFDI de Retenciones.
A71: POL_8211\Recepción_Consulta_Incidentes_CFDI | C71: /MsgErrorConsultaCFDIRetenciones | D71: 5 | E71: Da clic en Cerrar Sesion | F71: Cierra la sesión del RFC | G71: Fin del caso
B72: CP10 | C72: /FolioFiscalExportarPDF
A73: POL_8211\Recepción_Consulta_Incidentes_CFDI | C73: /FolioFiscalExportarPDF | D73: 1 | E73: Usuario ingresa al Portal de Incidentes | F73: El sistema muestra las siguientes opciones: - Consulta incidentes CFDI - Consulta incidentes CFDI Retenciones -Recuperar descargas Detalle de consulta de incidencias’ | G73: El Usuario previamente se autenticó y accedió al portal de Incidentes | H73: Contribuyente RFC Autenticado | I73: e.firma vigentes El Usuario de negocio debe tener asignado el rol Para este caso de prueba se requiere un Comprobante Fiscal CFDI versión 4.0
A74: POL_8211\Recepción_Consulta_Incidentes_CFDI | C74: /FolioFiscalExportarPDF | D74: 2 | E74: Da clic en "Consulta incidentes CFDI" | F74: El sistema muestra el RFC del empleado autenticado con la opción Salir. El sistema muestra las opciones: Tipo de consulta Lista desplegable (Opciones inhabilitadas) Folio Fiscal Por Fechas Fecha Inicial de Recepción* Fecha Final de Recepción* Versión del comprobante (Valor es por default 4.0) PAC Botón "Consultar Incidentes"
A75: POL_8211\Recepción_Consulta_Incidentes_CFDI | C75: /FolioFiscalExportarPDF | D75: 3 | E75: Selecciona en el campo "Tipo de Consulta": Incidentes Servicio de Recepción | F75: El sistema muestra las opciones: Los campos marcados con (*) son obligatorios Tipo de consulta: Incidentes Servicio de Recepción Opción: Folio Fiscal Textbox: Folio Fiscal Digital* Opción: Por Fechas Tooltip Checkbox (Comprobantes Rechazados). Fecha Inicial de Recepción* Fecha Final de Recepción* PAC Botón "Consultar Incidentes" | G75: Al seleccionar la opción por Folio Fiscal y al colocar el cursor en el tooltip “?” el sistema deberá mostrar el siguiente mensaje y el sistema aplicará lo que menciona el mismo: "En esta opción sólo se podrán visualizar las incidencias de los comprobantes que fueron recibidos" Version por default 4.0
A76: POL_8211\Recepción_Consulta_Incidentes_CFDI | C76: /FolioFiscalExportarPDF | D76: 4 | E76: Selecciona el campo Folio Fiscal e ingresa el UUID del comprobante del cual se desea conocer los incidentes registrados | F76: El sistema muestra los datos que se van ingresando
A77: POL_8211\Recepción_Consulta_Incidentes_CFDI | C77: /FolioFiscalExportarPDF | D77: 5 | E77: Se da clic en el botón "Consultar Incidentes" | F77: El servicio inhabilita la sección de Fecha Inicial y Final de Recepción. El sistema deberá mostrar en una tabla los resultados obtenidos de la consulta: • RFC del PAC • Nombre o Razón Social • Evento • Mensaje • Total • Detalle (Boton)
A78: POL_8211\Recepción_Consulta_Incidentes_CFDI | C78: /FolioFiscalExportarPDF | D78: 6 | E78: Selecciona el registro y dar clic en el boton de "Ver detalle" | F78: El sistema muestra una subpantalla con la siguiente información: • RFC PAC: El RFC del Proveedor. • Nombre o Razón Social: La razón social del Proveedor. • Clave de evento: Clave del evento de incidencia de recepción • Evento: Descripción del evento de incidencia de recepción. Tabla: (Registros de Incidentes) o UUID: Folio Fiscal de los comprobantes asociados al incidente o Fecha de registro del incidente: Fecha en que se recibió el incidente.* Botones: .Exportar Detalle a PDF .Exportar Resultados a JSON
A79: POL_8211\Recepción_Consulta_Incidentes_CFDI | C79: /FolioFiscalExportarPDF | D79: 7 | E79: Dar clic en el botón "Exportar Detalle a PDF" | F79: Al seleccionar este botón se debe generar una petición de descarga para los registros de incidentes que se muestran en la ventana ‘Detalle de Consulta’. Al seleccionar el botón ‘Exportar Detalle a PDF’ se debe mostrar que el PDF se encuentra en proceso de descarga.
A80: POL_8211\Recepción_Consulta_Incidentes_CFDI | C80: /FolioFiscalExportarPDF | D80: 8 | E80: Da clic en Cerrar Sesion | F80: Cierra la sesión del RFC | G80: Fin del caso
B81: CP11 | C81: /FolioFiscalExportarJSON
A82: POL_8211\Recepción_Consulta_Incidentes_CFDI | C82: /FolioFiscalExportarJSON | D82: 1 | E82: Usuario ingresa al Portal de Incidentes | F82: El sistema muestra las siguientes opciones: - Consulta incidentes CFDI - Consulta incidentes CFDI Retenciones -Recuperar descargas Detalle de consulta de incidencias’ | G82: El Usuario previamente se autenticó y accedió al portal de Incidentes | H82: Contribuyente RFC Autenticado | I82: e.firma vigentes El Usuario de negocio debe tener asignado el rol Para este caso de prueba se requiere un Comprobante Fiscal CFDI versión 4.0
A83: POL_8211\Recepción_Consulta_Incidentes_CFDI | C83: /FolioFiscalExportarJSON | D83: 2 | E83: Da clic en "Consulta incidentes CFDI" | F83: El sistema muestra el RFC del empleado autenticado con la opción Salir. El sistema muestra las opciones: Tipo de consulta Lista desplegable (Opciones inhabilitadas) Folio Fiscal Por Fechas Fecha Inicial de Recepción* Fecha Final de Recepción* Versión del comprobante (Valor es por default 4.0) PAC Botón "Consultar Incidentes"
A84: POL_8211\Recepción_Consulta_Incidentes_CFDI | C84: /FolioFiscalExportarJSON | D84: 3 | E84: Selecciona en el campo "Tipo de Consulta": Incidentes Servicio de Recepción | F84: El sistema muestra las opciones: Los campos marcados con (*) son obligatorios Tipo de consulta: Incidentes Servicio de Recepción Opción: Folio Fiscal Textbox: Folio Fiscal Digital* Opción: Por Fechas Tooltip Checkbox (Comprobantes Rechazados). Fecha Inicial de Recepción* Fecha Final de Recepción* PAC Botón "Consultar Incidentes" | G84: Al seleccionar la opción por Folio Fiscal y al colocar el cursor en el tooltip “?” el sistema deberá mostrar el siguiente mensaje y el sistema aplicará lo que menciona el mismo: "En esta opción sólo se podrán visualizar las incidencias de los comprobantes que fueron recibidos" Version por default 4.0
A85: POL_8211\Recepción_Consulta_Incidentes_CFDI | C85: /FolioFiscalExportarJSON | D85: 4 | E85: Selecciona el campo Folio Fiscal e ingresa el UUID del comprobante del cual se desea conocer los incidentes registrados | F85: El sistema muestra los datos que se van ingresando
A86: POL_8211\Recepción_Consulta_Incidentes_CFDI | C86: /FolioFiscalExportarJSON | D86: 5 | E86: Se da clic en el botón "Consultar Incidentes" | F86: El servicio inhabilita la sección de Fecha Inicial y Final de Recepción. El sistema deberá mostrar en una tabla los resultados obtenidos de la consulta: • RFC del PAC • Nombre o Razón Social • Evento • Mensaje • Total • Detalle (Boton)
A87: POL_8211\Recepción_Consulta_Incidentes_CFDI | C87: /FolioFiscalExportarJSON | D87: 6 | E87: Selecciona el registro y dar clic en el boton de "Ver detalle" | F87: El sistema muestra una subpantalla con la siguiente información: • RFC PAC: El RFC del Proveedor. • Nombre o Razón Social: La razón social del Proveedor. • Clave de evento: Clave del evento de incidencia de recepción • Evento: Descripción del evento de incidencia de recepción. Tabla: (Registros de Incidentes) o UUID: Folio Fiscal de los comprobantes asociados al incidente o Fecha de registro del incidente: Fecha en que se recibió el incidente.* Botones: .Exportar Detalle a PDF .Exportar Resultados a JSON
A88: POL_8211\Recepción_Consulta_Incidentes_CFDI | C88: /FolioFiscalExportarJSON | D88: 7 | E88: Dar clic en el botón "Exportar Resultados a JSON" | F88: Al seleccionar este botón se debe generar una petición de descarga para los registros de incidentes que se muestran en la ventana ‘Detalle de Consulta’ en formato JSON. Al seleccionar el botón ‘Exportar Detalle a JSON se debe mostrar que el JSON se encuentra en proceso de descarga.
A89: POL_8211\Recepción_Consulta_Incidentes_CFDI | C89: /FolioFiscalExportarJSON | D89: 8 | E89: Da clic en Cerrar Sesion | F89: Cierra la sesión del RFC | G89: Fin del caso
B90: CP12 | C90: /FechaConsulta
A91: POL_8211\Recepción_Consulta_Incidentes_CFDI | C91: /FechaConsulta | D91: 1 | E91: Usuario ingresa al Portal de Incidentes | F91: El sistema muestra las siguientes opciones: - Consulta incidentes CFDI - Consulta incidentes CFDI Retenciones -Recuperar descargas Detalle de consulta de incidencias’ | G91: El Usuario previamente se autenticó y accedió al portal de Incidentes | H91: Contribuyente RFC Autenticado | I91: e.firma vigentes El Usuario de negocio debe tener asignado el rol Para este caso de prueba se requiere uno o más comprobantes Fiscal CFDI versión 4.0
A92: POL_8211\Recepción_Consulta_Incidentes_CFDI | C92: /FechaConsulta | D92: 2 | E92: Da clic en "Consulta incidentes CFDI" | F92: El sistema muestra el RFC del empleado autenticado con la opción Salir. El sistema muestra las opciones: Tipo de consulta Lista desplegable (Opciones inhabilitadas) Folio Fiscal Por Fechas Fecha Inicial de Recepción* Fecha Final de Recepción* Versión del comprobante (Valor es por default 4.0) PAC Botón "Consultar Incidentes"
A93: POL_8211\Recepción_Consulta_Incidentes_CFDI | C93: /FechaConsulta | D93: 3 | E93: Selecciona en el campo "Tipo de Consulta": Incidentes Servicio de Recepción | F93: El sistema muestra las opciones: Los campos marcados con (*) son obligatorios Tipo de consulta: Incidentes Servicio de Recepción Opción: Folio Fiscal Textbox: Folio Fiscal Digital* Opción: Por Fechas Tooltip Checkbox (Comprobantes Rechazados). Fecha Inicial de Recepción* Fecha Final de Recepción* PAC Botón "Consultar Incidentes" | G93: Al seleccionar el botón para la consulta por periodo de fecha el sistema mostrará un Checkbox "Comprobantes Rechazados” y seleccionando esta opción solo se podrán visualizar los comprobantes que fueron rechazados por el servicio de recepción La consulta por fecha con el Checkbox desactivado, permitirá realizar solo la búsqueda de los comprobantes recibidos por el servicio de recepción Version por default 4.0
A94: POL_8211\Recepción_Consulta_Incidentes_CFDI | C94: /FechaConsulta | D94: 4 | E94: Seleccionar la opcion Por Fechas y agregar los valores: Campo Fecha Inicial de Recepción* Campo Fecha Final de Recepción.* PAC Los campos marcados con (*) son obligatorios Dar clic en el botón "Consultar Incidentes". | F94: El campo Folio Fiscal se deshabilita. El resultado de la consulta deberá mostrarse en una tabla con el título “Resultado de consulta” y la información: • RFC del PAC • Nombre o Razón Social • Evento • Mensaje • Total • Detalle(Boton) | G94: Importante mencionar que, el resultado se debe agrupar por tipo de error y presentarse de forma general,
A95: POL_8211\Recepción_Consulta_Incidentes_CFDI | C95: /FechaConsulta | D95: 5 | E95: Da clic en Cerrar Sesion | F95: Cierra la sesión del RFC | G95: Fin del caso
B96: CP13 | C96: /FechaMsgErrorConsultaRangoFecha
A97: POL_8211\Recepción_Consulta_Incidentes_CFDI | C97: /FechaMsgErrorConsultaRangoFecha | D97: 1 | E97: Usuario ingresa al Portal de Incidentes | F97: El sistema muestra las siguientes opciones: - Consulta incidentes CFDI - Consulta incidentes CFDI Retenciones -Recuperar descargas Detalle de consulta de incidencias’ | G97: El Usuario previamente se autenticó y accedió al portal de Incidentes | H97: Contribuyente RFC Autenticado | I97: e.firma vigentes El Usuario de negocio debe tener asignado el rol. Comprobante Fiscal CFDI versión 4.0
A98: POL_8211\Recepción_Consulta_Incidentes_CFDI | C98: /FechaMsgErrorConsultaRangoFecha | D98: 2 | E98: Da clic en "Consulta incidentes CFDI" | F98: El sistema muestra el RFC del empleado autenticado con la opción Salir. El sistema muestra las opciones: Tipo de consulta Lista desplegable (Opciones inhabilitadas) Folio Fiscal Por Fechas Fecha Inicial de Recepción* Fecha Final de Recepción* Versión del comprobante (Valor es por default 4.0) PAC Botón "Consultar Incidentes"
A99: POL_8211\Recepción_Consulta_Incidentes_CFDI | C99: /FechaMsgErrorConsultaRangoFecha | D99: 3 | E99: Selecciona en el campo "Tipo de Consulta": Incidentes Servicio de Recepción | F99: El sistema muestra las opciones: Los campos marcados con (*) son obligatorios Tipo de consulta: Incidentes Servicio de Recepción Opción: Folio Fiscal Textbox: Folio Fiscal Digital* Opción: Por Fechas Tooltip Checkbox (Comprobantes Rechazados). Fecha Inicial de Recepción* Fecha Final de Recepción* PAC Botón "Consultar Incidentes" | G99: Al seleccionar el botón para la consulta por periodo de fecha el sistema mostrará un Checkbox "Comprobantes Rechazados” y seleccionando esta opción solo se podrán visualizar los comprobantes que fueron rechazados por el servicio de recepción La consulta por fecha con el Checkbox desactivado, permitirá realizar solo la búsqueda de los comprobantes recibidos por el servicio de recepción Version por default 4.0
A100: POL_8211\Recepción_Consulta_Incidentes_CFDI | C100: /FechaMsgErrorConsultaRangoFecha | D100: 4 | E100: Seleccionar la opcion Por Fechas y agregar los valores: Campo Fecha Inicial de Recepción* Campo Fecha Final de Recepción.* PAC Los campos marcados con (*) son obligatorios Dar clic en el botón "Consultar Incidentes". Nota: Para este caso de prueba se debe seleccionar un rango mayor a un mes | F100: Cuando se ingrese un rango de fechas mayor a un mes y se seleccione el botón “Consultar Incidentes”, el aplicativo deberá mostrar el siguiente mensaje de error: • “ERROR: La consulta no debe ser mayor a un mes”. | G100: Importante mencionar que, el resultado se debe agrupar por tipo de error y presentarse de forma general, Campo "Versión del comprobante" por default tiene el valor 4.0 Al seleccionar el botón para la consulta por periodo de fecha de emisión, se debe deshabilitar el campo correspondiente a la consulta de Folio Fiscal. La consulta por fecha no deberá ser mayor a un mes. Por defecto, el valor que se mostrará en ambas fechas será del día en que el usuario de negocio ingresa al sistema.
A101: POL_8211\Recepción_Consulta_Incidentes_CFDI | C101: /FechaMsgErrorConsultaRangoFecha | D101: 5 | E101: Da clic en Cerrar Sesion | F101: Cierra la sesión del RFC | G101: Fin del caso
B102: CP14 | C102: /FechaExportarPDF
A103: POL_8211\Recepción_Consulta_Incidentes_CFDI | C103: /FechaExportarPDF | D103: 1 | E103: Usuario ingresa al Portal de Incidentes | F103: El sistema muestra las siguientes opciones: - Consulta incidentes CFDI - Consulta incidentes CFDI Retenciones -Recuperar descargas Detalle de consulta de incidencias’ | G103: El Usuario previamente se autenticó y accedió al portal de Incidentes | H103: Contribuyente RFC Autenticado | I103: e.firma vigentes Firma Electrónica del Usuario. El Usuario de negocio debe tener asignado el rol Para este caso de prueba se requiere uno o más Comprobantes Fiscal CFDI versión 4.0
A104: POL_8211\Recepción_Consulta_Incidentes_CFDI | C104: /FechaExportarPDF | D104: 2 | E104: Da clic en "Consulta incidentes CFDI" | F104: El sistema muestra el RFC del empleado autenticado con la opción Salir. El sistema muestra las opciones: Tipo de consulta Lista desplegable (Opciones inhabilitadas) Folio Fiscal Por Fechas Fecha Inicial de Recepción* Fecha Final de Recepción* Versión del comprobante (Valor es por default 4.0) PAC Botón "Consultar Incidentes"
A105: POL_8211\Recepción_Consulta_Incidentes_CFDI | C105: /FechaExportarPDF | D105: 3 | E105: Selecciona en el campo "Tipo de Consulta": Incidentes Servicio de Recepción | F105: El sistema muestra las opciones: Los campos marcados con (*) son obligatorios Tipo de consulta: Incidentes Servicio de Recepción Opción: Folio Fiscal Textbox: Folio Fiscal Digital* Opción: Por Fechas Tooltip Checkbox (Comprobantes Rechazados). Fecha Inicial de Recepción* Fecha Final de Recepción* PAC Botón "Consultar Incidentes" | G105: Al seleccionar el botón para la consulta por periodo de fecha el sistema mostrará un Checkbox "Comprobantes Rechazados” y seleccionando esta opción solo se podrán visualizar los comprobantes que fueron rechazados por el servicio de recepción La consulta por fecha con el Checkbox desactivado, permitirá realizar solo la búsqueda de los comprobantes recibidos por el servicio de recepción Version por default 4.0
A106: POL_8211\Recepción_Consulta_Incidentes_CFDI | C106: /FechaExportarPDF | D106: 4 | E106: Seleccionar la opcion Por Fechas y agregar los valores: Campo Fecha Inicial de Recepción* Campo Fecha Final de Recepción.* PAC Los campos marcados con (*) son obligatorios Dar clic en el botón "Consultar Incidentes". | F106: El campo Folio Fiscal se deshabilita. El resultado de la consulta deberá mostrarse en una tabla con el título “Resultado de consulta” y la información: • RFC del PAC • Nombre o Razón Social • Evento • Mensaje • Total • Detalle(Boton) | G106: Importante mencionar que, el resultado se debe agrupar por tipo de error y presentarse de forma general, Version por default 4.0
A107: POL_8211\Recepción_Consulta_Incidentes_CFDI | C107: /FechaExportarPDF | D107: 5 | E107: De los resultados, se selecciona un registro y se da clic en el boton de "Ver detalle". | F107: El sistema muestra una subpantalla con la siguiente información: • RFC PAC: El RFC del Proveedor. • Nombre o Razón Social: La razón social del Proveedor. • Clave de evento: Clave del evento de incidencia de recepción • Evento: Descripción del evento de incidencia de recepción. Tabla: (Registros de Incidentes) o UUID: Folio Fiscal de los comprobantes asociados al incidente o Fecha de registro del incidente: Fecha en que se recibió el incidente.* Botones: .Exportar Detalle a PDF .Exportar Resultados a JSON | G107: El orden de los registros es ordenada por el valor del campo “Fecha de registro del incidente” del más reciente a los más antiguos.
A108: POL_8211\Recepción_Consulta_Incidentes_CFDI | C108: /FechaExportarPDF | D108: 6 | E108: Dar clic en el botón "Exportar Detalle a PDF" | F108: Al seleccionar este botón se debe generar una petición de descarga para los registros de incidentes que se muestran en la ventana ‘Detalle de Consulta’ en formato JSON. A. Máximo 100 registros de incidencias. Al seleccionar el botón ‘Exportar Detalle a PDF se debe mostrar que el PDF se encuentra en proceso de descarga.
A109: POL_8211\Recepción_Consulta_Incidentes_CFDI | C109: /FechaExportarPDF | D109: 7 | E109: Da clic en Cerrar Sesion | F109: Cierra la sesión del RFC | G109: Fin del caso
B110: CP15 | C110: /FechaExportarJSON
A111: POL_8211\Recepción_Consulta_Incidentes_CFDI | C111: /FechaExportarJSON | D111: 1 | E111: Usuario ingresa al Portal de Incidentes | F111: El sistema muestra las siguientes opciones: - Consulta incidentes CFDI - Consulta incidentes CFDI Retenciones -Recuperar descargas Detalle de consulta de incidencias’ | G111: El Usuario previamente se autenticó y accedió al portal de Incidentes | H111: Contribuyente RFC Autenticado | I111: e.firma vigentes Firma Electrónica del Usuario. El Usuario de negocio debe tener asignado el rol Para este caso de prueba se requiere uno o más Comprobantes Fiscal CFDI versión 4.0
...

Sheet Devops
C19: Test Case | D19: =IF('Casos de Prueba'!B18<>0,'Casos de Prueba'!B18&"-"&'Casos de Prueba'!C18,"") -> CP01-/Autenticación
D20: =IF('Casos de Prueba'!B19<>0,'Casos de Prueba'!B19&"-"&'Casos de Prueba'!C19,"") | E20: =IF(LEN($C20)>0,"",'Casos de Prueba'!D19) -> 1 | F20: =IF(LEN($C20)>0,"",'Casos de Prueba'!E19) -> Usuario abre explorador | G20: =IF(LEN($C20)>0,"",'Casos de Prueba'!F19&CHAR(10)&'Casos de Prueba'!G19)
D21: =IF('Casos de Prueba'!B20<>0,'Casos de Prueba'!B20&"-"&'Casos de Prueba'!C20,"") | E21: =IF(LEN($C21)>0,"",'Casos de Prueba'!D20) -> 2 | F21: =IF(LEN($C21)>0,"",'Casos de Prueba'!E20) -> Usuario ingresa a la URL correspondiente al Portal | G21: =IF(LEN($C21)>0,"",'Casos de Prueba'!F20&CHAR(10)&'Casos de Prueba'!G20) -> Se muestran los datos para ingresar: Certificado (.cer) Clave privada (.Key) Contraseña de clave privada: Se muestra el campo RFC Se requiere que el usuario al ingresar al aplicativo cuente con una opción que le permita autenticarse mediante su e.firma para lo cual: • Se deberá visualizar el componente para el firmado electrónico, el cual debe apegarse a los lineamientos institucionales vigentes por el área de Seguridad del SAT. • Se solicitarán los archivos del certificado, clave privada y contraseña vigentes. • Se mostrarán los mensajes de validación de los campos proporcionados por el empleado conforme a los lineamientos institucionales vigentes por el área de Seguridad del SAT.
D22: =IF('Casos de Prueba'!B21<>0,'Casos de Prueba'!B21&"-"&'Casos de Prueba'!C21,"") | E22: =IF(LEN($C22)>0,"",'Casos de Prueba'!D21) -> 3 | F22: =IF(LEN($C22)>0,"",'Casos de Prueba'!E21) -> Usuario da clic en buscar y selecciona el archivo correspondiente a su certificado | G22: =IF(LEN($C22)>0,"",'Casos de Prueba'!F21&CHAR(10)&'Casos de Prueba'!G21) -> Se muestra el dato en el campo certificado y en el campo RFC el dato del RFC del empleado
D23: =IF('Casos de Prueba'!B22<>0,'Casos de Prueba'!B22&"-"&'Casos de Prueba'!C22,"") | E23: =IF(LEN($C23)>0,"",'Casos de Prueba'!D22) -> 4 | F23: =IF(LEN($C23)>0,"",'Casos de Prueba'!E22) -> Usuario da clic en buscar y selecciona el archivo correspondiente a su clave privada | G23: =IF(LEN($C23)>0,"",'Casos de Prueba'!F22&CHAR(10)&'Casos de Prueba'!G22) -> Se muestra el dato en el campo clave privada
D24: =IF('Casos de Prueba'!B23<>0,'Casos de Prueba'!B23&"-"&'Casos de Prueba'!C23,"") | E24: =IF(LEN($C24)>0,"",'Casos de Prueba'!D23) -> 5 | F24: =IF(LEN($C24)>0,"",'Casos de Prueba'!E23) -> Usuario ingresa su contraseña | G24: =IF(LEN($C24)>0,"",'Casos de Prueba'!F23&CHAR(10)&'Casos de Prueba'!G23) -> Se muestra oculto el dato en el campo contraseña
D25: =IF('Casos de Prueba'!B24<>0,'Casos de Prueba'!B24&"-"&'Casos de Prueba'!C24,"") | E25: =IF(LEN($C25)>0,"",'Casos de Prueba'!D24) -> 6 | F25: =IF(LEN($C25)>0,"",'Casos de Prueba'!E24) -> Da clic en enviar | G25: =IF(LEN($C25)>0,"",'Casos de Prueba'!F24&CHAR(10)&'Casos de Prueba'!G24) -> Si la autenticación es correcta, el aplicativo abre la página principal del Portal de Incidencias con las opciones: - Consulta incidentes CFDI - Consulta incidentes CFDI Retenciones - Recuperar descargas Detalle de cosulta de incidencias En caso de que el empleado no cuente con los permisos asignados conforme a los roles establecidos, el aplicativo mostrará el mensaje: “El Usuario no cuenta con los privilegios de acceso” y no se va a permitir su acceso.
D26: =IF('Casos de Prueba'!B25<>0,'Casos de Prueba'!B25&"-"&'Casos de Prueba'!C25,"") -> CP02-/Autenticación_Cer_Key_Incorrecto | G26: =IF(LEN($C26)>0,"",'Casos de Prueba'!F25&CHAR(10)&'Casos de Prueba'!G25)
D27: =IF('Casos de Prueba'!B26<>0,'Casos de Prueba'!B26&"-"&'Casos de Prueba'!C26,"") | E27: =IF(LEN($C27)>0,"",'Casos de Prueba'!D26) -> 1 | F27: =IF(LEN($C27)>0,"",'Casos de Prueba'!E26) -> Usuario abre explorador | G27: =IF(LEN($C27)>0,"",'Casos de Prueba'!F26&CHAR(10)&'Casos de Prueba'!G26)
D28: =IF('Casos de Prueba'!B27<>0,'Casos de Prueba'!B27&"-"&'Casos de Prueba'!C27,"") | E28: =IF(LEN($C28)>0,"",'Casos de Prueba'!D27) -> 2 | F28: =IF(LEN($C28)>0,"",'Casos de Prueba'!E27) -> Usuario ingresa a la URL correspondiente al Portal | G28: =IF(LEN($C28)>0,"",'Casos de Prueba'!F27&CHAR(10)&'Casos de Prueba'!G27) -> Se muestran los datos para ingresar: Certificado (.cer) Clave privada (.Key) Contraseña de clave privada: Se muestra el campo RFC
D29: =IF('Casos de Prueba'!B28<>0,'Casos de Prueba'!B28&"-"&'Casos de Prueba'!C28,"") | E29: =IF(LEN($C29)>0,"",'Casos de Prueba'!D28) -> 3 | F29: =IF(LEN($C29)>0,"",'Casos de Prueba'!E28) -> Usuario da clic en buscar y selecciona el archivo correspondiente a su certificado | G29: =IF(LEN($C29)>0,"",'Casos de Prueba'!F28&CHAR(10)&'Casos de Prueba'!G28) -> Se muestra el dato en el campo certificado y en el campo RFC el dato del RFC del empleado El Usuario previamente se autenticó y accedió al portal
D30: =IF('Casos de Prueba'!B29<>0,'Casos de Prueba'!B29&"-"&'Casos de Prueba'!C29,"") | E30: =IF(LEN($C30)>0,"",'Casos de Prueba'!D29) -> 4 | F30: =IF(LEN($C30)>0,"",'Casos de Prueba'!E29) -> Usuario da clic en buscar y selecciona el archivo correspondiente a su clave privada | G30: =IF(LEN($C30)>0,"",'Casos de Prueba'!F29&CHAR(10)&'Casos de Prueba'!G29) -> Se muestra el dato en el campo clave privada
D31: =IF('Casos de Prueba'!B30<>0,'Casos de Prueba'!B30&"-"&'Casos de Prueba'!C30,"") | E31: =IF(LEN($C31)>0,"",'Casos de Prueba'!D30) -> 5 | F31: =IF(LEN($C31)>0,"",'Casos de Prueba'!E30) -> Usuario ingresa su contraseña | G31: =IF(LEN($C31)>0,"",'Casos de Prueba'!F30&CHAR(10)&'Casos de Prueba'!G30) -> Se muestra oculto el dato en el campo contraseña
D32: =IF('Casos de Prueba'!B31<>0,'Casos de Prueba'!B31&"-"&'Casos de Prueba'!C31,"") | E32: =IF(LEN($C32)>0,"",'Casos de Prueba'!D31) -> 6 | F32: =IF(LEN($C32)>0,"",'Casos de Prueba'!E31) -> Da clic en enviar | G32: =IF(LEN($C32)>0,"",'Casos de Prueba'!F31&CHAR(10)&'Casos de Prueba'!G31) -> El sistema muestra mensaje: El certificado no corresponde con la llave privada. Y no permite el acceso al Portal de Incidentes
D33: =IF('Casos de Prueba'!B32<>0,'Casos de Prueba'!B32&"-"&'Casos de Prueba'!C32,"") -> CP03-/Autenticación_Contraseña_Incorrecto | G33: =IF(LEN($C33)>0,"",'Casos de Prueba'!F32&CHAR(10)&'Casos de Prueba'!G32)
D34: =IF('Casos de Prueba'!B33<>0,'Casos de Prueba'!B33&"-"&'Casos de Prueba'!C33,"") | E34: =IF(LEN($C34)>0,"",'Casos de Prueba'!D33) -> 1 | F34: =IF(LEN($C34)>0,"",'Casos de Prueba'!E33) -> Usuario abre explorador | G34: =IF(LEN($C34)>0,"",'Casos de Prueba'!F33&CHAR(10)&'Casos de Prueba'!G33)
D35: =IF('Casos de Prueba'!B34<>0,'Casos de Prueba'!B34&"-"&'Casos de Prueba'!C34,"") | E35: =IF(LEN($C35)>0,"",'Casos de Prueba'!D34) -> 2 | F35: =IF(LEN($C35)>0,"",'Casos de Prueba'!E34) -> Usuario ingresa a la URL correspondiente al Portal | G35: =IF(LEN($C35)>0,"",'Casos de Prueba'!F34&CHAR(10)&'Casos de Prueba'!G34) -> Se muestran los datos para ingresar: Certificado (.cer) Clave privada (.Key) Contraseña de clave privada: Se muestra el campo RFC
D36: =IF('Casos de Prueba'!B35<>0,'Casos de Prueba'!B35&"-"&'Casos de Prueba'!C35,"") | E36: =IF(LEN($C36)>0,"",'Casos de Prueba'!D35) -> 3 | F36: =IF(LEN($C36)>0,"",'Casos de Prueba'!E35) -> Usuario da clic en buscar y selecciona el archivo correspondiente a su certificado | G36: =IF(LEN($C36)>0,"",'Casos de Prueba'!F35&CHAR(10)&'Casos de Prueba'!G35) -> Se muestra el dato en el campo certificado y en el campo RFC el dato del RFC del empleado
D37: =IF('Casos de Prueba'!B36<>0,'Casos de Prueba'!B36&"-"&'Casos de Prueba'!C36,"") | E37: =IF(LEN($C37)>0,"",'Casos de Prueba'!D36) -> 4 | F37: =IF(LEN($C37)>0,"",'Casos de Prueba'!E36) -> Usuario da clic en buscar y selecciona el archivo correspondiente a su clave privada | G37: =IF(LEN($C37)>0,"",'Casos de Prueba'!F36&CHAR(10)&'Casos de Prueba'!G36) -> Se muestra el dato en el campo clave privada
D38: =IF('Casos de Prueba'!B37<>0,'Casos de Prueba'!B37&"-"&'Casos de Prueba'!C37,"") | E38: =IF(LEN($C38)>0,"",'Casos de Prueba'!D37) -> 5 | F38: =IF(LEN($C38)>0,"",'Casos de Prueba'!E37) -> Usuario ingresa su contraseña incorrecta | G38: =IF(LEN($C38)>0,"",'Casos de Prueba'!F37&CHAR(10)&'Casos de Prueba'!G37) -> Se muestra oculto el dato en el campo contraseña
D39: =IF('Casos de Prueba'!B38<>0,'Casos de Prueba'!B38&"-"&'Casos de Prueba'!C38,"") | E39: =IF(LEN($C39)>0,"",'Casos de Prueba'!D38) -> 6 | F39: =IF(LEN($C39)>0,"",'Casos de Prueba'!E38) -> Da clic en enviar | G39: =IF(LEN($C39)>0,"",'Casos de Prueba'!F38&CHAR(10)&'Casos de Prueba'!G38) -> El sistema muestra mensaje: Certificado, clave privada o contraseña de clave privada inválidos, inténtelo nuevamente.
D40: =IF('Casos de Prueba'!B39<>0,'Casos de Prueba'!B39&"-"&'Casos de Prueba'!C39,"") -> CP04-/Inactividad | G40: =IF(LEN($C40)>0,"",'Casos de Prueba'!F39&CHAR(10)&'Casos de Prueba'!G39)
D41: =IF('Casos de Prueba'!B40<>0,'Casos de Prueba'!B40&"-"&'Casos de Prueba'!C40,"") | E41: =IF(LEN($C41)>0,"",'Casos de Prueba'!D40) -> 1 | F41: =IF(LEN($C41)>0,"",'Casos de Prueba'!E40) -> Usuario ingresa al Portal de Incidentes | G41: =IF(LEN($C41)>0,"",'Casos de Prueba'!F40&CHAR(10)&'Casos de Prueba'!G40) -> El sistema muestra las siguientes opciones: - Consulta incidentes CFDI - Consulta incidentes CFDI Retenciones -Recuperar descargas Detalle de consulta de incidencias’ El Usuario previamente se autenticó y accedió al portal de Incidentes
D42: =IF('Casos de Prueba'!B41<>0,'Casos de Prueba'!B41&"-"&'Casos de Prueba'!C41,"") | E42: =IF(LEN($C42)>0,"",'Casos de Prueba'!D41) -> 2 | F42: =IF(LEN($C42)>0,"",'Casos de Prueba'!E41) -> Da clic en "Consulta incidentes CFDI" | G42: =IF(LEN($C42)>0,"",'Casos de Prueba'!F41&CHAR(10)&'Casos de Prueba'!G41) -> El sistema muestra el RFC del empleado autenticado con la opción Salir. El sistema muestra las opciones: .Tipo de consulta Opción: Folio Fiscal* .Folio Fiscal Digital Opción: Por Fechas .Fecha Inicial de Recepción* .Fecha Final de Recepción* .Versión del comprobante (El valor es por default) .PAC Botón "Consultar Incidentes"
D43: =IF('Casos de Prueba'!B42<>0,'Casos de Prueba'!B42&"-"&'Casos de Prueba'!C42,"") | E43: =IF(LEN($C43)>0,"",'Casos de Prueba'!D42) -> 3 | F43: =IF(LEN($C43)>0,"",'Casos de Prueba'!E42) -> Dejar la sesión abierta | G43: =IF(LEN($C43)>0,"",'Casos de Prueba'!F42&CHAR(10)&'Casos de Prueba'!G42) -> La sesión debe cerrarse de forma automática cuando esta se encuentre inactiva por el usuario y permanezca abierta en un plazo mayor a 10 minutos Se muestra el siguiente mensaje: "Ha salido de la sesión. Se recomienda que cierre el navegador para completar la terminación de esta sesión"
D44: =IF('Casos de Prueba'!B43<>0,'Casos de Prueba'!B43&"-"&'Casos de Prueba'!C43,"") -> CP05-/Salir | G44: =IF(LEN($C44)>0,"",'Casos de Prueba'!F43&CHAR(10)&'Casos de Prueba'!G43)
D45: =IF('Casos de Prueba'!B44<>0,'Casos de Prueba'!B44&"-"&'Casos de Prueba'!C44,"") | E45: =IF(LEN($C45)>0,"",'Casos de Prueba'!D44) -> 1 | F45: =IF(LEN($C45)>0,"",'Casos de Prueba'!E44) -> Usuario ingresa al Portal de Incidentes | G45: =IF(LEN($C45)>0,"",'Casos de Prueba'!F44&CHAR(10)&'Casos de Prueba'!G44) -> El sistema muestra las siguientes opciones: - Consulta Incidentes CFDI - Consulta Incidentes CFDI de Retenciones -Recuperar descargas Detalle de consulta de incidencias’ El Usuario previamente se autenticó y accedió al portal de Cancelaciones
D46: =IF('Casos de Prueba'!B45<>0,'Casos de Prueba'!B45&"-"&'Casos de Prueba'!C45,"") | E46: =IF(LEN($C46)>0,"",'Casos de Prueba'!D45) -> 2 | F46: =IF(LEN($C46)>0,"",'Casos de Prueba'!E45) -> Da clic en "Consulta Incidentes CFDI" | G46: =IF(LEN($C46)>0,"",'Casos de Prueba'!F45&CHAR(10)&'Casos de Prueba'!G45) -> El sistema muestra el RFC del empleado autenticado con la opción Salir. El sistema muestra las opciones: .Tipo de consulta Opción: Folio Fiscal*Tooltip .Folio Fiscal Digital Opción: Por Fechas .Fecha Inicial de Recepción* .Fecha Final de Recepción* .Versión del comprobante (El valor es por default) .PAC Botón "Consultar Incidentes"
D47: =IF('Casos de Prueba'!B46<>0,'Casos de Prueba'!B46&"-"&'Casos de Prueba'!C46,"") | E47: =IF(LEN($C47)>0,"",'Casos de Prueba'!D46) -> 3 | F47: =IF(LEN($C47)>0,"",'Casos de Prueba'!E46) -> Da clic en Cerrar Sesion | G47: =IF(LEN($C47)>0,"",'Casos de Prueba'!F46&CHAR(10)&'Casos de Prueba'!G46) -> Cierra la sesión del RFC
D48: =IF('Casos de Prueba'!B47<>0,'Casos de Prueba'!B47&"-"&'Casos de Prueba'!C47,"") -> CP06-/FolioFiscalConsulta | G48: =IF(LEN($C48)>0,"",'Casos de Prueba'!F47&CHAR(10)&'Casos de Prueba'!G47)
D49: =IF('Casos de Prueba'!B48<>0,'Casos de Prueba'!B48&"-"&'Casos de Prueba'!C48,"") | E49: =IF(LEN($C49)>0,"",'Casos de Prueba'!D48) -> 1 | F49: =IF(LEN($C49)>0,"",'Casos de Prueba'!E48) -> Usuario ingresa al Portal de Incidentes | G49: =IF(LEN($C49)>0,"",'Casos de Prueba'!F48&CHAR(10)&'Casos de Prueba'!G48) -> El sistema muestra las siguientes opciones: - Consulta incidentes CFDI - Consulta incidentes CFDI Retenciones -Recuperar descargas Detalle de consulta de incidencias’ El Usuario previamente se autenticó y accedió al portal de Incidentes
D50: =IF('Casos de Prueba'!B49<>0,'Casos de Prueba'!B49&"-"&'Casos de Prueba'!C49,"") | E50: =IF(LEN($C50)>0,"",'Casos de Prueba'!D49) -> 2 | F50: =IF(LEN($C50)>0,"",'Casos de Prueba'!E49) -> Da clic en "Consulta incidentes CFDI" | G50: =IF(LEN($C50)>0,"",'Casos de Prueba'!F49&CHAR(10)&'Casos de Prueba'!G49) -> El sistema muestra el RFC del empleado autenticado con la opción Salir. El sistema muestra las opciones: Tipo de consulta Lista desplegable (Opciones inhabilitadas) Folio Fiscal Por Fechas Fecha Inicial de Recepción* Fecha Final de Recepción* Versión del comprobante (Valor es por default 4.0) PAC Botón "Consultar Incidentes"
D51: =IF('Casos de Prueba'!B50<>0,'Casos de Prueba'!B50&"-"&'Casos de Prueba'!C50,"") | E51: =IF(LEN($C51)>0,"",'Casos de Prueba'!D50) -> 3 | F51: =IF(LEN($C51)>0,"",'Casos de Prueba'!E50) -> Selecciona en el campo "Tipo de Consulta": Incidentes Servicio de Recepción | G51: =IF(LEN($C51)>0,"",'Casos de Prueba'!F50&CHAR(10)&'Casos de Prueba'!G50) -> El sistema muestra las opciones: Los campos marcados con (*) son obligatorios Tipo de consulta: Incidentes Servicio de Recepción Opción: Folio Fiscal Textbox: Folio Fiscal Digital* Opción: Por Fechas Tooltip Checkbox (Comprobantes Rechazados). Fecha Inicial de Recepción* Fecha Final de Recepción* PAC Botón "Consultar Incidentes" Al seleccionar la opción por Folio Fiscal y al colocar el cursor en el tooltip “?” el sistema deberá mostrar el siguiente mensaje y el sistema aplicará lo que menciona el mismo: "En esta opción sólo se podrán visualizar las incidencias de los comprobantes que fueron recibidos" Version por default 4.0
D52: =IF('Casos de Prueba'!B51<>0,'Casos de Prueba'!B51&"-"&'Casos de Prueba'!C51,"") | E52: =IF(LEN($C52)>0,"",'Casos de Prueba'!D51) -> 4 | F52: =IF(LEN($C52)>0,"",'Casos de Prueba'!E51) -> Selecciona el campo Folio Fiscal e ingresa el UUID del comprobante del cual se desea conocer los incidentes registrados | G52: =IF(LEN($C52)>0,"",'Casos de Prueba'!F51&CHAR(10)&'Casos de Prueba'!G51) -> El sistema muestra los datos que se van ingresando
D53: =IF('Casos de Prueba'!B52<>0,'Casos de Prueba'!B52&"-"&'Casos de Prueba'!C52,"") | E53: =IF(LEN($C53)>0,"",'Casos de Prueba'!D52) -> 5 | F53: =IF(LEN($C53)>0,"",'Casos de Prueba'!E52) -> Se da clic en el botón "Consultar Incidentes" | G53: =IF(LEN($C53)>0,"",'Casos de Prueba'!F52&CHAR(10)&'Casos de Prueba'!G52) -> El servicio inhabilita la sección de Fecha Inicial y Final de Recepción. El sistema deberá mostrar en una tabla los resultados obtenidos de la consulta: • RFC del PAC • Nombre o Razón Social • Evento • Mensaje • Total • Detalle (Boton)
D54: =IF('Casos de Prueba'!B53<>0,'Casos de Prueba'!B53&"-"&'Casos de Prueba'!C53,"") | E54: =IF(LEN($C54)>0,"",'Casos de Prueba'!D53) -> 6 | F54: =IF(LEN($C54)>0,"",'Casos de Prueba'!E53) -> Da clic en Cerrar Sesion | G54: =IF(LEN($C54)>0,"",'Casos de Prueba'!F53&CHAR(10)&'Casos de Prueba'!G53) -> Cierra la sesión del RFC Fin del caso
D55: =IF('Casos de Prueba'!B54<>0,'Casos de Prueba'!B54&"-"&'Casos de Prueba'!C54,"") -> CP07-/MsgErrorConsultaCFDIVacio | G55: =IF(LEN($C55)>0,"",'Casos de Prueba'!F54&CHAR(10)&'Casos de Prueba'!G54)
D56: =IF('Casos de Prueba'!B55<>0,'Casos de Prueba'!B55&"-"&'Casos de Prueba'!C55,"") | E56: =IF(LEN($C56)>0,"",'Casos de Prueba'!D55) -> 1 | F56: =IF(LEN($C56)>0,"",'Casos de Prueba'!E55) -> Usuario ingresa al Portal de Incidentes | G56: =IF(LEN($C56)>0,"",'Casos de Prueba'!F55&CHAR(10)&'Casos de Prueba'!G55) -> El sistema muestra las siguientes opciones: - Consulta incidentes CFDI - Consulta incidentes CFDI Retenciones -Recuperar descargas Detalle de consulta de incidencias’ El Usuario previamente se autenticó y accedió al portal de Incidentes
D57: =IF('Casos de Prueba'!B56<>0,'Casos de Prueba'!B56&"-"&'Casos de Prueba'!C56,"") | E57: =IF(LEN($C57)>0,"",'Casos de Prueba'!D56) -> 2 | F57: =IF(LEN($C57)>0,"",'Casos de Prueba'!E56) -> Da clic en "Consulta incidentes CFDI" | G57: =IF(LEN($C57)>0,"",'Casos de Prueba'!F56&CHAR(10)&'Casos de Prueba'!G56) -> El sistema muestra el RFC del empleado autenticado con la opción Salir. El sistema muestra las opciones: Tipo de consulta Lista desplegable (Opciones inhabilitadas) Folio Fiscal Por Fechas Fecha Inicial de Recepción* Fecha Final de Recepción* Versión del comprobante (Valor es por default 4.0) PAC Botón "Consultar Incidentes"
D58: =IF('Casos de Prueba'!B57<>0,'Casos de Prueba'!B57&"-"&'Casos de Prueba'!C57,"") | E58: =IF(LEN($C58)>0,"",'Casos de Prueba'!D57) -> 3 | F58: =IF(LEN($C58)>0,"",'Casos de Prueba'!E57) -> Selecciona en el campo "Tipo de Consulta": Incidentes Servicio de Recepción | G58: =IF(LEN($C58)>0,"",'Casos de Prueba'!F57&CHAR(10)&'Casos de Prueba'!G57) -> El sistema muestra las opciones: Los campos marcados con (*) son obligatorios Tipo de consulta: Incidentes Servicio de Recepción Opción: Folio Fiscal Textbox: Folio Fiscal Digital* Opción: Por Fechas Tooltip Checkbox (Comprobantes Rechazados). Fecha Inicial de Recepción* Fecha Final de Recepción* PAC Botón "Consultar Incidentes" Al seleccionar la opción por Folio Fiscal y al colocar el cursor en el tooltip “?” el sistema deberá mostrar el siguiente mensaje y el sistema aplicará lo que menciona el mismo: "En esta opción sólo se podrán visualizar las incidencias de los comprobantes que fueron recibidos" Version por default 4.0
D59: =IF('Casos de Prueba'!B58<>0,'Casos de Prueba'!B58&"-"&'Casos de Prueba'!C58,"") | E59: =IF(LEN($C59)>0,"",'Casos de Prueba'!D58) -> 4 | F59: =IF(LEN($C59)>0,"",'Casos de Prueba'!E58) -> Se da clic en el botón "Consultar Incidentes" Nota: Para este caso de prueba no se ingresa el valor del Folio Fiscal | G59: =IF(LEN($C59)>0,"",'Casos de Prueba'!F58&CHAR(10)&'Casos de Prueba'!G58) -> El aplicativo muestra el siguiente mensaje “ERROR: Favor de ingresar el folio fiscal”.
D60: =IF('Casos de Prueba'!B59<>0,'Casos de Prueba'!B59&"-"&'Casos de Prueba'!C59,"") | E60: =IF(LEN($C60)>0,"",'Casos de Prueba'!D59) -> 5 | F60: =IF(LEN($C60)>0,"",'Casos de Prueba'!E59) -> Da clic en Cerrar Sesion | G60: =IF(LEN($C60)>0,"",'Casos de Prueba'!F59&CHAR(10)&'Casos de Prueba'!G59) -> Cierra la sesión del RFC Fin del caso
D61: =IF('Casos de Prueba'!B60<>0,'Casos de Prueba'!B60&"-"&'Casos de Prueba'!C60,"") -> CP08-/MsgErrorConsultaCFDIFormatoIncorrecto | G61: =IF(LEN($C61)>0,"",'Casos de Prueba'!F60&CHAR(10)&'Casos de Prueba'!G60)
D62: =IF('Casos de Prueba'!B61<>0,'Casos de Prueba'!B61&"-"&'Casos de Prueba'!C61,"") | E62: =IF(LEN($C62)>0,"",'Casos de Prueba'!D61) -> 1 | F62: =IF(LEN($C62)>0,"",'Casos de Prueba'!E61) -> Usuario ingresa al Portal de Incidentes | G62: =IF(LEN($C62)>0,"",'Casos de Prueba'!F61&CHAR(10)&'Casos de Prueba'!G61) -> El sistema muestra las siguientes opciones: - Consulta incidentes CFDI - Consulta incidentes CFDI Retenciones -Recuperar descargas Detalle de consulta de incidencias’ El Usuario previamente se autenticó y accedió al portal de Incidentes
D63: =IF('Casos de Prueba'!B62<>0,'Casos de Prueba'!B62&"-"&'Casos de Prueba'!C62,"") | E63: =IF(LEN($C63)>0,"",'Casos de Prueba'!D62) -> 2 | F63: =IF(LEN($C63)>0,"",'Casos de Prueba'!E62) -> Da clic en "Consulta incidentes CFDI" | G63: =IF(LEN($C63)>0,"",'Casos de Prueba'!F62&CHAR(10)&'Casos de Prueba'!G62) -> El sistema muestra el RFC del empleado autenticado con la opción Salir. El sistema muestra las opciones: Tipo de consulta Lista desplegable (Opciones inhabilitadas) Folio Fiscal Por Fechas Fecha Inicial de Recepción* Fecha Final de Recepción* Versión del comprobante (Valor es por default 4.0) PAC Botón "Consultar Incidentes"
D64: =IF('Casos de Prueba'!B63<>0,'Casos de Prueba'!B63&"-"&'Casos de Prueba'!C63,"") | E64: =IF(LEN($C64)>0,"",'Casos de Prueba'!D63) -> 3 | F64: =IF(LEN($C64)>0,"",'Casos de Prueba'!E63) -> Selecciona en el campo "Tipo de Consulta": Incidentes Servicio de Recepción | G64: =IF(LEN($C64)>0,"",'Casos de Prueba'!F63&CHAR(10)&'Casos de Prueba'!G63) -> El sistema muestra las opciones: Los campos marcados con (*) son obligatorios Tipo de consulta: Incidentes Servicio de Recepción Opción: Folio Fiscal Textbox: Folio Fiscal Digital* Opción: Por Fechas Tooltip Checkbox (Comprobantes Rechazados). Fecha Inicial de Recepción* Fecha Final de Recepción* PAC Botón "Consultar Incidentes" Al seleccionar la opción por Folio Fiscal y al colocar el cursor en el tooltip “?” el sistema deberá mostrar el siguiente mensaje y el sistema aplicará lo que menciona el mismo: "En esta opción sólo se podrán visualizar las incidencias de los comprobantes que fueron recibidos" Version por default 4.0
D65: =IF('Casos de Prueba'!B64<>0,'Casos de Prueba'!B64&"-"&'Casos de Prueba'!C64,"") | E65: =IF(LEN($C65)>0,"",'Casos de Prueba'!D64) -> 4 | F65: =IF(LEN($C65)>0,"",'Casos de Prueba'!E64) -> Selecciona el campo Folio Fiscal e ingresa el UUID del comprobante el cual no cumple con la estructura y selecciona la opción "Consultar Incidentes". | G65: =IF(LEN($C65)>0,"",'Casos de Prueba'!F64&CHAR(10)&'Casos de Prueba'!G64) -> El aplicativo muestra el siguiente mensaje: • “ERROR: El Folio Fiscal no cumple con el formato correcto, favor de ingresarlo nuevamente”.
D66: =IF('Casos de Prueba'!B65<>0,'Casos de Prueba'!B65&"-"&'Casos de Prueba'!C65,"") | E66: =IF(LEN($C66)>0,"",'Casos de Prueba'!D65) -> 5 | F66: =IF(LEN($C66)>0,"",'Casos de Prueba'!E65) -> Da clic en Cerrar Sesion | G66: =IF(LEN($C66)>0,"",'Casos de Prueba'!F65&CHAR(10)&'Casos de Prueba'!G65) -> Cierra la sesión del RFC Fin del caso
D67: =IF('Casos de Prueba'!B66<>0,'Casos de Prueba'!B66&"-"&'Casos de Prueba'!C66,"") -> CP09-/MsgErrorConsultaCFDIRetenciones | G67: =IF(LEN($C67)>0,"",'Casos de Prueba'!F66&CHAR(10)&'Casos de Prueba'!G66)
D68: =IF('Casos de Prueba'!B67<>0,'Casos de Prueba'!B67&"-"&'Casos de Prueba'!C67,"") | E68: =IF(LEN($C68)>0,"",'Casos de Prueba'!D67) -> 1 | F68: =IF(LEN($C68)>0,"",'Casos de Prueba'!E67) -> Usuario ingresa al Portal de Incidentes | G68: =IF(LEN($C68)>0,"",'Casos de Prueba'!F67&CHAR(10)&'Casos de Prueba'!G67) -> El sistema muestra las siguientes opciones: - Consulta incidentes CFDI - Consulta incidentes CFDI Retenciones -Recuperar descargas Detalle de consulta de incidencias’ El Usuario previamente se autenticó y accedió al portal de Incidentes
D69: =IF('Casos de Prueba'!B68<>0,'Casos de Prueba'!B68&"-"&'Casos de Prueba'!C68,"") | E69: =IF(LEN($C69)>0,"",'Casos de Prueba'!D68) -> 2 | F69: =IF(LEN($C69)>0,"",'Casos de Prueba'!E68) -> Da clic en "Consulta incidentes CFDI" | G69: =IF(LEN($C69)>0,"",'Casos de Prueba'!F68&CHAR(10)&'Casos de Prueba'!G68) -> El sistema muestra el RFC del empleado autenticado con la opción Salir. El sistema muestra las opciones: Tipo de consulta Lista desplegable (Opciones inhabilitadas) Folio Fiscal Por Fechas Fecha Inicial de Recepción* Fecha Final de Recepción* Versión del comprobante (Valor es por default 4.0) PAC Botón "Consultar Incidentes"
D70: =IF('Casos de Prueba'!B69<>0,'Casos de Prueba'!B69&"-"&'Casos de Prueba'!C69,"") | E70: =IF(LEN($C70)>0,"",'Casos de Prueba'!D69) -> 3 | F70: =IF(LEN($C70)>0,"",'Casos de Prueba'!E69) -> Selecciona en el campo "Tipo de Consulta": Incidentes Servicio de Recepción | G70: =IF(LEN($C70)>0,"",'Casos de Prueba'!F69&CHAR(10)&'Casos de Prueba'!G69) -> El sistema muestra las opciones: Los campos marcados con (*) son obligatorios Tipo de consulta: Incidentes Servicio de Recepción Opción: Folio Fiscal Textbox: Folio Fiscal Digital* Opción: Por Fechas Tooltip Checkbox (Comprobantes Rechazados). Fecha Inicial de Recepción* Fecha Final de Recepción* PAC Botón "Consultar Incidentes" Al seleccionar la opción por Folio Fiscal y al colocar el cursor en el tooltip “?” el sistema deberá mostrar el siguiente mensaje y el sistema aplicará lo que menciona el mismo: "En esta opción sólo se podrán visualizar las incidencias de los comprobantes que fueron recibidos"
D71: =IF('Casos de Prueba'!B70<>0,'Casos de Prueba'!B70&"-"&'Casos de Prueba'!C70,"") | E71: =IF(LEN($C71)>0,"",'Casos de Prueba'!D70) -> 4 | F71: =IF(LEN($C71)>0,"",'Casos de Prueba'!E70) -> Selecciona el campo Folio Fiscal e ingresa el UUID del comprobante y es de tipo CFDI de Retenciones y selecciona la opción "Consultar Incidentes". | G71: =IF(LEN($C71)>0,"",'Casos de Prueba'!F70&CHAR(10)&'Casos de Prueba'!G70) -> El aplicativo muestra el siguiente mensaje: “ERROR: El Folio Fiscal que desea consultar no se encuentra en la BD”. Nota: Este mensaje de error aparece porque se quiere consultar un comprobante CFDI de Retenciones.
D72: =IF('Casos de Prueba'!B71<>0,'Casos de Prueba'!B71&"-"&'Casos de Prueba'!C71,"") | E72: =IF(LEN($C72)>0,"",'Casos de Prueba'!D71) -> 5 | F72: =IF(LEN($C72)>0,"",'Casos de Prueba'!E71) -> Da clic en Cerrar Sesion | G72: =IF(LEN($C72)>0,"",'Casos de Prueba'!F71&CHAR(10)&'Casos de Prueba'!G71) -> Cierra la sesión del RFC Fin del caso
D73: =IF('Casos de Prueba'!B72<>0,'Casos de Prueba'!B72&"-"&'Casos de Prueba'!C72,"") -> CP10-/FolioFiscalExportarPDF | G73: =IF(LEN($C73)>0,"",'Casos de Prueba'!F72&CHAR(10)&'Casos de Prueba'!G72)
D74: =IF('Casos de Prueba'!B73<>0,'Casos de Prueba'!B73&"-"&'Casos de Prueba'!C73,"") | E74: =IF(LEN($C74)>0,"",'Casos de Prueba'!D73) -> 1 | F74: =IF(LEN($C74)>0,"",'Casos de Prueba'!E73) -> Usuario ingresa al Portal de Incidentes | G74: =IF(LEN($C74)>0,"",'Casos de Prueba'!F73&CHAR(10)&'Casos de Prueba'!G73) -> El sistema muestra las siguientes opciones: - Consulta incidentes CFDI - Consulta incidentes CFDI Retenciones -Recuperar descargas Detalle de consulta de incidencias’ El Usuario previamente se autenticó y accedió al portal de Incidentes
D75: =IF('Casos de Prueba'!B74<>0,'Casos de Prueba'!B74&"-"&'Casos de Prueba'!C74,"") | E75: =IF(LEN($C75)>0,"",'Casos de Prueba'!D74) -> 2 | F75: =IF(LEN($C75)>0,"",'Casos de Prueba'!E74) -> Da clic en "Consulta incidentes CFDI" | G75: =IF(LEN($C75)>0,"",'Casos de Prueba'!F74&CHAR(10)&'Casos de Prueba'!G74) -> El sistema muestra el RFC del empleado autenticado con la opción Salir. El sistema muestra las opciones: Tipo de consulta Lista desplegable (Opciones inhabilitadas) Folio Fiscal Por Fechas Fecha Inicial de Recepción* Fecha Final de Recepción* Versión del comprobante (Valor es por default 4.0) PAC Botón "Consultar Incidentes"
D76: =IF('Casos de Prueba'!B75<>0,'Casos de Prueba'!B75&"-"&'Casos de Prueba'!C75,"") | E76: =IF(LEN($C76)>0,"",'Casos de Prueba'!D75) -> 3 | F76: =IF(LEN($C76)>0,"",'Casos de Prueba'!E75) -> Selecciona en el campo "Tipo de Consulta": Incidentes Servicio de Recepción | G76: =IF(LEN($C76)>0,"",'Casos de Prueba'!F75&CHAR(10)&'Casos de Prueba'!G75) -> El sistema muestra las opciones: Los campos marcados con (*) son obligatorios Tipo de consulta: Incidentes Servicio de Recepción Opción: Folio Fiscal Textbox: Folio Fiscal Digital* Opción: Por Fechas Tooltip Checkbox (Comprobantes Rechazados). Fecha Inicial de Recepción* Fecha Final de Recepción* PAC Botón "Consultar Incidentes" Al seleccionar la opción por Folio Fiscal y al colocar el cursor en el tooltip “?” el sistema deberá mostrar el siguiente mensaje y el sistema aplicará lo que menciona el mismo: "En esta opción sólo se podrán visualizar las incidencias de los comprobantes que fueron recibidos" Version por default 4.0
D77: =IF('Casos de Prueba'!B76<>0,'Casos de Prueba'!B76&"-"&'Casos de Prueba'!C76,"") | E77: =IF(LEN($C77)>0,"",'Casos de Prueba'!D76) -> 4 | F77: =IF(LEN($C77)>0,"",'Casos de Prueba'!E76) -> Selecciona el campo Folio Fiscal e ingresa el UUID del comprobante del cual se desea conocer los incidentes registrados | G77: =IF(LEN($C77)>0,"",'Casos de Prueba'!F76&CHAR(10)&'Casos de Prueba'!G76) -> El sistema muestra los datos que se van ingresando
D78: =IF('Casos de Prueba'!B77<>0,'Casos de Prueba'!B77&"-"&'Casos de Prueba'!C77,"") | E78: =IF(LEN($C78)>0,"",'Casos de Prueba'!D77) -> 5 | F78: =IF(LEN($C78)>0,"",'Casos de Prueba'!E77) -> Se da clic en el botón "Consultar Incidentes" | G78: =IF(LEN($C78)>0,"",'Casos de Prueba'!F77&CHAR(10)&'Casos de Prueba'!G77) -> El servicio inhabilita la sección de Fecha Inicial y Final de Recepción. El sistema deberá mostrar en una tabla los resultados obtenidos de la consulta: • RFC del PAC • Nombre o Razón Social • Evento • Mensaje • Total • Detalle (Boton)
D79: =IF('Casos de Prueba'!B78<>0,'Casos de Prueba'!B78&"-"&'Casos de Prueba'!C78,"") | E79: =IF(LEN($C79)>0,"",'Casos de Prueba'!D78) -> 6 | F79: =IF(LEN($C79)>0,"",'Casos de Prueba'!E78) -> Selecciona el registro y dar clic en el boton de "Ver detalle" | G79: =IF(LEN($C79)>0,"",'Casos de Prueba'!F78&CHAR(10)&'Casos de Prueba'!G78) -> El sistema muestra una subpantalla con la siguiente información: • RFC PAC: El RFC del Proveedor. • Nombre o Razón Social: La razón social del Proveedor. • Clave de evento: Clave del evento de incidencia de recepción • Evento: Descripción del evento de incidencia de recepción. Tabla: (Registros de Incidentes) o UUID: Folio Fiscal de los comprobantes asociados al incidente o Fecha de registro del incidente: Fecha en que se recibió el incidente.* Botones: .Exportar Detalle a PDF .Exportar Resultados a JSON
D80: =IF('Casos de Prueba'!B79<>0,'Casos de Prueba'!B79&"-"&'Casos de Prueba'!C79,"") | E80: =IF(LEN($C80)>0,"",'Casos de Prueba'!D79) -> 7 | F80: =IF(LEN($C80)>0,"",'Casos de Prueba'!E79) -> Dar clic en el botón "Exportar Detalle a PDF" | G80: =IF(LEN($C80)>0,"",'Casos de Prueba'!F79&CHAR(10)&'Casos de Prueba'!G79) -> Al seleccionar este botón se debe generar una petición de descarga para los registros de incidentes que se muestran en la ventana ‘Detalle de Consulta’. Al seleccionar el botón ‘Exportar Detalle a PDF’ se debe mostrar que el PDF se encuentra en proceso de descarga.
D81: =IF('Casos de Prueba'!B80<>0,'Casos de Prueba'!B80&"-"&'Casos de Prueba'!C80,"") | E81: =IF(LEN($C81)>0,"",'Casos de Prueba'!D80) -> 8 | F81: =IF(LEN($C81)>0,"",'Casos de Prueba'!E80) -> Da clic en Cerrar Sesion | G81: =IF(LEN($C81)>0,"",'Casos de Prueba'!F80&CHAR(10)&'Casos de Prueba'!G80) -> Cierra la sesión del RFC Fin del caso
D82: =IF('Casos de Prueba'!B81<>0,'Casos de Prueba'!B81&"-"&'Casos de Prueba'!C81,"") -> CP11-/FolioFiscalExportarJSON | G82: =IF(LEN($C82)>0,"",'Casos de Prueba'!F81&CHAR(10)&'Casos de Prueba'!G81)
D83: =IF('Casos de Prueba'!B82<>0,'Casos de Prueba'!B82&"-"&'Casos de Prueba'!C82,"") | E83: =IF(LEN($C83)>0,"",'Casos de Prueba'!D82) -> 1 | F83: =IF(LEN($C83)>0,"",'Casos de Prueba'!E82) -> Usuario ingresa al Portal de Incidentes | G83: =IF(LEN($C83)>0,"",'Casos de Prueba'!F82&CHAR(10)&'Casos de Prueba'!G82) -> El sistema muestra las siguientes opciones: - Consulta incidentes CFDI - Consulta incidentes CFDI Retenciones -Recuperar descargas Detalle de consulta de incidencias’ El Usuario previamente se autenticó y accedió al portal de Incidentes
D84: =IF('Casos de Prueba'!B83<>0,'Casos de Prueba'!B83&"-"&'Casos de Prueba'!C83,"") | E84: =IF(LEN($C84)>0,"",'Casos de Prueba'!D83) -> 2 | F84: =IF(LEN($C84)>0,"",'Casos de Prueba'!E83) -> Da clic en "Consulta incidentes CFDI" | G84: =IF(LEN($C84)>0,"",'Casos de Prueba'!F83&CHAR(10)&'Casos de Prueba'!G83) -> El sistema muestra el RFC del empleado autenticado con la opción Salir. El sistema muestra las opciones: Tipo de consulta Lista desplegable (Opciones inhabilitadas) Folio Fiscal Por Fechas Fecha Inicial de Recepción* Fecha Final de Recepción* Versión del comprobante (Valor es por default 4.0) PAC Botón "Consultar Incidentes"
D85: =IF('Casos de Prueba'!B84<>0,'Casos de Prueba'!B84&"-"&'Casos de Prueba'!C84,"") | E85: =IF(LEN($C85)>0,"",'Casos de Prueba'!D84) -> 3 | F85: =IF(LEN($C85)>0,"",'Casos de Prueba'!E84) -> Selecciona en el campo "Tipo de Consulta": Incidentes Servicio de Recepción | G85: =IF(LEN($C85)>0,"",'Casos de Prueba'!F84&CHAR(10)&'Casos de Prueba'!G84) -> El sistema muestra las opciones: Los campos marcados con (*) son obligatorios Tipo de consulta: Incidentes Servicio de Recepción Opción: Folio Fiscal Textbox: Folio Fiscal Digital* Opción: Por Fechas Tooltip Checkbox (Comprobantes Rechazados). Fecha Inicial de Recepción* Fecha Final de Recepción* PAC Botón "Consultar Incidentes" Al seleccionar la opción por Folio Fiscal y al colocar el cursor en el tooltip “?” el sistema deberá mostrar el siguiente mensaje y el sistema aplicará lo que menciona el mismo: "En esta opción sólo se podrán visualizar las incidencias de los comprobantes que fueron recibidos" Version por default 4.0
D86: =IF('Casos de Prueba'!B85<>0,'Casos de Prueba'!B85&"-"&'Casos de Prueba'!C85,"") | E86: =IF(LEN($C86)>0,"",'Casos de Prueba'!D85) -> 4 | F86: =IF(LEN($C86)>0,"",'Casos de Prueba'!E85) -> Selecciona el campo Folio Fiscal e ingresa el UUID del comprobante del cual se desea conocer los incidentes registrados | G86: =IF(LEN($C86)>0,"",'Casos de Prueba'!F85&CHAR(10)&'Casos de Prueba'!G85) -> El sistema muestra los datos que se van ingresando
D87: =IF('Casos de Prueba'!B86<>0,'Casos de Prueba'!B86&"-"&'Casos de Prueba'!C86,"") | E87: =IF(LEN($C87)>0,"",'Casos de Prueba'!D86) -> 5 | F87: =IF(LEN($C87)>0,"",'Casos de Prueba'!E86) -> Se da clic en el botón "Consultar Incidentes" | G87: =IF(LEN($C87)>0,"",'Casos de Prueba'!F86&CHAR(10)&'Casos de Prueba'!G86) -> El servicio inhabilita la sección de Fecha Inicial y Final de Recepción. El sistema deberá mostrar en una tabla los resultados obtenidos de la consulta: • RFC del PAC • Nombre o Razón Social • Evento • Mensaje • Total • Detalle (Boton)
D88: =IF('Casos de Prueba'!B87<>0,'Casos de Prueba'!B87&"-"&'Casos de Prueba'!C87,"") | E88: =IF(LEN($C88)>0,"",'Casos de Prueba'!D87) -> 6 | F88: =IF(LEN($C88)>0,"",'Casos de Prueba'!E87) -> Selecciona el registro y dar clic en el boton de "Ver detalle" | G88: =IF(LEN($C88)>0,"",'Casos de Prueba'!F87&CHAR(10)&'Casos de Prueba'!G87) -> El sistema muestra una subpantalla con la siguiente información: • RFC PAC: El RFC del Proveedor. • Nombre o Razón Social: La razón social del Proveedor. • Clave de evento: Clave del evento de incidencia de recepción • Evento: Descripción del evento de incidencia de recepción. Tabla: (Registros de Incidentes) o UUID: Folio Fiscal de los comprobantes asociados al incidente o Fecha de registro del incidente: Fecha en que se recibió el incidente.* Botones: .Exportar Detalle a PDF .Exportar Resultados a JSON
D89: =IF('Casos de Prueba'!B88<>0,'Casos de Prueba'!B88&"-"&'Casos de Prueba'!C88,"") | E89: =IF(LEN($C89)>0,"",'Casos de Prueba'!D88) -> 7 | F89: =IF(LEN($C89)>0,"",'Casos de Prueba'!E88) -> Dar clic en el botón "Exportar Resultados a JSON" | G89: =IF(LEN($C89)>0,"",'Casos de Prueba'!F88&CHAR(10)&'Casos de Prueba'!G88) -> Al seleccionar este botón se debe generar una petición de descarga para los registros de incidentes que se muestran en la ventana ‘Detalle de Consulta’ en formato JSON. Al seleccionar el botón ‘Exportar Detalle a JSON se debe mostrar que el JSON se encuentra en proceso de descarga.
D90: =IF('Casos de Prueba'!B89<>0,'Casos de Prueba'!B89&"-"&'Casos de Prueba'!C89,"") | E90: =IF(LEN($C90)>0,"",'Casos de Prueba'!D89) -> 8 | F90: =IF(LEN($C90)>0,"",'Casos de Prueba'!E89) -> Da clic en Cerrar Sesion | G90: =IF(LEN($C90)>0,"",'Casos de Prueba'!F89&CHAR(10)&'Casos de Prueba'!G89) -> Cierra la sesión del RFC Fin del caso
D91: =IF('Casos de Prueba'!B90<>0,'Casos de Prueba'!B90&"-"&'Casos de Prueba'!C90,"") -> CP12-/FechaConsulta | G91: =IF(LEN($C91)>0,"",'Casos de Prueba'!F90&CHAR(10)&'Casos de Prueba'!G90)
D92: =IF('Casos de Prueba'!B91<>0,'Casos de Prueba'!B91&"-"&'Casos de Prueba'!C91,"") | E92: =IF(LEN($C92)>0,"",'Casos de Prueba'!D91) -> 1 | F92: =IF(LEN($C92)>0,"",'Casos de Prueba'!E91) -> Usuario ingresa al Portal de Incidentes | G92: =IF(LEN($C92)>0,"",'Casos de Prueba'!F91&CHAR(10)&'Casos de Prueba'!G91) -> El sistema muestra las siguientes opciones: - Consulta incidentes CFDI - Consulta incidentes CFDI Retenciones -Recuperar descargas Detalle de consulta de incidencias’ El Usuario previamente se autenticó y accedió al portal de Incidentes
D93: =IF('Casos de Prueba'!B92<>0,'Casos de Prueba'!B92&"-"&'Casos de Prueba'!C92,"") | E93: =IF(LEN($C93)>0,"",'Casos de Prueba'!D92) -> 2 | F93: =IF(LEN($C93)>0,"",'Casos de Prueba'!E92) -> Da clic en "Consulta incidentes CFDI" | G93: =IF(LEN($C93)>0,"",'Casos de Prueba'!F92&CHAR(10)&'Casos de Prueba'!G92) -> El sistema muestra el RFC del empleado autenticado con la opción Salir. El sistema muestra las opciones: Tipo de consulta Lista desplegable (Opciones inhabilitadas) Folio Fiscal Por Fechas Fecha Inicial de Recepción* Fecha Final de Recepción* Versión del comprobante (Valor es por default 4.0) PAC Botón "Consultar Incidentes"
D94: =IF('Casos de Prueba'!B93<>0,'Casos de Prueba'!B93&"-"&'Casos de Prueba'!C93,"") | E94: =IF(LEN($C94)>0,"",'Casos de Prueba'!D93) -> 3 | F94: =IF(LEN($C94)>0,"",'Casos de Prueba'!E93) -> Selecciona en el campo "Tipo de Consulta": Incidentes Servicio de Recepción | G94: =IF(LEN($C94)>0,"",'Casos de Prueba'!F93&CHAR(10)&'Casos de Prueba'!G93) -> El sistema muestra las opciones: Los campos marcados con (*) son obligatorios Tipo de consulta: Incidentes Servicio de Recepción Opción: Folio Fiscal Textbox: Folio Fiscal Digital* Opción: Por Fechas Tooltip Checkbox (Comprobantes Rechazados). Fecha Inicial de Recepción* Fecha Final de Recepción* PAC Botón "Consultar Incidentes" Al seleccionar el botón para la consulta por periodo de fecha el sistema mostrará un Checkbox "Comprobantes Rechazados” y seleccionando esta opción solo se podrán visualizar los comprobantes que fueron rechazados por el servicio de recepción La consulta por fecha con el Checkbox desactivado, permitirá realizar solo la búsqueda de los comprobantes recibidos por el servicio de recepción Version por default 4.0
D95: =IF('Casos de Prueba'!B94<>0,'Casos de Prueba'!B94&"-"&'Casos de Prueba'!C94,"") | E95: =IF(LEN($C95)>0,"",'Casos de Prueba'!D94) -> 4 | F95: =IF(LEN($C95)>0,"",'Casos de Prueba'!E94) -> Seleccionar la opcion Por Fechas y agregar los valores: Campo Fecha Inicial de Recepción* Campo Fecha Final de Recepción.* PAC Los campos marcados con (*) son obligatorios Dar clic en el botón "Consultar Incidentes". | G95: =IF(LEN($C95)>0,"",'Casos de Prueba'!F94&CHAR(10)&'Casos de Prueba'!G94) -> El campo Folio Fiscal se deshabilita. El resultado de la consulta deberá mostrarse en una tabla con el título “Resultado de consulta” y la información: • RFC del PAC • Nombre o Razón Social • Evento • Mensaje • Total • Detalle(Boton) Importante mencionar que, el resultado se debe agrupar por tipo de error y presentarse de forma general,
D96: =IF('Casos de Prueba'!B95<>0,'Casos de Prueba'!B95&"-"&'Casos de Prueba'!C95,"") | E96: =IF(LEN($C96)>0,"",'Casos de Prueba'!D95) -> 5 | F96: =IF(LEN($C96)>0,"",'Casos de Prueba'!E95) -> Da clic en Cerrar Sesion | G96: =IF(LEN($C96)>0,"",'Casos de Prueba'!F95&CHAR(10)&'Casos de Prueba'!G95) -> Cierra la sesión del RFC Fin del caso
D97: =IF('Casos de Prueba'!B96<>0,'Casos de Prueba'!B96&"-"&'Casos de Prueba'!C96,"") -> CP13-/FechaMsgErrorConsultaRangoFecha | G97: =IF(LEN($C97)>0,"",'Casos de Prueba'!F96&CHAR(10)&'Casos de Prueba'!G96)
D98: =IF('Casos de Prueba'!B97<>0,'Casos de Prueba'!B97&"-"&'Casos de Prueba'!C97,"") | E98: =IF(LEN($C98)>0,"",'Casos de Prueba'!D97) -> 1 | F98: =IF(LEN($C98)>0,"",'Casos de Prueba'!E97) -> Usuario ingresa al Portal de Incidentes | G98: =IF(LEN($C98)>0,"",'Casos de Prueba'!F97&CHAR(10)&'Casos de Prueba'!G97) -> El sistema muestra las siguientes opciones: - Consulta incidentes CFDI - Consulta incidentes CFDI Retenciones -Recuperar descargas Detalle de consulta de incidencias’ El Usuario previamente se autenticó y accedió al portal de Incidentes
D99: =IF('Casos de Prueba'!B98<>0,'Casos de Prueba'!B98&"-"&'Casos de Prueba'!C98,"") | E99: =IF(LEN($C99)>0,"",'Casos de Prueba'!D98) -> 2 | F99: =IF(LEN($C99)>0,"",'Casos de Prueba'!E98) -> Da clic en "Consulta incidentes CFDI" | G99: =IF(LEN($C99)>0,"",'Casos de Prueba'!F98&CHAR(10)&'Casos de Prueba'!G98) -> El sistema muestra el RFC del empleado autenticado con la opción Salir. El sistema muestra las opciones: Tipo de consulta Lista desplegable (Opciones inhabilitadas) Folio Fiscal Por Fechas Fecha Inicial de Recepción* Fecha Final de Recepción* Versión del comprobante (Valor es por default 4.0) PAC Botón "Consultar Incidentes"
D100: =IF('Casos de Prueba'!B99<>0,'Casos de Prueba'!B99&"-"&'Casos de Prueba'!C99,"") | E100: =IF(LEN($C100)>0,"",'Casos de Prueba'!D99) -> 3 | F100: =IF(LEN($C100)>0,"",'Casos de Prueba'!E99) -> Selecciona en el campo "Tipo de Consulta": Incidentes Servicio de Recepción | G100: =IF(LEN($C100)>0,"",'Casos de Prueba'!F99&CHAR(10)&'Casos de Prueba'!G99) -> El sistema muestra las opciones: Los campos marcados con (*) son obligatorios Tipo de consulta: Incidentes Servicio de Recepción Opción: Folio Fiscal Textbox: Folio Fiscal Digital* Opción: Por Fechas Tooltip Checkbox (Comprobantes Rechazados). Fecha Inicial de Recepción* Fecha Final de Recepción* PAC Botón "Consultar Incidentes" Al seleccionar el botón para la consulta por periodo de fecha el sistema mostrará un Checkbox "Comprobantes Rechazados” y seleccionando esta opción solo se podrán visualizar los comprobantes que fueron rechazados por el servicio de recepción La consulta por fecha con el Checkbox desactivado, permitirá realizar solo la búsqueda de los comprobantes recibidos por el servicio de recepción Version por default 4.0
D101: =IF('Casos de Prueba'!B100<>0,'Casos de Prueba'!B100&"-"&'Casos de Prueba'!C100,"") | E101: =IF(LEN($C101)>0,"",'Casos de Prueba'!D100) -> 4 | F101: =IF(LEN($C101)>0,"",'Casos de Prueba'!E100) -> Seleccionar la opcion Por Fechas y agregar los valores: Campo Fecha Inicial de Recepción* Campo Fecha Final de Recepción.* PAC Los campos marcados con (*) son obligatorios Dar clic en el botón "Consultar Incidentes". Nota: Para este caso de prueba se debe seleccionar un rango mayor a un mes | G101: =IF(LEN($C101)>0,"",'Casos de Prueba'!F100&CHAR(10)&'Casos de Prueba'!G100) -> Cuando se ingrese un rango de fechas mayor a un mes y se seleccione el botón “Consultar Incidentes”, el aplicativo deberá mostrar el siguiente mensaje de error: • “ERROR: La consulta no debe ser mayor a un mes”. Importante mencionar que, el resultado se debe agrupar por tipo de error y presentarse de forma general, Campo "Versión del comprobante" por default tiene el valor 4.0 Al seleccionar el botón para la consulta por periodo de fecha de emisión, se debe deshabilitar el campo correspondiente a la consulta de Folio Fiscal. La consulta por fecha no deberá ser mayor a un mes. Por defecto, el valor que se mostrará en ambas fechas será del día en que el usuario de negocio ingresa al sistema.
D102: =IF('Casos de Prueba'!B101<>0,'Casos de Prueba'!B101&"-"&'Casos de Prueba'!C101,"") | E102: =IF(LEN($C102)>0,"",'Casos de Prueba'!D101) -> 5 | F102: =IF(LEN($C102)>0,"",'Casos de Prueba'!E101) -> Da clic en Cerrar Sesion | G102: =IF(LEN($C102)>0,"",'Casos de Prueba'!F101&CHAR(10)&'Casos de Prueba'!G101) -> Cierra la sesión del RFC Fin del caso
D103: =IF('Casos de Prueba'!B102<>0,'Casos de Prueba'!B102&"-"&'Casos de Prueba'!C102,"") -> CP14-/FechaExportarPDF | G103: =IF(LEN($C103)>0,"",'Casos de Prueba'!F102&CHAR(10)&'Casos de Prueba'!G102)
D104: =IF('Casos de Prueba'!B103<>0,'Casos de Prueba'!B103&"-"&'Casos de Prueba'!C103,"") | E104: =IF(LEN($C104)>0,"",'Casos de Prueba'!D103) -> 1 | F104: =IF(LEN($C104)>0,"",'Casos de Prueba'!E103) -> Usuario ingresa al Portal de Incidentes | G104: =IF(LEN($C104)>0,"",'Casos de Prueba'!F103&CHAR(10)&'Casos de Prueba'!G103) -> El sistema muestra las siguientes opciones: - Consulta incidentes CFDI - Consulta incidentes CFDI Retenciones -Recuperar descargas Detalle de consulta de incidencias’ El Usuario previamente se autenticó y accedió al portal de Incidentes
D105: =IF('Casos de Prueba'!B104<>0,'Casos de Prueba'!B104&"-"&'Casos de Prueba'!C104,"") | E105: =IF(LEN($C105)>0,"",'Casos de Prueba'!D104) -> 2 | F105: =IF(LEN($C105)>0,"",'Casos de Prueba'!E104) -> Da clic en "Consulta incidentes CFDI" | G105: =IF(LEN($C105)>0,"",'Casos de Prueba'!F104&CHAR(10)&'Casos de Prueba'!G104) -> El sistema muestra el RFC del empleado autenticado con la opción Salir. El sistema muestra las opciones: Tipo de consulta Lista desplegable (Opciones inhabilitadas) Folio Fiscal Por Fechas Fecha Inicial de Recepción* Fecha Final de Recepción* Versión del comprobante (Valor es por default 4.0) PAC Botón "Consultar Incidentes"
D106: =IF('Casos de Prueba'!B105<>0,'Casos de Prueba'!B105&"-"&'Casos de Prueba'!C105,"") | E106: =IF(LEN($C106)>0,"",'Casos de Prueba'!D105) -> 3 | F106: =IF(LEN($C106)>0,"",'Casos de Prueba'!E105) -> Selecciona en el campo "Tipo de Consulta": Incidentes Servicio de Recepción | G106: =IF(LEN($C106)>0,"",'Casos de Prueba'!F105&CHAR(10)&'Casos de Prueba'!G105) -> El sistema muestra las opciones: Los campos marcados con (*) son obligatorios Tipo de consulta: Incidentes Servicio de Recepción Opción: Folio Fiscal Textbox: Folio Fiscal Digital* Opción: Por Fechas Tooltip Checkbox (Comprobantes Rechazados). Fecha Inicial de Recepción* Fecha Final de Recepción* PAC Botón "Consultar Incidentes" Al seleccionar el botón para la consulta por periodo de fecha el sistema mostrará un Checkbox "Comprobantes Rechazados” y seleccionando esta opción solo se podrán visualizar los comprobantes que fueron rechazados por el servicio de recepción La consulta por fecha con el Checkbox desactivado, permitirá realizar solo la búsqueda de los comprobantes recibidos por el servicio de recepción Version por default 4.0
D107: =IF('Casos de Prueba'!B106<>0,'Casos de Prueba'!B106&"-"&'Casos de Prueba'!C106,"") | E107: =IF(LEN($C107)>0,"",'Casos de Prueba'!D106) -> 4 | F107: =IF(LEN($C107)>0,"",'Casos de Prueba'!E106) -> Seleccionar la opcion Por Fechas y agregar los valores: Campo Fecha Inicial de Recepción* Campo Fecha Final de Recepción.* PAC Los campos marcados con (*) son obligatorios Dar clic en el botón "Consultar Incidentes". | G107: =IF(LEN($C107)>0,"",'Casos de Prueba'!F106&CHAR(10)&'Casos de Prueba'!G106) -> El campo Folio Fiscal se deshabilita. El resultado de la consulta deberá mostrarse en una tabla con el título “Resultado de consulta” y la información: • RFC del PAC • Nombre o Razón Social • Evento • Mensaje • Total • Detalle(Boton) Importante mencionar que, el resultado se debe agrupar por tipo de error y presentarse de forma general, Version por default 4.0
D108: =IF('Casos de Prueba'!B107<>0,'Casos de Prueba'!B107&"-"&'Casos de Prueba'!C107,"") | E108: =IF(LEN($C108)>0,"",'Casos de Prueba'!D107) -> 5 | F108: =IF(LEN($C108)>0,"",'Casos de Prueba'!E107) -> De los resultados, se selecciona un registro y se da clic en el boton de "Ver detalle". | G108: =IF(LEN($C108)>0,"",'Casos de Prueba'!F107&CHAR(10)&'Casos de Prueba'!G107) -> El sistema muestra una subpantalla con la siguiente información: • RFC PAC: El RFC del Proveedor. • Nombre o Razón Social: La razón social del Proveedor. • Clave de evento: Clave del evento de incidencia de recepción • Evento: Descripción del evento de incidencia de recepción. Tabla: (Registros de Incidentes) o UUID: Folio Fiscal de los comprobantes asociados al incidente o Fecha de registro del incidente: Fecha en que se recibió el incidente.* Botones: .Exportar Detalle a PDF .Exportar Resultados a JSON El orden de los registros es ordenada por el valor del campo “Fecha de registro del incidente” del más reciente a los más antiguos.
D109: =IF('Casos de Prueba'!B108<>0,'Casos de Prueba'!B108&"-"&'Casos de Prueba'!C108,"") | E109: =IF(LEN($C109)>0,"",'Casos de Prueba'!D108) -> 6 | F109: =IF(LEN($C109)>0,"",'Casos de Prueba'!E108) -> Dar clic en el botón "Exportar Detalle a PDF" | G109: =IF(LEN($C109)>0,"",'Casos de Prueba'!F108&CHAR(10)&'Casos de Prueba'!G108) -> Al seleccionar este botón se debe generar una petición de descarga para los registros de incidentes que se muestran en la ventana ‘Detalle de Consulta’ en formato JSON. A. Máximo 100 registros de incidencias. Al seleccionar el botón ‘Exportar Detalle a PDF se debe mostrar que el PDF se encuentra en proceso de descarga.
D110: =IF('Casos de Prueba'!B109<>0,'Casos de Prueba'!B109&"-"&'Casos de Prueba'!C109,"") | E110: =IF(LEN($C110)>0,"",'Casos de Prueba'!D109) -> 7 | F110: =IF(LEN($C110)>0,"",'Casos de Prueba'!E109) -> Da clic en Cerrar Sesion | G110: =IF(LEN($C110)>0,"",'Casos de Prueba'!F109&CHAR(10)&'Casos de Prueba'!G109) -> Cierra la sesión del RFC Fin del caso
D111: =IF('Casos de Prueba'!B110<>0,'Casos de Prueba'!B110&"-"&'Casos de Prueba'!C110,"") -> CP15-/FechaExportarJSON | G111: =IF(LEN($C111)>0,"",'Casos de Prueba'!F110&CHAR(10)&'Casos de Prueba'!G110)
D112: =IF('Casos de Prueba'!B111<>0,'Casos de Prueba'!B111&"-"&'Casos de Prueba'!C111,"") | E112: =IF(LEN($C112)>0,"",'Casos de Prueba'!D111) -> 1 | F112: =IF(LEN($C112)>0,"",'Casos de Prueba'!E111) -> Usuario ingresa al Portal de Incidentes | G112: =IF(LEN($C112)>0,"",'Casos de Prueba'!F111&CHAR(10)&'Casos de Prueba'!G111) -> El sistema muestra las siguientes opciones: - Consulta incidentes CFDI - Consulta incidentes CFDI Retenciones -Recuperar descargas Detalle de consulta de incidencias’ El Usuario previamente se autenticó y accedió al portal de Incidentes
D113: =IF('Casos de Prueba'!B112<>0,'Casos de Prueba'!B112&"-"&'Casos de Prueba'!C112,"") | E113: =IF(LEN($C113)>0,"",'Casos de Prueba'!D112) -> 2 | F113: =IF(LEN($C113)>0,"",'Casos de Prueba'!E112) -> Da clic en "Consulta incidentes CFDI" | G113: =IF(LEN($C113)>0,"",'Casos de Prueba'!F112&CHAR(10)&'Casos de Prueba'!G112) -> El sistema muestra el RFC del empleado autenticado con la opción Salir. El sistema muestra las opciones: Tipo de consulta Lista desplegable (Opciones inhabilitadas) Folio Fiscal Por Fechas Fecha Inicial de Recepción* Fecha Final de Recepción* Versión del comprobante (Valor es por default 4.0) PAC Botón "Consultar Incidentes"
D114: =IF('Casos de Prueba'!B113<>0,'Casos de Prueba'!B113&"-"&'Casos de Prueba'!C113,"") | E114: =IF(LEN($C114)>0,"",'Casos de Prueba'!D113) -> 3 | F114: =IF(LEN($C114)>0,"",'Casos de Prueba'!E113) -> Selecciona en el campo "Tipo de Consulta": Incidentes Servicio de Recepción | G114: =IF(LEN($C114)>0,"",'Casos de Prueba'!F113&CHAR(10)&'Casos de Prueba'!G113) -> El sistema muestra las opciones: Los campos marcados con (*) son obligatorios Tipo de consulta: Incidentes Servicio de Recepción Opción: Folio Fiscal Textbox: Folio Fiscal Digital* Opción: Por Fechas Tooltip Checkbox (Comprobantes Rechazados). Fecha Inicial de Recepción* Fecha Final de Recepción* PAC Botón "Consultar Incidentes" Al seleccionar el botón para la consulta por periodo de fecha el sistema mostrará un Checkbox "Comprobantes Rechazados” y seleccionando esta opción solo se podrán visualizar los comprobantes que fueron rechazados por el servicio de recepción La consulta por fecha con el Checkbox desactivado, permitirá realizar solo la búsqueda de los comprobantes recibidos por el servicio de recepción Version por default 4.0
D115: =IF('Casos de Prueba'!B114<>0,'Casos de Prueba'!B114&"-"&'Casos de Prueba'!C114,"") | E115: =IF(LEN($C115)>0,"",'Casos de Prueba'!D114) -> 4 | F115: =IF(LEN($C115)>0,"",'Casos de Prueba'!E114) -> Seleccionar la opcion Por Fechas y agregar los valores: Campo Fecha Inicial de Recepción* Campo Fecha Final de Recepción.* PAC Los campos marcados con (*) son obligatorios Dar clic en el botón "Consultar Incidentes". | G115: =IF(LEN($C115)>0,"",'Casos de Prueba'!F114&CHAR(10)&'Casos de Prueba'!G114) -> El campo Folio Fiscal se deshabilita. El resultado de la consulta deberá mostrarse en una tabla con el título “Resultado de consulta” y la información: • RFC del PAC • Nombre o Razón Social • Evento • Mensaje • Total • Detalle(Boton) Importante mencionar que, el resultado se debe agrupar por tipo de error y presentarse de forma general,
D116: =IF('Casos de Prueba'!B115<>0,'Casos de Prueba'!B115&"-"&'Casos de Prueba'!C115,"") | E116: =IF(LEN($C116)>0,"",'Casos de Prueba'!D115) -> 5 | F116: =IF(LEN($C116)>0,"",'Casos de Prueba'!E115) -> De los resultados, se selecciona un registro y se da clic en el boton de "Ver detalle". | G116: =IF(LEN($C116)>0,"",'Casos de Prueba'!F115&CHAR(10)&'Casos de Prueba'!G115) -> El sistema muestra una subpantalla con la siguiente información: • RFC PAC: El RFC del Proveedor. • Nombre o Razón Social: La razón social del Proveedor. • Clave de evento: Clave del evento de incidencia de recepción • Evento: Descripción del evento de incidencia de recepción. Tabla: (Registros de Incidentes) o UUID: Folio Fiscal de los comprobantes asociados al incidente o Fecha de registro del incidente: Fecha en que se recibió el incidente.* Botones: .Exportar Detalle a PDF .Exportar Resultados a JSON El orden de los registros es ordenada por el valor del campo “Fecha de registro del incidente” del más reciente a los más antiguos.
D117: =IF('Casos de Prueba'!B116<>0,'Casos de Prueba'!B116&"-"&'Casos de Prueba'!C116,"") | E117: =IF(LEN($C117)>0,"",'Casos de Prueba'!D116) -> 6 | F117: =IF(LEN($C117)>0,"",'Casos de Prueba'!E116) -> Dar clic en el botón "Exportar Resultados a JSON" | G117: =IF(LEN($C117)>0,"",'Casos de Prueba'!F116&CHAR(10)&'Casos de Prueba'!G116) -> Al seleccionar este botón se debe generar una petición de descarga para los registros de incidentes que se muestran en la ventana ‘Detalle de Consulta’ en formato JSON. A. Máximo 100 registros de incidencias. Al seleccionar el botón ‘Exportar Detalle a JSON se debe mostrar que el JSON se encuentra en proceso de descarga.
D118: =IF('Casos de Prueba'!B117<>0,'Casos de Prueba'!B117&"-"&'Casos de Prueba'!C117,"") | E118: =IF(LEN($C118)>0,"",'Casos de Prueba'!D117) -> 7 | F118: =IF(LEN($C118)>0,"",'Casos de Prueba'!E117) -> Da clic en Cerrar Sesion | G118: =IF(LEN($C118)>0,"",'Casos de Prueba'!F117&CHAR(10)&'Casos de Prueba'!G117) -> Cierra la sesión del RFC Fin del caso
...

Sheet Devops_Carga
B1: Work Item type | C1: Title | D1: Step Action | E1: Step expected
B2: Test Case | C2: CP01-/Autenticación
D3: 1 | E3: Usuario abre explorador
D4: 2 | E4: Usuario ingresa a la URL correspondiente al Portal | F4: Se muestran los datos para ingresar: Certificado (.cer) Clave privada (.Key) Contraseña de clave privada: Se muestra el campo RFC Se requiere que el usuario al ingresar al aplicativo cuente con una opción que le permita autenticarse mediante su e.firma para lo cual: • Se deberá visualizar el componente para el firmado electrónico, el cual debe apegarse a los lineamientos institucionales vigentes por el área de Seguridad del SAT. • Se solicitarán los archivos del certificado, clave privada y contraseña vigentes. • Se mostrarán los mensajes de validación de los campos proporcionados por el empleado conforme a los lineamientos institucionales vigentes por el área de Seguridad del SAT.
D5: 3 | E5: Usuario da clic en buscar y selecciona el archivo correspondiente a su certificado | F5: Se muestra el dato en el campo certificado y en el campo RFC el dato del RFC del empleado
D6: 4 | E6: Usuario da clic en buscar y selecciona el archivo correspondiente a su clave privada | F6: Se muestra el dato en el campo clave privada
D7: 5 | E7: Usuario ingresa su contraseña | F7: Se muestra oculto el dato en el campo contraseña
D8: 6 | E8: Da clic en enviar | F8: Si la autenticación es correcta, el aplicativo abre la página principal del Portal de Incidencias con las opciones: - Consulta incidentes CFDI - Consulta incidentes CFDI Retenciones - Recuperar descargas Detalle de cosulta de incidencias En caso de que el empleado no cuente con los permisos asignados conforme a los roles establecidos, el aplicativo mostrará el mensaje: “El Usuario no cuenta con los privilegios de acceso” y no se va a permitir su acceso.
C9: CP02-/Autenticación_Cer_Key_Incorrecto
D10: 1 | E10: Usuario abre explorador
D11: 2 | E11: Usuario ingresa a la URL correspondiente al Portal | F11: Se muestran los datos para ingresar: Certificado (.cer) Clave privada (.Key) Contraseña de clave privada: Se muestra el campo RFC
D12: 3 | E12: Usuario da clic en buscar y selecciona el archivo correspondiente a su certificado | F12: Se muestra el dato en el campo certificado y en el campo RFC el dato del RFC del empleado El Usuario previamente se autenticó y accedió al portal
D13: 4 | E13: Usuario da clic en buscar y selecciona el archivo correspondiente a su clave privada | F13: Se muestra el dato en el campo clave privada
D14: 5 | E14: Usuario ingresa su contraseña | F14: Se muestra oculto el dato en el campo contraseña
D15: 6 | E15: Da clic en enviar | F15: El sistema muestra mensaje: El certificado no corresponde con la llave privada. Y no permite el acceso al Portal de Incidentes
C16: CP03-/Autenticación_Contraseña_Incorrecto
D17: 1 | E17: Usuario abre explorador
D18: 2 | E18: Usuario ingresa a la URL correspondiente al Portal | F18: Se muestran los datos para ingresar: Certificado (.cer) Clave privada (.Key) Contraseña de clave privada: Se muestra el campo RFC
D19: 3 | E19: Usuario da clic en buscar y selecciona el archivo correspondiente a su certificado | F19: Se muestra el dato en el campo certificado y en el campo RFC el dato del RFC del empleado
D20: 4 | E20: Usuario da clic en buscar y selecciona el archivo correspondiente a su clave privada | F20: Se muestra el dato en el campo clave privada
D21: 5 | E21: Usuario ingresa su contraseña incorrecta | F21: Se muestra oculto el dato en el campo contraseña
D22: 6 | E22: Da clic en enviar | F22: El sistema muestra mensaje: Certificado, clave privada o contraseña de clave privada inválidos, inténtelo nuevamente.
C23: CP04-/Inactividad
D24: 1 | E24: Usuario ingresa al Portal de Incidentes | F24: El sistema muestra las siguientes opciones: - Consulta incidentes CFDI - Consulta incidentes CFDI Retenciones -Recuperar descargas Detalle de consulta de incidencias’ El Usuario previamente se autenticó y accedió al portal de Incidentes
D25: 2 | E25: Da clic en "Consulta incidentes CFDI" | F25: El sistema muestra el RFC del empleado autenticado con la opción Salir. El sistema muestra las opciones: .Tipo de consulta Opción: Folio Fiscal* .Folio Fiscal Digital Opción: Por Fechas .Fecha Inicial de Recepción* .Fecha Final de Recepción* .Versión del comprobante (El valor es por default) .PAC Botón "Consultar Incidentes"
D26: 3 | E26: Dejar la sesión abierta | F26: La sesión debe cerrarse de forma automática cuando esta se encuentre inactiva por el usuario y permanezca abierta en un plazo mayor a 10 minutos Se muestra el siguiente mensaje: "Ha salido de la sesión. Se recomienda que cierre el navegador para completar la terminación de esta sesión"
C27: CP05-/Salir
D28: 1 | E28: Usuario ingresa al Portal de Incidentes | F28: El sistema muestra las siguientes opciones: - Consulta Incidentes CFDI - Consulta Incidentes CFDI de Retenciones -Recuperar descargas Detalle de consulta de incidencias’ El Usuario previamente se autenticó y accedió al portal de Cancelaciones
D29: 2 | E29: Da clic en "Consulta Incidentes CFDI" | F29: El sistema muestra el RFC del empleado autenticado con la opción Salir. El sistema muestra las opciones: .Tipo de consulta Opción: Folio Fiscal*Tooltip .Folio Fiscal Digital Opción: Por Fechas .Fecha Inicial de Recepción* .Fecha Final de Recepción* .Versión del comprobante (El valor es por default) .PAC Botón "Consultar Incidentes"
D30: 3 | E30: Da clic en Cerrar Sesion | F30: Cierra la sesión del RFC
C31: CP06-/FolioFiscalConsulta
D32: 1 | E32: Usuario ingresa al Portal de Incidentes | F32: El sistema muestra las siguientes opciones: - Consulta incidentes CFDI - Consulta incidentes CFDI Retenciones -Recuperar descargas Detalle de consulta de incidencias’ El Usuario previamente se autenticó y accedió al portal de Incidentes
D33: 2 | E33: Da clic en "Consulta incidentes CFDI" | F33: El sistema muestra el RFC del empleado autenticado con la opción Salir. El sistema muestra las opciones: Tipo de consulta Lista desplegable (Opciones inhabilitadas) Folio Fiscal Por Fechas Fecha Inicial de Recepción* Fecha Final de Recepción* Versión del comprobante (Valor es por default 4.0) PAC Botón "Consultar Incidentes"
D34: 3 | E34: Selecciona en el campo "Tipo de Consulta": Incidentes Servicio de Recepción | F34: El sistema muestra las opciones: Los campos marcados con (*) son obligatorios Tipo de consulta: Incidentes Servicio de Recepción Opción: Folio Fiscal Textbox: Folio Fiscal Digital* Opción: Por Fechas Tooltip Checkbox (Comprobantes Rechazados). Fecha Inicial de Recepción* Fecha Final de Recepción* PAC Botón "Consultar Incidentes" Al seleccionar la opción por Folio Fiscal y al colocar el cursor en el tooltip “?” el sistema deberá mostrar el siguiente mensaje y el sistema aplicará lo que menciona el mismo: "En esta opción sólo se podrán visualizar las incidencias de los comprobantes que fueron recibidos" Version por default 4.0
D35: 4 | E35: Selecciona el campo Folio Fiscal e ingresa el UUID del comprobante del cual se desea conocer los incidentes registrados | F35: El sistema muestra los datos que se van ingresando
D36: 5 | E36: Se da clic en el botón "Consultar Incidentes" | F36: El servicio inhabilita la sección de Fecha Inicial y Final de Recepción. El sistema deberá mostrar en una tabla los resultados obtenidos de la consulta: • RFC del PAC • Nombre o Razón Social • Evento • Mensaje • Total • Detalle (Boton)
D37: 6 | E37: Da clic en Cerrar Sesion | F37: Cierra la sesión del RFC Fin del caso
C38: CP07-/MsgErrorConsultaCFDIVacio
D39: 1 | E39: Usuario ingresa al Portal de Incidentes | F39: El sistema muestra las siguientes opciones: - Consulta incidentes CFDI - Consulta incidentes CFDI Retenciones -Recuperar descargas Detalle de consulta de incidencias’ El Usuario previamente se autenticó y accedió al portal de Incidentes
D40: 2 | E40: Da clic en "Consulta incidentes CFDI" | F40: El sistema muestra el RFC del empleado autenticado con la opción Salir. El sistema muestra las opciones: Tipo de consulta Lista desplegable (Opciones inhabilitadas) Folio Fiscal Por Fechas Fecha Inicial de Recepción* Fecha Final de Recepción* Versión del comprobante (Valor es por default 4.0) PAC Botón "Consultar Incidentes"
D41: 3 | E41: Selecciona en el campo "Tipo de Consulta": Incidentes Servicio de Recepción | F41: El sistema muestra las opciones: Los campos marcados con (*) son obligatorios Tipo de consulta: Incidentes Servicio de Recepción Opción: Folio Fiscal Textbox: Folio Fiscal Digital* Opción: Por Fechas Tooltip Checkbox (Comprobantes Rechazados). Fecha Inicial de Recepción* Fecha Final de Recepción* PAC Botón "Consultar Incidentes" Al seleccionar la opción por Folio Fiscal y al colocar el cursor en el tooltip “?” el sistema deberá mostrar el siguiente mensaje y el sistema aplicará lo que menciona el mismo: "En esta opción sólo se podrán visualizar las incidencias de los comprobantes que fueron recibidos" Version por default 4.0
D42: 4 | E42: Se da clic en el botón "Consultar Incidentes" Nota: Para este caso de prueba no se ingresa el valor del Folio Fiscal | F42: El aplicativo muestra el siguiente mensaje “ERROR: Favor de ingresar el folio fiscal”.
D43: 5 | E43: Da clic en Cerrar Sesion | F43: Cierra la sesión del RFC Fin del caso
C44: CP08-/MsgErrorConsultaCFDIFormatoIncorrecto
D45: 1 | E45: Usuario ingresa al Portal de Incidentes | F45: El sistema muestra las siguientes opciones: - Consulta incidentes CFDI - Consulta incidentes CFDI Retenciones -Recuperar descargas Detalle de consulta de incidencias’ El Usuario previamente se autenticó y accedió al portal de Incidentes
D46: 2 | E46: Da clic en "Consulta incidentes CFDI" | F46: El sistema muestra el RFC del empleado autenticado con la opción Salir. El sistema muestra las opciones: Tipo de consulta Lista desplegable (Opciones inhabilitadas) Folio Fiscal Por Fechas Fecha Inicial de Recepción* Fecha Final de Recepción* Versión del comprobante (Valor es por default 4.0) PAC Botón "Consultar Incidentes"
D47: 3 | E47: Selecciona en el campo "Tipo de Consulta": Incidentes Servicio de Recepción | F47: El sistema muestra las opciones: Los campos marcados con (*) son obligatorios Tipo de consulta: Incidentes Servicio de Recepción Opción: Folio Fiscal Textbox: Folio Fiscal Digital* Opción: Por Fechas Tooltip Checkbox (Comprobantes Rechazados). Fecha Inicial de Recepción* Fecha Final de Recepción* PAC Botón "Consultar Incidentes" Al seleccionar la opción por Folio Fiscal y al colocar el cursor en el tooltip “?” el sistema deberá mostrar el siguiente mensaje y el sistema aplicará lo que menciona el mismo: "En esta opción sólo se podrán visualizar las incidencias de los comprobantes que fueron recibidos" Version por default 4.0
D48: 4 | E48: Selecciona el campo Folio Fiscal e ingresa el UUID del comprobante el cual no cumple con la estructura y selecciona la opción "Consultar Incidentes". | F48: El aplicativo muestra el siguiente mensaje: • “ERROR: El Folio Fiscal no cumple con el formato correcto, favor de ingresarlo nuevamente”.
D49: 5 | E49: Da clic en Cerrar Sesion | F49: Cierra la sesión del RFC Fin del caso
C50: CP09-/MsgErrorConsultaCFDIRetenciones
D51: 1 | E51: Usuario ingresa al Portal de Incidentes | F51: El sistema muestra las siguientes opciones: - Consulta incidentes CFDI - Consulta incidentes CFDI Retenciones -Recuperar descargas Detalle de consulta de incidencias’ El Usuario previamente se autenticó y accedió al portal de Incidentes
D52: 2 | E52: Da clic en "Consulta incidentes CFDI" | F52: El sistema muestra el RFC del empleado autenticado con la opción Salir. El sistema muestra las opciones: Tipo de consulta Lista desplegable (Opciones inhabilitadas) Folio Fiscal Por Fechas Fecha Inicial de Recepción* Fecha Final de Recepción* Versión del comprobante (Valor es por default 4.0) PAC Botón "Consultar Incidentes"
D53: 3 | E53: Selecciona en el campo "Tipo de Consulta": Incidentes Servicio de Recepción | F53: El sistema muestra las opciones: Los campos marcados con (*) son obligatorios Tipo de consulta: Incidentes Servicio de Recepción Opción: Folio Fiscal Textbox: Folio Fiscal Digital* Opción: Por Fechas Tooltip Checkbox (Comprobantes Rechazados). Fecha Inicial de Recepción* Fecha Final de Recepción* PAC Botón "Consultar Incidentes" Al seleccionar la opción por Folio Fiscal y al colocar el cursor en el tooltip “?” el sistema deberá mostrar el siguiente mensaje y el sistema aplicará lo que menciona el mismo: "En esta opción sólo se podrán visualizar las incidencias de los comprobantes que fueron recibidos"
D54: 4 | E54: Selecciona el campo Folio Fiscal e ingresa el UUID del comprobante y es de tipo CFDI de Retenciones y selecciona la opción "Consultar Incidentes". | F54: El aplicativo muestra el siguiente mensaje: “ERROR: El Folio Fiscal que desea consultar no se encuentra en la BD”. Nota: Este mensaje de error aparece porque se quiere consultar un comprobante CFDI de Retenciones.
D55: 5 | E55: Da clic en Cerrar Sesion | F55: Cierra la sesión del RFC Fin del caso
C56: CP10-/FolioFiscalExportarPDF
D57: 1 | E57: Usuario ingresa al Portal de Incidentes | F57: El sistema muestra las siguientes opciones: - Consulta incidentes CFDI - Consulta incidentes CFDI Retenciones -Recuperar descargas Detalle de consulta de incidencias’ El Usuario previamente se autenticó y accedió al portal de Incidentes
D58: 2 | E58: Da clic en "Consulta incidentes CFDI" | F58: El sistema muestra el RFC del empleado autenticado con la opción Salir. El sistema muestra las opciones: Tipo de consulta Lista desplegable (Opciones inhabilitadas) Folio Fiscal Por Fechas Fecha Inicial de Recepción* Fecha Final de Recepción* Versión del comprobante (Valor es por default 4.0) PAC Botón "Consultar Incidentes"
D59: 3 | E59: Selecciona en el campo "Tipo de Consulta": Incidentes Servicio de Recepción | F59: El sistema muestra las opciones: Los campos marcados con (*) son obligatorios Tipo de consulta: Incidentes Servicio de Recepción Opción: Folio Fiscal Textbox: Folio Fiscal Digital* Opción: Por Fechas Tooltip Checkbox (Comprobantes Rechazados). Fecha Inicial de Recepción* Fecha Final de Recepción* PAC Botón "Consultar Incidentes" Al seleccionar la opción por Folio Fiscal y al colocar el cursor en el tooltip “?” el sistema deberá mostrar el siguiente mensaje y el sistema aplicará lo que menciona el mismo: "En esta opción sólo se podrán visualizar las incidencias de los comprobantes que fueron recibidos" Version por default 4.0
D60: 4 | E60: Selecciona el campo Folio Fiscal e ingresa el UUID del comprobante del cual se desea conocer los incidentes registrados | F60: El sistema muestra los datos que se van ingresando
D61: 5 | E61: Se da clic en el botón "Consultar Incidentes" | F61: El servicio inhabilita la sección de Fecha Inicial y Final de Recepción. El sistema deberá mostrar en una tabla los resultados obtenidos de la consulta: • RFC del PAC • Nombre o Razón Social • Evento • Mensaje • Total • Detalle (Boton)
D62: 6 | E62: Selecciona el registro y dar clic en el boton de "Ver detalle" | F62: El sistema muestra una subpantalla con la siguiente información: • RFC PAC: El RFC del Proveedor. • Nombre o Razón Social: La razón social del Proveedor. • Clave de evento: Clave del evento de incidencia de recepción • Evento: Descripción del evento de incidencia de recepción. Tabla: (Registros de Incidentes) o UUID: Folio Fiscal de los comprobantes asociados al incidente o Fecha de registro del incidente: Fecha en que se recibió el incidente.* Botones: .Exportar Detalle a PDF .Exportar Resultados a JSON
D63: 7 | E63: Dar clic en el botón "Exportar Detalle a PDF" | F63: Al seleccionar este botón se debe generar una petición de descarga para los registros de incidentes que se muestran en la ventana ‘Detalle de Consulta’. Al seleccionar el botón ‘Exportar Detalle a PDF’ se debe mostrar que el PDF se encuentra en proceso de descarga.
D64: 8 | E64: Da clic en Cerrar Sesion | F64: Cierra la sesión del RFC Fin del caso
C65: CP11-/FolioFiscalExportarJSON
D66: 1 | E66: Usuario ingresa al Portal de Incidentes | F66: El sistema muestra las siguientes opciones: - Consulta incidentes CFDI - Consulta incidentes CFDI Retenciones -Recuperar descargas Detalle de consulta de incidencias’ El Usuario previamente se autenticó y accedió al portal de Incidentes
D67: 2 | E67: Da clic en "Consulta incidentes CFDI" | F67: El sistema muestra el RFC del empleado autenticado con la opción Salir. El sistema muestra las opciones: Tipo de consulta Lista desplegable (Opciones inhabilitadas) Folio Fiscal Por Fechas Fecha Inicial de Recepción* Fecha Final de Recepción* Versión del comprobante (Valor es por default 4.0) PAC Botón "Consultar Incidentes"
D68: 3 | E68: Selecciona en el campo "Tipo de Consulta": Incidentes Servicio de Recepción | F68: El sistema muestra las opciones: Los campos marcados con (*) son obligatorios Tipo de consulta: Incidentes Servicio de Recepción Opción: Folio Fiscal Textbox: Folio Fiscal Digital* Opción: Por Fechas Tooltip Checkbox (Comprobantes Rechazados). Fecha Inicial de Recepción* Fecha Final de Recepción* PAC Botón "Consultar Incidentes" Al seleccionar la opción por Folio Fiscal y al colocar el cursor en el tooltip “?” el sistema deberá mostrar el siguiente mensaje y el sistema aplicará lo que menciona el mismo: "En esta opción sólo se podrán visualizar las incidencias de los comprobantes que fueron recibidos" Version por default 4.0
D69: 4 | E69: Selecciona el campo Folio Fiscal e ingresa el UUID del comprobante del cual se desea conocer los incidentes registrados | F69: El sistema muestra los datos que se van ingresando
D70: 5 | E70: Se da clic en el botón "Consultar Incidentes" | F70: El servicio inhabilita la sección de Fecha Inicial y Final de Recepción. El sistema deberá mostrar en una tabla los resultados obtenidos de la consulta: • RFC del PAC • Nombre o Razón Social • Evento • Mensaje • Total • Detalle (Boton)
D71: 6 | E71: Selecciona el registro y dar clic en el boton de "Ver detalle" | F71: El sistema muestra una subpantalla con la siguiente información: • RFC PAC: El RFC del Proveedor. • Nombre o Razón Social: La razón social del Proveedor. • Clave de evento: Clave del evento de incidencia de recepción • Evento: Descripción del evento de incidencia de recepción. Tabla: (Registros de Incidentes) o UUID: Folio Fiscal de los comprobantes asociados al incidente o Fecha de registro del incidente: Fecha en que se recibió el incidente.* Botones: .Exportar Detalle a PDF .Exportar Resultados a JSON
D72: 7 | E72: Dar clic en el botón "Exportar Resultados a JSON" | F72: Al seleccionar este botón se debe generar una petición de descarga para los registros de incidentes que se muestran en la ventana ‘Detalle de Consulta’ en formato JSON. Al seleccionar el botón ‘Exportar Detalle a JSON se debe mostrar que el JSON se encuentra en proceso de descarga.
D73: 8 | E73: Da clic en Cerrar Sesion | F73: Cierra la sesión del RFC Fin del caso
C74: CP12-/FechaConsulta
D75: 1 | E75: Usuario ingresa al Portal de Incidentes | F75: El sistema muestra las siguientes opciones: - Consulta incidentes CFDI - Consulta incidentes CFDI Retenciones -Recuperar descargas Detalle de consulta de incidencias’ El Usuario previamente se autenticó y accedió al portal de Incidentes
D76: 2 | E76: Da clic en "Consulta incidentes CFDI" | F76: El sistema muestra el RFC del empleado autenticado con la opción Salir. El sistema muestra las opciones: Tipo de consulta Lista desplegable (Opciones inhabilitadas) Folio Fiscal Por Fechas Fecha Inicial de Recepción* Fecha Final de Recepción* Versión del comprobante (Valor es por default 4.0) PAC Botón "Consultar Incidentes"
D77: 3 | E77: Selecciona en el campo "Tipo de Consulta": Incidentes Servicio de Recepción | F77: El sistema muestra las opciones: Los campos marcados con (*) son obligatorios Tipo de consulta: Incidentes Servicio de Recepción Opción: Folio Fiscal Textbox: Folio Fiscal Digital* Opción: Por Fechas Tooltip Checkbox (Comprobantes Rechazados). Fecha Inicial de Recepción* Fecha Final de Recepción* PAC Botón "Consultar Incidentes" Al seleccionar el botón para la consulta por periodo de fecha el sistema mostrará un Checkbox "Comprobantes Rechazados” y seleccionando esta opción solo se podrán visualizar los comprobantes que fueron rechazados por el servicio de recepción La consulta por fecha con el Checkbox desactivado, permitirá realizar solo la búsqueda de los comprobantes recibidos por el servicio de recepción Version por default 4.0
D78: 4 | E78: Seleccionar la opcion Por Fechas y agregar los valores: Campo Fecha Inicial de Recepción* Campo Fecha Final de Recepción.* PAC Los campos marcados con (*) son obligatorios Dar clic en el botón "Consultar Incidentes". | F78: El campo Folio Fiscal se deshabilita. El resultado de la consulta deberá mostrarse en una tabla con el título “Resultado de consulta” y la información: • RFC del PAC • Nombre o Razón Social • Evento • Mensaje • Total • Detalle(Boton) Importante mencionar que, el resultado se debe agrupar por tipo de error y presentarse de forma general,
D79: 5 | E79: Da clic en Cerrar Sesion | F79: Cierra la sesión del RFC Fin del caso
C80: CP13-/FechaMsgErrorConsultaRangoFecha
D81: 1 | E81: Usuario ingresa al Portal de Incidentes | F81: El sistema muestra las siguientes opciones: - Consulta incidentes CFDI - Consulta incidentes CFDI Retenciones -Recuperar descargas Detalle de consulta de incidencias’ El Usuario previamente se autenticó y accedió al portal de Incidentes
D82: 2 | E82: Da clic en "Consulta incidentes CFDI" | F82: El sistema muestra el RFC del empleado autenticado con la opción Salir. El sistema muestra las opciones: Tipo de consulta Lista desplegable (Opciones inhabilitadas) Folio Fiscal Por Fechas Fecha Inicial de Recepción* Fecha Final de Recepción* Versión del comprobante (Valor es por default 4.0) PAC Botón "Consultar Incidentes"
D83: 3 | E83: Selecciona en el campo "Tipo de Consulta": Incidentes Servicio de Recepción | F83: El sistema muestra las opciones: Los campos marcados con (*) son obligatorios Tipo de consulta: Incidentes Servicio de Recepción Opción: Folio Fiscal Textbox: Folio Fiscal Digital* Opción: Por Fechas Tooltip Checkbox (Comprobantes Rechazados). Fecha Inicial de Recepción* Fecha Final de Recepción* PAC Botón "Consultar Incidentes" Al seleccionar el botón para la consulta por periodo de fecha el sistema mostrará un Checkbox "Comprobantes Rechazados” y seleccionando esta opción solo se podrán visualizar los comprobantes que fueron rechazados por el servicio de recepción La consulta por fecha con el Checkbox desactivado, permitirá realizar solo la búsqueda de los comprobantes recibidos por el servicio de recepción Version por default 4.0
D84: 4 | E84: Seleccionar la opcion Por Fechas y agregar los valores: Campo Fecha Inicial de Recepción* Campo Fecha Final de Recepción.* PAC Los campos marcados con (*) son obligatorios Dar clic en el botón "Consultar Incidentes". Nota: Para este caso de prueba se debe seleccionar un rango mayor a un mes | F84: Cuando se ingrese un rango de fechas mayor a un mes y se seleccione el botón “Consultar Incidentes”, el aplicativo deberá mostrar el siguiente mensaje de error: • “ERROR: La consulta no debe ser mayor a un mes”. Importante mencionar que, el resultado se debe agrupar por tipo de error y presentarse de forma general, Campo "Versión del comprobante" por default tiene el valor 4.0 Al seleccionar el botón para la consulta por periodo de fecha de emisión, se debe deshabilitar el campo correspondiente a la consulta de Folio Fiscal. La consulta por fecha no deberá ser mayor a un mes. Por defecto, el valor que se mostrará en ambas fechas será del día en que el usuario de negocio ingresa al sistema.
D85: 5 | E85: Da clic en Cerrar Sesion | F85: Cierra la sesión del RFC Fin del caso
C86: CP14-/FechaExportarPDF
D87: 1 | E87: Usuario ingresa al Portal de Incidentes | F87: El sistema muestra las siguientes opciones: - Consulta incidentes CFDI - Consulta incidentes CFDI Retenciones -Recuperar descargas Detalle de consulta de incidencias’ El Usuario previamente se autenticó y accedió al portal de Incidentes
D88: 2 | E88: Da clic en "Consulta incidentes CFDI" | F88: El sistema muestra el RFC del empleado autenticado con la opción Salir. El sistema muestra las opciones: Tipo de consulta Lista desplegable (Opciones inhabilitadas) Folio Fiscal Por Fechas Fecha Inicial de Recepción* Fecha Final de Recepción* Versión del comprobante (Valor es por default 4.0) PAC Botón "Consultar Incidentes"
D89: 3 | E89: Selecciona en el campo "Tipo de Consulta": Incidentes Servicio de Recepción | F89: El sistema muestra las opciones: Los campos marcados con (*) son obligatorios Tipo de consulta: Incidentes Servicio de Recepción Opción: Folio Fiscal Textbox: Folio Fiscal Digital* Opción: Por Fechas Tooltip Checkbox (Comprobantes Rechazados). Fecha Inicial de Recepción* Fecha Final de Recepción* PAC Botón "Consultar Incidentes" Al seleccionar el botón para la consulta por periodo de fecha el sistema mostrará un Checkbox "Comprobantes Rechazados” y seleccionando esta opción solo se podrán visualizar los comprobantes que fueron rechazados por el servicio de recepción La consulta por fecha con el Checkbox desactivado, permitirá realizar solo la búsqueda de los comprobantes recibidos por el servicio de recepción Version por default 4.0
D90: 4 | E90: Seleccionar la opcion Por Fechas y agregar los valores: Campo Fecha Inicial de Recepción* Campo Fecha Final de Recepción.* PAC Los campos marcados con (*) son obligatorios Dar clic en el botón "Consultar Incidentes". | F90: El campo Folio Fiscal se deshabilita. El resultado de la consulta deberá mostrarse en una tabla con el título “Resultado de consulta” y la información: • RFC del PAC • Nombre o Razón Social • Evento • Mensaje • Total • Detalle(Boton) Importante mencionar que, el resultado se debe agrupar por tipo de error y presentarse de forma general, Version por default 4.0
D91: 5 | E91: De los resultados, se selecciona un registro y se da clic en el boton de "Ver detalle". | F91: El sistema muestra una subpantalla con la siguiente información: • RFC PAC: El RFC del Proveedor. • Nombre o Razón Social: La razón social del Proveedor. • Clave de evento: Clave del evento de incidencia de recepción • Evento: Descripción del evento de incidencia de recepción. Tabla: (Registros de Incidentes) o UUID: Folio Fiscal de los comprobantes asociados al incidente o Fecha de registro del incidente: Fecha en que se recibió el incidente.* Botones: .Exportar Detalle a PDF .Exportar Resultados a JSON El orden de los registros es ordenada por el valor del campo “Fecha de registro del incidente” del más reciente a los más antiguos.
D92: 6 | E92: Dar clic en el botón "Exportar Detalle a PDF" | F92: Al seleccionar este botón se debe generar una petición de descarga para los registros de incidentes que se muestran en la ventana ‘Detalle de Consulta’ en formato JSON. A. Máximo 100 registros de incidencias. Al seleccionar el botón ‘Exportar Detalle a PDF se debe mostrar que el PDF se encuentra en proceso de descarga.
D93: 7 | E93: Da clic en Cerrar Sesion | F93: Cierra la sesión del RFC Fin del caso
C94: CP15-/FechaExportarJSON
D95: 1 | E95: Usuario ingresa al Portal de Incidentes | F95: El sistema muestra las siguientes opciones: - Consulta incidentes CFDI - Consulta incidentes CFDI Retenciones -Recuperar descargas Detalle de consulta de incidencias’ El Usuario previamente se autenticó y accedió al portal de Incidentes
D96: 2 | E96: Da clic en "Consulta incidentes CFDI" | F96: El sistema muestra el RFC del empleado autenticado con la opción Salir. El sistema muestra las opciones: Tipo de consulta Lista desplegable (Opciones inhabilitadas) Folio Fiscal Por Fechas Fecha Inicial de Recepción* Fecha Final de Recepción* Versión del comprobante (Valor es por default 4.0) PAC Botón "Consultar Incidentes"
D97: 3 | E97: Selecciona en el campo "Tipo de Consulta": Incidentes Servicio de Recepción | F97: El sistema muestra las opciones: Los campos marcados con (*) son obligatorios Tipo de consulta: Incidentes Servicio de Recepción Opción: Folio Fiscal Textbox: Folio Fiscal Digital* Opción: Por Fechas Tooltip Checkbox (Comprobantes Rechazados). Fecha Inicial de Recepción* Fecha Final de Recepción* PAC Botón "Consultar Incidentes" Al seleccionar el botón para la consulta por periodo de fecha el sistema mostrará un Checkbox "Comprobantes Rechazados” y seleccionando esta opción solo se podrán visualizar los comprobantes que fueron rechazados por el servicio de recepción La consulta por fecha con el Checkbox desactivado, permitirá realizar solo la búsqueda de los comprobantes recibidos por el servicio de recepción Version por default 4.0
D98: 4 | E98: Seleccionar la opcion Por Fechas y agregar los valores: Campo Fecha Inicial de Recepción* Campo Fecha Final de Recepción.* PAC Los campos marcados con (*) son obligatorios Dar clic en el botón "Consultar Incidentes". | F98: El campo Folio Fiscal se deshabilita. El resultado de la consulta deberá mostrarse en una tabla con el título “Resultado de consulta” y la información: • RFC del PAC • Nombre o Razón Social • Evento • Mensaje • Total • Detalle(Boton) Importante mencionar que, el resultado se debe agrupar por tipo de error y presentarse de forma general,
D99: 5 | E99: De los resultados, se selecciona un registro y se da clic en el boton de "Ver detalle". | F99: El sistema muestra una subpantalla con la siguiente información: • RFC PAC: El RFC del Proveedor. • Nombre o Razón Social: La razón social del Proveedor. • Clave de evento: Clave del evento de incidencia de recepción • Evento: Descripción del evento de incidencia de recepción. Tabla: (Registros de Incidentes) o UUID: Folio Fiscal de los comprobantes asociados al incidente o Fecha de registro del incidente: Fecha en que se recibió el incidente.* Botones: .Exportar Detalle a PDF .Exportar Resultados a JSON El orden de los registros es ordenada por el valor del campo “Fecha de registro del incidente” del más reciente a los más antiguos.
D100: 6 | E100: Dar clic en el botón "Exportar Resultados a JSON" | F100: Al seleccionar este botón se debe generar una petición de descarga para los registros de incidentes que se muestran en la ventana ‘Detalle de Consulta’ en formato JSON. A. Máximo 100 registros de incidencias. Al seleccionar el botón ‘Exportar Detalle a JSON se debe mostrar que el JSON se encuentra en proceso de descarga.
...

Sheet Firmas Conformidad
B2: El uso de la siguiente Sección de Firmas de Conformidad es opcional, dependiendo de la necesidad del consumidor de la información.
B3: Instrucciones:
B4: Registrar en la tabla la información de los participantes en la elaboración, revisión, aprobación, etc. del artefacto.
B7: FIRMAS DE CONFORMIDAD
B8: Autorizó | C8: Autorizó
B10: Nombre: Pedro López Bernal. | C10: Nombre: Diana Maribel Velazquez Barroso
B11: Puesto: Administrador de Gestión de Servicios y Trámites con Medios Electrónicos 3 | C11: Puesto: Administradora de Soluciones de Negocio 3
B12: Fecha: | C12: Fecha:
B13: ‍
B14: Revisó | C14: Revisó
B15: Nombre: Mario Alberto Huerta Velazquez | C15: Nombre: Roberto Benjamín Monroy Vargas
B16: Puesto: Subadministrador de Gestión de Servicios y Trámites con Medios Electrónicos | C16: Puesto: Subadministrador de Soluciones de Negocio
B17: Fecha: | C17: Fecha:
B19: Elaboró | C19: Elaboró
B20: Nombre: Nadia Anahí Ortega Nava | C20: Nombre: Alma Quetzabeth Torres González
B21: Puesto: Jefe de Departamento de Gestión de Servicios y Trámites con Medios Electrónicos | C21: Puesto: Jefe de Departamento de Soluciones de Negocio
B22: Fecha: | C22: Fecha:

Sheet Encabezado
C1: Tomar como referencia el siguiente Encabezado para edición:
H4: Administración General de Comunicaciones y Tecnologías de la Información
H6: Marco Documental 7.0
C7: Fecha de aprobación del Template: 01/11/2021 | E7: Requerimientos de Pruebas Clave del Documento XX_RDP_REQPRUEBAS.xlsx [Nomenclatura del artefacto, punto, extensión del archivo actual] Servicio Administración del Ciclo de Vida de Aplicaciones de TIC Central Dueña: Administración Central de Soluciones de Negocio (ACSN) Central que Elabora: ACSN Central Consumidora: ACDMA | J7: Versión del template: 7.00
H13: Administración General de Comunicaciones y Tecnologías de la Información
H15: Marco Documental 7.0
C16: Fecha de aprobación del Template: 01/11/2021 | E16: Requerimientos de Pruebas RDP-Consulta_Incidentes_Negocio.xlsx | J16: Versión del template: 7.00
