Workbook

Sheet Instrucciones
B15: Objetivo: Identificar los insumos necesarios para pruebas de aceptación de usuario, a través de los casos de prueba, ambientes requeridos, especificación de los datos, cobertura de escenarios y atributos relacionados, a fin de contar con la integración de datos suficientes para la ejecución de las pruebas de la solución tecnológica con el usuario.
B17: Guía de Uso: 1.- Las pestañas "Casos de Prueba" y "Ambientes Requeridos" serán llenadas por la Administración Central de Soluciones de Negocio (ACSN), en la Fase Análisis, Etapa Especificación Funcional. 2.- Las pestañas "Interfaz de Usuario" y "Cobertura" serán llenadas en la Fase Desarrollo por las áreas ténicas que deban participar. En la primera también participará la ACSN en la Fase Pruebas, Etapa Pruebas Funcionales (AVL), por tema de Lineamientos Gráficos del SIAT, y para reflejar resultado de dichas pruebas. 3.- El documento está firmado por los responsables del llenado, incluyendo por el negocio cuando participa en la autorización. 4.- Si la pestaña "Casos de Prueba" incluye varias páginas, debe imprimirse sólo la página que contienen las firmas. Una vez firmado, debe digitalizarse y almacenarse en el repositorio como sustento junto con el archivo de Excel que corresponda a todo el documento. 5.- Si fuera necesario reservar información generada en esta plantilla, se hará bajo lo estipulado en la Ley General de Transparencia y Acceso a la Información Pública vigente (LGTAIP), pudiendo consultar a la ACPPI para su aplicación. (Ver abajo "Nota acerca de Irformación Reservada"). 6.- La aplicación de la sección de Firmas es opcional,dependiendo de las necesidades del consumidor, pero al contener temas de usuario de Negocio es importante la firma de éste.
B18: Nota acerca de Información Reservada Es reponsabilidad de cada requisitador la identificación de la información que se genere en este formato y así determinar si se cuenta con causas que originen la reserva de la misma, apegándose estrictamente a lo señalado en los ordenamientos jurídicos vigentes en materia de Transparencia. En caso de detectar información sensible (Reservada), se tendrá que indicar en la sección u hoja que lo amerite de este documento, en la parte inferior del texto, con la siguiente señalización: [Área dueña de la Información XX, clasificada como Reservada con Fundamento Legal XX, Motivación XX, Fecha de clasificación XX y Periodo de la reserva XX]. Ejemplo: "La información contenida en este documento pertenece a la Administración Central de Soluciones de Negocio, teniendo carácter de Reservada a partir del 01 de abril de 2018, con un periodo de reserva de 5 años, por tratarse de información que de revelarse puede causar un serio perjuicio a la recaudación de las contribuciones. Lo anterior tiene su fundamento en el artículo 113, fracción IV, de la Ley General de Transparencia y Acceso a la Información Pública."
B20: Hoja | D20: Descripción
B21: Casos de Prueba | D21: Esta hoja se utiliza para la documentación detallada de los casos de pruebas que serán utilizados en la ejecución de pruebas.
D22: Registra varios casos de prueba, con la finalidad de agrupar en un solo documento una cantidad suficiente de casos que pueda ser aprovechada para la importación de casos de prueba en alguna herramienta automatizada, o bien, para obtener de ella la información de casos de prueba. También se utiliza para especificar los elementos donde se emplearán los datos (Datos de Prueba)
D23: Criterios de Aceptación
D24: • El documento es utilizado de acuerdo al formato establecido. El documento cumple con el Marco Documental vigente. • El documento no contiene faltas de ortografía. • Cuando no se llene un renglón-columna, se deberá especificar el motivo por el cual no se registra la información, conteniendo al menos un "N/A". Ningún campo debe estar vacío. ●No se combinan celdas (exceptuando la sección de firmas) ●No incluye fórmulas en ningún renglón-columna • El documento describe detalladamente paso a paso las actividades a seguir para la validación de requerimientos del sistema. • El documento describe en cada paso una acción y una respuesta esperada que puede ser evaluada. El documento está firmado por los responsables del llenado, incluyendo por el negocio cuando participa en la autorización.
B26: Hoja | D26: Descripción
B27: Ambientes Requeridos | D27: Registra elementos de información sobre repositorios y ambientes necesarios para las pruebas y sus características, relacionadas con criterios que debe cubrir la información que se requiere para las pruebas; cantidad de datos requeridos para la ejecución de la prueba; datos o campos solicitados; condiciones que se deben cubrir para la extracción de datos y comentarios adicionales.
D28: Criterios de Aceptación
D29: * El documento es utilizado de acuerdo al formato establecido. * El documento cumple con el Marco Documental vigente. * El documento no contiene faltas de ortografía. * Cuando no se llene un renglón-columna, se deberá especificar el motivo por el cual no se registra la información, conteniendo al menos un "N/A". Ningún campo debe estar vacío. * El documento está firmado por los responsables del llenado, incluyendo por el negocio cuando participa en la autorización.
B31: Hoja | D31: Descripción
B32: Interfaz de Usuario | D32: Esta hoja aplica por la naturaleza de la solución tecnológica integrada que haya sido requerida. Se utiliza para validar que se cumplan los criterios definidos para la Interfaz de Usuario, incluyendo la aplicación y verificación de los Lineamientos Gráficos del SIAT, cuando sea el caso.
D33: Se detallan los puntos a validar de interfaz de usuario (interfaz gráfica) de las aplicaciones, como encabezados, pie de página, colores, alineación, etiquetas, listas desplegables, áreas de búsqueda, etc, etc.
D34: Criterios de Aceptación
D35: • El documento es utilizado de acuerdo al formato establecido. • El documento no contiene faltas de ortografía. • Cuando no se llene un renglón-columna, se deberá especificar el motivo por el cual no se registra la información. • Cada una de las características consideradas en esta pestaña estarán asociadas al contenido del artefacto "Especificación de Interacción de Usuario", en caso de ajustes o situaciones que expongan desviación al documento en comento, deberá ajustarse. • Cada defecto detectado deberá registrarse en la herramienta correspondiente para su atención y cierre.
B37: Hoja | D37: Descripción
B38: Cobertura | D38: Esta hoja se utiliza para identificar y detallar la cobertura de la prueba basada en complejidad ciclomática, para asegurar que se diseñen tantos casos de prueba como sean necesarios para que cada condición se ejecute al menos una vez con un valor verdadero, y al menos una vez uno falso.
D40: Criterios de Aceptación
D41: • El documento es utilizado de acuerdo al formato establecido. • El documento no contiene faltas de ortografía. • Cuando no se llene un renglón-columna, se deberá especificar el motivo por el cual no se registra la información. • El documento describe detalladamente los escenarios de prueba necesarios para que cada condición se ejecute al menos una vez con un valor verdadero y al menos una vez uno falso.
B43: Hoja | D43: Descripción
B44: Encabezado_Imagen | D44: En artefactos tipo Excel, la inserción del Encabezado como imagen en el mismo documento, puede hacerse como una alternativa cuando por la naturaleza y cantidad de información registrada en él, se hace necesario ampliar significativamente el tamaño de las celdas, ocasionando con ello distorsión o inadecuada distribución de la estructura del Encabezado del artefacto. Si ese fuera el caso, en esta hoja puede configurarse el Encabezado del artefacto y después insertarlo como imagen en cualquier otra sección del mismo, siguiendo las instrucciones allí descritas.
B46: Hoja | D46: Descripción
B47: Firmas Conformidad_Imagen | D47: En artefactos tipo Excel, la inserción de la Sección FIRMAS DE CONFORMIDAD como imagen en el mismo documento, puede hacerse como una alternativa cuando por la naturaleza y cantidad de información registrada en él, se hace necesario ampliar significativamente el tamaño de las celdas, ocasionando con ello distorsión o inadecuada distribución de la estructura de la sección de firmas localizada en la parte inferior del artefacto. Si ese fuera el caso, en esta hoja puede capturarse la información de las personas que participan en la elaboración y aprobación del artefacto, y después insertarla como imagen en cualquier otra sección del documento, siguiendo los pasos que allí se describen.

Sheet Versionamiento
B12: Tabla de Versiones y Modificaciones
B13: En la tabla siguiente se deben listar las versiones y descripciones hechas a este documento, desde el momento de su creación y cada vez que se llene y/o actualice alguna de sus pestañas. La descripción debe incluir una síntesis del cambio hecho.
B14: Para la Versión, especificar un número entero consecutivo, iniciando con 1 para la creación del documento e incrementar en decimales conforme se actualice (1.1, 1.2, 1.3, Etc.). Al terminarlo, especificar la versión final para firma, en caso necesario.
B15: Para futuros proyectos donde este documento se reutilice, el versionamiento reiniciará en versión 2, incrementando las actualizaciones igualmente con decimales (2.1, 2.2, 2.3, etc.). Posteriores reutilizaciones iniciarían entonces con versión 3, 4, etc.
C18: Versión | D18: Descripción del Cambio | E18: Responsable de la Versión | F18: Fecha
C19: 0.1 | D19: Creación del documento. | E19: Alma Q. Torres González | F19: 45652
C20: 1.1 | D20: Se complementaron los casos de prueba por revisión con el Negocio (Ejemplo)
C21: 0.2 | D21: Ajustes: CC083 Masiva UUID CC084 Descargar acuse de cancelación | E21: Alma Quetzabeth Torres González | F21: 45652
D22: CC083 Masiva UUID
D23: CC084 Descargar acuse de cancelación
C24: 0.3 | D24: Ajustes: Actualizar CP06, CP07, CP08 y CP09 | E24: Alma Quetzabeth Torres González | F24: 45831
C25: 1.0 | D25: Versión aprobada para firma | E25: Roberto Monroy Vargas Mario Alberto Huerta Velázquez

Sheet ListadoCP
B9: Portal Consulta Central CFDI-Retenciones
B10: Casos de Prueba | C10: Rol
B12: CP01 ConsultaCentral_CFDI-Ret_Búsqueda/Folio Fiscal | C12: CFDI01 CFDI02 CFDI03 CFDI04 CFDI05
B13: CP02 ConsultaCentral_CFDI-Ret_Búsqueda/RFCEmisor | C13: CFDI01 CFDI02 CFDI03 CFDI04 CFDI05
B14: CP03 ConsultaCentral_CFDI-Ret_Búsqueda/RFCReceptor | C14: CFDI01 CFDI02 CFDI03 CFDI04 CFDI05
B15: CP04 ConsultaCentral_CFDI-Ret_Búsqueda/RFCReceptor y RFCEmisor | C15: CFDI01 CFDI02 CFDI03 CFDI04 CFDI05
B16: CP05 ConsultaCentral_CFDI-Ret_Búsqueda/Masiva UUID | C16: CFDI01 CFDI02 CFDI03 CFDI04 CFDI05
B17: CP06 ConsultaCentral_CFDI-Ret_Búsqueda/Folio Fiscal/Acciones/Acuse de Cancelación | C17: CFDI01 CFDI02 CFDI04
B18: CP07 ConsultaCentral_CFDI-Ret_Búsqueda/RFCEmisor/Acciones/Acuse de Cancelación | C18: CFDI01 CFDI02 CFDI04
B19: CP08 ConsultaCentral_CFDI-Ret_Búsqueda/RFCReceptor/Acciones/Acuse de Cancelación | C19: CFDI01 CFDI02 CFDI04
B20: CP09 ConsultaCentral_CFDI-Ret_Búsqueda/Masiva UUID/Acciones/Acuse de Cancelación | C20: CFDI01 CFDI02 CFDI04
B21: CP10 ConsultaCentral_CFDI-Ret_Búsqueda/Folio Fiscal/Acciones/Descargar RI | C21: CFDI01 CFDI02 CFDI04
B22: CP11 ConsultaCentral_CFDI-Ret_Búsqueda/RFCEmisor/Acciones/Descargar RI | C22: CFDI01 CFDI02 CFDI04
... B43: CP32 Busqueda Tipo de Comprobante (Complemento) | C43: CFDI01 CFDI02 CFDI03 CFDI04 CFDI05

Sheet Casos de Prueba
D10: Casos de Prueba
A12: Código del Aplicativo:
A13: ID de Requerimiento: | C13: POL 8214
A14: Nombre de Requerimiento: | C14: FE – Servicios Gratuitos – Realizar la actualización del Complemento de CartaPorte y de Comercio Exterior, así como, a los Servicios de Consulta del Empleado (SI)
A15: [Fase: Análisis] [Etapa: Especificación Funcional] (ACSN)
A17: ID del Caso | B17: CP | C17: Nombre del Caso | D17: Paso | E17: Descripción de Paso | F17: Resultado Esperado | G17: Comentarios | H17: Perfil de usuario para su ejecución | I17: Datos de Prueba
A18: Identificador del caso de prueba que se integrará en Quality Center (QC). El ID del caso NO debe contener espacios en blanco. La diagonal debe ser “\”. La nomenclatura estándar es: PPMC_Número\Componente Tecnológico o Aplicativo(ya que ésta es la estructura o ruta de carpetas para almacenar y agrupar los objetos creados para contener la información de los Casos de Prueba y Escenarios de Pruebas). (Ejemplo: PPMC_56124\Juicios de Nulidad) | C18: Nombre completo representativo del Caso asociado a la funcionalidad a probar. Ejemplo de nombre: "Validación de la Fecha Notificación de la Demanda" El Nombre del Caso no debe contener caracteres especiales (\/:%’*?<>|”@, , etc.) y debe tener longitud máxima de 85 caracteres. Si son más de un caso de prueba y tienen un orden de ejecución entonces, antes del nombre, debe estar acompañado de un número consecutivo del caso de prueba, anteponiendo las siglas "CP": CP1_Nombre del Caso CP2_Nombre del Caso CP3_Nombre del Caso Etc. (Si no se requiere un orden de ejecución, no es necesario ordenarlos de esta forma.) | D18: Identificador secuencial de los pasos que sigue el caso de prueba. La información de todos los pasos de un Caso de Prueba debe ser consistente. | E18: Narración detallada del paso a ejecutar. Se deben evitar paréntesis y/o corchetes seguidos "{{..[[..((…))..]]..]]". No dejar en blanco, escribir N/A en caso de que no aplique. | F18: Narración detallada del resultado esperado, dada la ejecución del paso. Se deben evitar paréntesis y/o corchetes seguidos "{{..[[..((…))..]]..]]". No dejar en blanco, escribir N/A en caso de que no aplique. | G18: Anotaciones sobre lo que deba considerarse en forma adicional para la ejecución del Caso (descripción de los prerrequisitos que deben ser cubiertos para la ejecución del caso de prueba, identificación de las entradas requeridas del caso de prueba ). Se deben evitar paréntesis y/o corchetes seguidos "{{..[[..((…))..]]..]]". No dejar en blanco, escribir N/A en caso de que no aplique. | H18: Descripción del Perfil de usuario que se utilizará para la ejecución del Caso de Prueba. No dejar en blanco, escribir N/A en caso de que no aplique | I18: Para indicar los casos prueba y descripción de los elementos donde se emplearán los datos. Indicar el nombre del Dato de Prueba (RFC, Periodo,…) Ejemplos: Indicar el contenido del dato (AAAA790909JN6, 2010-01, …) Indicar el contenido del dato (AAAA790909JN6, 2010-02, …)
B20: CP01 | C20: Folio Fiscal
A21: POL_8214 /PortalEmpleado/ConsultaCentralCFDI-Retenciones | C21: ConsultaCentral_CFDI-Ret_Búsqueda/Folio Fiscal | D21: 1 | E21: Usuario ingresa al Portal Empleados Consulta Central Retenciones | F21: El sistema despliega las siguientes opciones de búsqueda: - Folio Fiscal - Fecha Inicial y Final de Emisión - Masiva UUID | G21: El Usuario previamente se autenticó y accedió al portal Empleados-Consulta Central Retenciones | H21: Rol CFDI01 Rol CFDI02 Rol CFDI03 Rol CFDI04 Rol CFDI05 | I21: Firma Electrónica del Usuario. El Usuario debe tener asignado cualquiera de los roles
A22: POL_8214 /PortalEmpleado/ConsultaCentralCFDI-Retenciones | C22: ConsultaCentral_CFDI-Ret_Búsqueda/Folio Fiscal | D22: 2 | E22: Selecciona la opción Folio Fiscal | F22: El sistema despliega cuadro de texto para incorporar el número de Folio Fiscal que se requiere buscar. Se inhabilita el campo Fecha Inicial de Emisión | G22: (Aplica la Regla de Negocio 01)
A23: POL_8214 /PortalEmpleado/ConsultaCentralCFDI-Retenciones | C23: ConsultaCentral_CFDI-Ret_Búsqueda/Folio Fiscal | D23: 3 | E23: Ingresa los datos del Folio Fiscal | F23: El sistema muestra los datos que se van ingresando del folio fiscal
A24: POL_8214 /PortalEmpleado/ConsultaCentralCFDI-Retenciones | C24: ConsultaCentral_CFDI-Ret_Búsqueda/Folio Fiscal | D24: 4 | E24: Da clic en el botón buscar CFDI | F24: En caso de no encontrar información ir al CP "Sin Resultados" En caso contrario el sistema muestra: Tabla con el encabezado y los datos siguientes: A. Casilla Acciones 1) Seleccionar. 2) Descargar XML. 3) Recuperar Representación Impresa. B. Datos de la Metadata del CFDI. Columnas: • Folio Fiscal • RFC Emisor • Nombre o Razón Social del Emisor • RFC Receptor • Nombre o Razón Social del Receptor • Fecha de Emisión • Fecha de Certificación • PAC que Certificó • Monto Total de la Operación • Estado del Comprobante • Fecha de Cancelación • Motivo de cancelación • Folio de sustitución C. Botones: 1) Descargar Metadata. 2) Exportar Resultados a PDF. 3) Exportar Resultados a CSV. | G24: Al seleccionar el botón de folio fiscal se deben deshabilitar los campos correspondientes a la consulta por periodo de fecha de emisión. a) En una consulta por Folio fiscal o cuando se realice la consulta por periodo de fecha y el resultado sea uno: o Descargar Metadata o Exportar Resultados PDF o Exportar Resultados CSV
A25: POL_8214 /Portal Empleado/ConsultaCentralCFDI-Retenciones | C25: ConsultaCentral_CFDI-Ret_Búsqueda/Folio Fiscal | D25: 5 | E25: Da clic en Cerrar Sesión | F25: Cierra la aplicación y se direcciona a la pantalla de autenticación.
B26: CP02 | C26: RFC Emisor
A27: POL_8214 /Portal Empleado/ConsultaCentralCFDI-Retenciones | C27: ConsultaCentral_CFDI-Ret_Búsqueda/RFCEmisor | D27: 1 | E27: Usuario ingresa al Portal Empleados Consulta Central Retenciones | F27: El sistema despliega las siguientes opciones de búsqueda: - Folio Fiscal - Fecha Inicial y Final de Emisión - Masiva UUID | G27: El Usuario previamente se autenticó y accedió al portal Empleados-Consulta Central Retenciones | H27: Rol CFDI01 Rol CFDI02 Rol CFDI03 Rol CFDI04 Rol CFDI05 | I27: Firma Electrónica del Usuario. El Usuario debe tener asignado cualquiera de los roles
A28: POL_8214 /Portal Empleado/ConsultaCentralCFDI-Retenciones | C28: ConsultaCentral_CFDI-Ret_Búsqueda/RFCEmisor | D28: 2 | E28: Selecciona la opción Fecha Inicial de Emisión | F28: El sistema habilita los siguientes campos: • Fecha Inicial de Emisión (*). • Fecha Final de Emisión (*). (RN04) • RFC Emisor. (RN02) • RFC Receptor. (RN02) • Estado del Comprobante. • Tipo de Comprobante (Complemento) (RN17).* Campos obligatorios | G28: El Usuario previamente se autenticó y accedió al portal Empleados-Consulta Central Retenciones Se debe incorporar el RFC de al menos alguno de los siguientes: - RFC Emisor (RN02) - RFC Receptor (RN02)
A29: POL_8214 /Portal Empleado/ConsultaCentralCFDI-Retenciones | C29: ConsultaCentral_CFDI-Ret_Búsqueda/RFCEmisor | D29: 3 | E29: Ingresa los datos: - *Fecha inicial de emisión - *Fecha final de emisión - RFC Emisor - RFC Receptor De manera opcional: - Estado del Comprobante - Tipo de Comprobante(Complemento)(RN17) * Campos obligatorios | F29: El sistema muestra los datos que se van ingresando | G29: Al seleccionar el botón para la consulta por periodo de fecha de emisión, se debe deshabilitar el campo correspondiente a la consulta de Folio Fiscal. Debe contar con al menos un RFC (Emisor o Receptor) como parámetro de búsqueda, permitiendo los siguientes supuestos: 1) RFC Emisor, 2) RFC Receptor. 3) RFC Emisor y RFC Receptor.
A30: POL_8214 /Portal Empleado/ConsultaCentralCFDI-Retenciones | C30: ConsultaCentral_CFDI-Ret_Búsqueda/RFCEmisor | D30: 4 | E30: Da clic en el botón buscar CFDI | F30: En caso de no encontrar información ir al CP "Sin Resultados" En caso contrario el sistema muestra: Tabla con el encabezado y los datos siguientes: A. Casilla Acciones 1) Seleccionar. 2) Descargar XML. 3) Recuperar Representación Impresa. B. Datos de la Metadata del CFDI. Columnas: • Folio Fiscal • RFC Emisor • Nombre o Razón Social del Emisor • RFC Receptor • Nombre o Razón Social del Receptor • Fecha de Emisión • Fecha de Certificación • PAC que Certificó • Monto Total de la Operación • Estado del Comprobante • Fecha de Cancelación • Motivo de cancelación • Folio de sustitución C. Botones: 1) Descargar Seleccionados XML. 2) Descargas RI. 3) Descargar Metadata. 4) Exportar Resultados a PDF. 5) Exportar Resultados a CSV. D. Paginador. | G30: En caso de que no se tenga información, el aplicativo dejará en blanco la sección que corresponda en la tabla de resultados. (Aplica la Regla de Negocio 06) a) En una consulta por Folio fiscal o cuando se realice la consulta por periodo de fecha y el resultado sea uno: o Descargar Metadata o Exportar Resultados PDF o Exportar Resultados CSV b) En una consulta por periodo de fecha de emisión y el resultado sea más de uno o Descargar RI o Descargar Seleccionados XML o Descargar Metadata o Exportar Resultados PDF o Exportar Resultados CSV
A31: POL_8214 /Portal Empleado/ConsultaCentralCFDI-Retenciones | C31: ConsultaCentral_CFDI-Ret_Búsqueda/RFCEmisor | D31: 5 | E31: Da clic en Cerrar Sesión | F31: Cierra la aplicación y se direcciona a la pantalla de autenticación.
B32: CP03 | C32: RFC Receptor
A33: POL_8214 /Portal Empleado/ConsultaCentralCFDI-Retenciones | C33: ConsultaCentral_CFDI-Ret_Búsqueda/RFCReceptor | D33: 1 | E33: Usuario ingresa al Portal Empleados Consulta Central Retenciones | F33: El sistema despliega las siguientes opciones de búsqueda: - Folio Fiscal - Fecha Inicial y Final de Emisión - Masiva UUID | G33: El Usuario previamente se autenticó y accedió al portal Empleados-Consulta Central Retenciones | H33: Rol CFDI01 Rol CFDI02 Rol CFDI03 Rol CFDI04 Rol CFDI05 | I33: Firma Electrónica del Usuario. El Usuario debe tener asignado cualquiera de los roles
A34: POL_8214 /Portal Empleado/ConsultaCentralCFDI-Retenciones | C34: ConsultaCentral_CFDI-Ret_Búsqueda/RFCReceptor | D34: 2 | E34: Selecciona la opción Fecha Inicial de Emisión | F34: El sistema habilita los siguientes campos: • Fecha Inicial de Emisión (*). • Fecha Final de Emisión (*). (RN04) • RFC Emisor. (RN02) • RFC Receptor. (RN02) • Estado del Comprobante. • Tipo de Comprobante (Complemento) (RN17).* Campos obligatorios
A35: POL_8214 /Portal Empleado/ConsultaCentralCFDI-Retenciones | C35: ConsultaCentral_CFDI-Ret_Búsqueda/RFCReceptor | D35: 3 | E35: Ingresa los datos: - *Fecha inicial de emisión - *Fecha final de emisión - RFC Emisor - RFC Receptor De manera opcional: - Estado del Comprobante - Tipo de Comprobante(Complemento)(RN17) * Campos obligatorios | F35: El sistema muestra los datos que se van ingresando
A36: POL_8214 /Portal Empleado/ConsultaCentralCFDI-Retenciones | C36: ConsultaCentral_CFDI-Ret_Búsqueda/RFCReceptor | D36: 4 | E36: Da clic en el botón buscar CFDI | F36: En caso de no encontrar información ir al CP "Sin Resultados" En caso contrario el sistema muestra: Tabla con el encabezado y los datos siguientes: A. Casilla Acciones 1) Seleccionar. 2) Descargar XML. 3) Recuperar Representación Impresa. B. Datos de la Metadata del CFDI. Columnas: • Folio Fiscal • RFC Emisor • Nombre o Razón Social del Emisor • RFC Receptor • Nombre o Razón Social del Receptor • Fecha de Emisión • Fecha de Certificación • PAC que Certificó • Monto Total de la Operación • Estado del Comprobante • Fecha de Cancelación • Motivo de cancelación • Folio de sustitución C. Botones: 1) Descargar Seleccionados XML. 2) Descargas RI. 3) Descargar Metadata. 4) Exportar Resultados a PDF. 5) Exportar Resultados a CSV. D. Paginador. | G36: En caso de que no se tenga información, el aplicativo dejará en blanco la sección que corresponda en la tabla de resultados. (Aplica la Regla de Negocio 06) a) En una consulta por Folio fiscal o cuando se realice la consulta por periodo de fecha y el resultado sea uno: o Descargar Metadata o Exportar Resultados PDF o Exportar Resultados CSV b) En una consulta por periodo de fecha de emisión y el resultado sea más de uno o Descargar RI o Descargar Seleccionados XML o Descargar Metadata o Exportar Resultados PDF o Exportar Resultados CSV
A37: POL_8214 /Portal Empleado/ConsultaCentralCFDI-Retenciones | C37: ConsultaCentral_CFDI-Ret_Búsqueda/RFCReceptor | D37: 5 | E37: Da clic en Cerrar Sesión | F37: Cierra la aplicación y se direcciona a la pantalla de autenticación.
B38: CP04 | C38: RFC Receptor y RFC Emisor
A39: POL_8214 /Portal Empleado/ConsultaCentralCFDI-Retenciones | C39: ConsultaCentral_CFDI-Ret_Búsqueda/RFCReceptor y RFCEmisor | D39: 1 | E39: Usuario ingresa al Portal Empleados Consulta Central Retenciones | F39: El sistema despliega las siguientes opciones de búsqueda: - Folio Fiscal - Fecha Inicial y Final de Emisión - Masiva UUID | G39: El Usuario previamente se autenticó y accedió al portal Empleados-Consulta Central Retenciones | H39: Rol CFDI01 Rol CFDI02 Rol CFDI03 Rol CFDI04 Rol CFDI05 | I39: Firma Electrónica del Usuario. El Usuario debe tener asignado cualquiera de los roles
A40: POL_8214 /Portal Empleado/ConsultaCentralCFDI-Retenciones | C40: ConsultaCentral_CFDI-Ret_Búsqueda/RFCReceptor y RFCEmisor | D40: 2 | E40: Selecciona la opción Fecha Inicial de Emisión | F40: El sistema habilita los siguientes campos: • Fecha Inicial de Emisión (*). • Fecha Final de Emisión (*). (RN04) • RFC Emisor. (RN02) • RFC Receptor. (RN02) • Estado del Comprobante. • Tipo de Comprobante (Complemento) (RN17).* Campos obligatorios
A41: POL_8214 /Portal Empleado/ConsultaCentralCFDI-Retenciones | C41: ConsultaCentral_CFDI-Ret_Búsqueda/RFCReceptor y RFCEmisor | D41: 3 | E41: Ingresa los datos: - *Fecha inicial de emisión - *Fecha final de emisión - RFC Emisor - RFC Receptor De manera opcional: - Estado del Comprobante - Tipo de Comprobante(Complemento)(RN17) * Campos obligatorios | F41: El sistema muestra los datos que se van ingresando
A42: POL_8214 /Portal Empleado/ConsultaCentralCFDI-Retenciones | C42: ConsultaCentral_CFDI-Ret_Búsqueda/RFCReceptor y RFCEmisor | D42: 4 | E42: Da clic en el botón buscar CFDI | F42: En caso de no encontrar información ir al CP "Sin Resultados" En caso contrario el sistema muestra: Tabla con el encabezado y los datos siguientes: A. Casilla Acciones 1) Seleccionar. 2) Descargar XML. 3) Recuperar Representación Impresa. B. Datos de la Metadata del CFDI. Columnas: • Folio Fiscal • RFC Emisor • Nombre o Razón Social del Emisor • RFC Receptor • Nombre o Razón Social del Receptor • Fecha de Emisión • Fecha de Certificación • PAC que Certificó • Monto Total de la Operación • Estado del Comprobante • Fecha de Cancelación • Motivo de cancelación • Folio de sustitución C. Botones: 1) Descargar Seleccionados XML. 2) Descargas RI. 3) Descargar Metadata. 4) Exportar Resultados a PDF. 5) Exportar Resultados a CSV. D. Paginador. | G42: En caso de que no se tenga información, el aplicativo dejará en blanco la sección que corresponda en la tabla de resultados. (Aplica la Regla de Negocio 06) a) En una consulta por Folio fiscal o cuando se realice la consulta por periodo de fecha y el resultado sea uno: o Descargar Metadata o Exportar Resultados PDF o Exportar Resultados CSV b) En una consulta por periodo de fecha de emisión y el resultado sea más de uno o Descargar RI o Descargar Seleccionados XML o Descargar Metadata o Exportar Resultados PDF o Exportar Resultados CSV
A43: POL_8214 /Portal Empleado/ConsultaCentralCFDI-Retenciones | C43: ConsultaCentral_CFDI-Ret_Búsqueda/RFCReceptor y RFCEmisor | D43: 5 | E43: Da clic en Cerrar Sesión | F43: Cierra la aplicación y se direcciona a la pantalla de autenticación.
B44: CP05 | C44: Masiva UUID
A45: POL_8214 /PortalEmpleado/ConsultaCentralCFDI-Retenciones | C45: ConsultaCentral_CFDI-Ret_Búsqueda/Masiva UUID | D45: 1 | E45: Usuario ingresa al Portal Empleados Consulta Central Retenciones | F45: El sistema despliega las siguientes opciones de búsqueda: - Folio Fiscal - Fecha Inicial y Final de Emisión - Masiva UUID | G45: El Usuario previamente se autenticó y accedió al portal Empleados-Consulta Central Retenciones | H45: Rol CFDI01 Rol CFDI02 Rol CFDI03 Rol CFDI04 Rol CFDI05 | I45: Firma Electrónica del Usuario. El Usuario debe tener asignado cualquiera de los roles
A46: POL_8214 /PortalEmpleado/ConsultaCentralCFDI-Retenciones | C46: ConsultaCentral_CFDI-Ret_Búsqueda/Masiva UUID | D46: 2 | E46: Selecciona la opción Masiva UUID | F46: El sistema despliega las siguientes opciones de búsqueda: - Boton Seleccionar* - Archivos Solicitados - Botón Enviar
A47: POL_8214 /PortalEmpleado/ConsultaCentralCFDI-Retenciones | C47: ConsultaCentral_CFDI-Ret_Búsqueda/Masiva UUID | D47: 3 | E47: Selecciona el archivo(txt) mediante el explorador de Windows. | F47: El aplicativo ejecuta la consulta y arroja el resultado conforme a los UUID definidos en el archivo. | G47: Archivo TXT con distintos UUID
A48: POL_8214 /PortalEmpleado/ConsultaCentralCFDI-Retenciones | C48: ConsultaCentral_CFDI-Ret_Búsqueda/Masiva UUID | D48: 4 | E48: Da clic en el botón buscar CFDI | F48: En caso de no encontrar información ir al CP "Sin Resultados" En caso contrario el sistema muestra: Tabla con el encabezado y los datos siguientes: + Acciones • Descargar.(XML) • Recuperar Representacion Impresa.(RI) Columnas: • Folio Fiscal • RFC Emisor • Nombre o Razón Social del Emisor • RFC Receptor • Nombre o Razón Social del Receptor • Fecha de Emisión • Fecha de Certificación • PAC que Certificó • Monto Total de la Operación • Estado del Comprobante • Fecha de Cancelación • Motivo de cancelación • Folio de sustitución + Botones: 1) Descargar seleccionados XML 2) Exportar resultados a PDF 3) Exportar resultados a CSV | G48: El aplicativo realiza la consulta masiva de esos UUID y se muestra el detalle de los CFDI de Retenciones con las funcionalidades que actualmente existen • El servicio solo permite la consulta a través de archivos de texto plano (.txt). Nota: Para la consulta Masiva UUID cuando el resultado contiene mas de un folio fiscal se mostrarán los botones: 1) Descargar seleccionados XML 2) Exportar resultados a PDF 3) Exportar resultados a CSV Cuando el resultado solo contiene un resultado se mostrarán los botones: 1. Exportar resultados a PDF 2. Exportar resultados a CSV
A49: POL_8214 /Portal Empleado/ConsultaCentralCFDI-Retenciones | C49: ConsultaCentral_CFDI-Ret_Búsqueda/Masiva UUID | D49: 5 | E49: Da clic en Cerrar Sesión | F49: Cierra la aplicación y se direcciona a la pantalla de autenticación.
B50: CP06 | C50: Folio Fiscal/Acuse de Cancelación
A51: POL_8214 /Portal Empleado/ConsultaCentralCFDI-Retenciones | C51: ConsultaCentral_CFDI-Ret_Búsqueda/Folio Fiscal/Acciones/Acuse de Cancelación | D51: 1 | E51: Usuario ingresa al Portal Empleados Consulta Central Retenciones | F51: El sistema despliega las siguientes opciones de búsqueda: - Folio Fiscal - Fecha Inicial y Final de Emisión - Masiva UUID | G51: El Usuario previamente se autenticó y accedió al portal Empleados-Consulta Central Retenciones | H51: Rol CFDI01 Rol CFDI02 Rol CFDI04 | I51: Firma Electrónica del Usuario. El Usuario debe tener asignado cualquiera de los roles Para este caso de prueba el comprobante debe estar cancelado.
A52: POL_8214 /Portal Empleado/ConsultaCentralCFDI-Retenciones | C52: ConsultaCentral_CFDI-Ret_Búsqueda/Folio Fiscal/Acciones/Acuse de Cancelación | D52: 2 | E52: Selecciona la opción Folio Fiscal | F52: El sistema despliega cuadro de texto para incorporar el número de Folio Fiscal que se requiere buscar
A53: POL_8214 /Portal Empleado/ConsultaCentralCFDI-Retenciones | C53: ConsultaCentral_CFDI-Ret_Búsqueda/Folio Fiscal/Acciones/Acuse de Cancelación | D53: 3 | E53: Ingresa los datos del Folio Fiscal | F53: El sistema muestra los datos que se van ingresando del folio fiscal
A54: POL_8214 /Portal Empleado/ConsultaCentralCFDI-Retenciones | C54: ConsultaCentral_CFDI-Ret_Búsqueda/Folio Fiscal/Acciones/Acuse de Cancelación | D54: 4 | E54: Da clic en el botón buscar CFDI | F54: En caso de no encontrar información ir al CP "Sin Resultados" En caso contrario el sistema muestra: Tabla con el encabezado y los datos siguientes: A. Casilla Acciones 1) Seleccionar. 2) Descargar XML. 3) Recuperar Representación Impresa. B. Datos de la Metadata del CFDI. Columnas: • Folio Fiscal • RFC Emisor • Nombre o Razón Social del Emisor • RFC Receptor • Nombre o Razón Social del Receptor • Fecha de Emisión • Fecha de Certificación • PAC que Certificó • Monto Total de la Operación • Estado del Comprobante • Fecha de Cancelación • Motivo de cancelación • Folio de sustitución C. Botones: 1) Descargar Metadata. 2) Exportar Resultados a PDF. 3) Exportar Resultados a CSV. | G54: Al seleccionar el botón de folio fiscal se deben deshabilitar los campos correspondientes a la consulta por periodo de fecha de emisión. a) En una consulta por Folio fiscal o cuando se realice la consulta por periodo de fecha y el resultado sea uno: o Descargar Metadata o Exportar Resultados PDF o Exportar Resultados CSV
A55: POL_8214 /Portal Empleado/ConsultaCentralCFDI-Retenciones | C55: ConsultaCentral_CFDI-Ret_Búsqueda/Folio Fiscal/Acciones/Acuse de Cancelación | D55: 5 | E55: Selecciona un folio fiscal (UUID) de la tabla “Resultados” | F55: En la columna de acciones se desplegaran los botones: •Recuperar Representación Impresa • Descargar XML
A56: POL_8214 /Portal Empleado/ConsultaCentralCFDI-Retenciones | C56: ConsultaCentral_CFDI-Ret_Búsqueda/Folio Fiscal/Acciones/Acuse de Cancelación | D56: 6 | E56: El usuario selecciona un folio fiscal (UUID) de la tabla “Resultados” y ubica la columna “Estado del Comprobante” que tenga el valor “Cancelado” y da clic en el hipervinculo para descargar el acuse de cancelación | F56: El sistema abre una ventana emergente y comienza con la descarga del acuse de cancelación en formato PDF. - Nombre de la Institución: ‘Servicio de Administración Tributaria’ y el nombre del do-cumento ‘Acuse de Cancelación de CFDI de Retención’ al centro de la página. - Datos del Acuse de Cancelación de CFDI Retencion: • Fecha y hora de solicitud. • Fecha y hora de cancelación • RFC Emisor • Folio Fiscal • Estatus de Proceso de Cancelación. • Motivo de Cancelación. • CFDI Reemplaza. • Sello digital SAT. | G56: Esta opción solo será visible en la columna “Estado del Comprobante, cuando exista una solicitud de la cancelación asociada al CFDI de Retenciones. Se podrá realizar la descarga del acuse en formato PDF, recuperando el acuse con el estatus final.
A57: POL_8214 /Portal Empleado/ConsultaCentralCFDI-Retenciones | C57: ConsultaCentral_CFDI-Ret_Búsqueda/Folio Fiscal/Acciones/Acuse de Cancelación | D57: 7 | E57: Da clic en Cerrar Sesión | F57: Cierra la aplicación y se direcciona a la pantalla de autenticación.
B58: CP07 | C58: RFCEmisor/Acuse Cancelación
A59: POL_8214 /Portal Empleado/ConsultaCentralCFDI-Retenciones | C59: ConsultaCentral_CFDI-Ret_Búsqueda/RFCEmisor/Acciones/Acuse de Cancelación | D59: 1 | E59: Usuario ingresa al Portal Empleados Consulta Central Retenciones | F59: El sistema despliega las siguientes opciones de búsqueda: - Folio Fiscal - Fecha Inicial y Final de Emisión - Masiva UUID | G59: El Usuario previamente se autenticó y accedió al portal Empleados-Consulta Central Retenciones | H59: Rol CFDI01 Rol CFDI02 Rol CFDI04 | I59: Firma Electrónica del Usuario. El Usuario debe tener asignado cualquiera de los roles Para este caso de prueba el comprobante debe estar cancelado.
A60: POL_8214 /Portal Empleado/ConsultaCentralCFDI-Retenciones | C60: ConsultaCentral_CFDI-Ret_Búsqueda/RFCEmisor/Acciones/Acuse de Cancelación | D60: 2 | E60: Selecciona la opción Fecha Inicial de Emisión | F60: El sistema habilita los siguientes campos: • Fecha Inicial de Emisión (*). • Fecha Final de Emisión (*). (RN04) • RFC Emisor. (RN02) • RFC Receptor. (RN02) • Estado del Comprobante. • Tipo de Comprobante (Complemento) (RN17).* Campos obligatorios
A61: POL_8214 /Portal Empleado/ConsultaCentralCFDI-Retenciones | C61: ConsultaCentral_CFDI-Ret_Búsqueda/RFCEmisor/Acciones/Acuse de Cancelación | D61: 3 | E61: Ingresa los datos: - *Fecha inicial de emisión - *Fecha final de emisión - RFC Emisor - RFC Receptor De manera opcional: - Estado del Comprobante - Tipo de Comprobante(Complemento)(RN17) * Campos obligatorios | F61: El sistema muestra los datos que se van ingresando
A62: POL_8214 /Portal Empleado/ConsultaCentralCFDI-Retenciones | C62: ConsultaCentral_CFDI-Ret_Búsqueda/RFCEmisor/Acciones/Acuse de Cancelación | D62: 4 | E62: Da clic en el botón buscar CFDI | F62: En caso de no encontrar información ir al CP "Sin Resultados" En caso contrario el sistema muestra: Tabla con el encabezado y los datos siguientes: A. Casilla Acciones 1) Seleccionar. 2) Descargar XML. 3) Recuperar Representación Impresa. B. Datos de la Metadata del CFDI. Columnas: • Folio Fiscal • RFC Emisor • Nombre o Razón Social del Emisor • RFC Receptor • Nombre o Razón Social del Receptor • Fecha de Emisión • Fecha de Certificación • PAC que Certificó • Monto Total de la Operación • Estado del Comprobante • Fecha de Cancelación • Motivo de cancelación • Folio de sustitución C. Botones: 1) Descargar Seleccionados XML. 2) Descargas RI. 3) Descargar Metadata. 4) Exportar Resultados a PDF. 5) Exportar Resultados a CSV. D. Paginador. | G62: (Aplica la Regla de Negocio 05) En caso de que no se tenga información, el aplicativo dejará en blanco la sección que corresponda en la tabla de resultados. (Aplica la Regla de Negocio 06) a) En una consulta por Folio fiscal o cuando se realice la consulta por periodo de fecha y el resultado sea uno: o Descargar Metadata o Exportar Resultados PDF o Exportar Resultados CSV b) En una consulta por periodo de fecha de emisión y el resultado sea más de uno o Descargar RI o Descargar Seleccionados XML o Descargar Metadata o Exportar Resultados PDF o Exportar Resultados CSV
A63: POL_8214 /Portal Empleado/ConsultaCentralCFDI-Retenciones | C63: ConsultaCentral_CFDI-Ret_Búsqueda/RFCEmisor/Acciones/Acuse de Cancelación | D63: 5 | E63: Selecciona un folio fiscal (UUID) de la tabla “Resultados” | F63: En la columna de acciones se desplegaran los botones: • Acuse de Cancelación •Recuperar Representación Impresa • Descargar XML
A64: POL_8214 /Portal Empleado/ConsultaCentralCFDI-Retenciones | C64: ConsultaCentral_CFDI-Ret_Búsqueda/RFCEmisor/Acciones/Acuse de Cancelación | D64: 6 | E64: El usuario selecciona un folio fiscal (UUID) de la tabla “Resultados” y ubica la columna “Estado del Comprobante” que tenga el valor “Cancelado” y da clic en el hipervinculo para descargar el acuse de cancelación | F64: El sistema abre una ventana emergente y comienza con la descarga del acuse de cancelación en formato PDF. - Nombre de la Institución: ‘Servicio de Administración Tributaria’ y el nombre del do-cumento ‘Acuse de Cancelación de CFDI de Retención’ al centro de la página. - Datos del Acuse de Cancelación de CFDI Retencion: • Fecha y hora de solicitud. • Fecha y hora de cancelación • RFC Emisor • Folio Fiscal • Estatus de Proceso de Cancelación. • Motivo de Cancelación. • CFDI Reemplaza. • Sello digital SAT. | G64: Esta opción solo será visible en la columna “Estado del Comprobante, cuando exista una solicitud de la cancelación asociada al CFDI de Retenciones. Se podrá realizar la descarga del acuse en formato PDF, recuperando el acuse con el estatus final.
A65: POL_8214 /Portal Empleado/ConsultaCentralCFDI-Retenciones | C65: ConsultaCentral_CFDI-Ret_Búsqueda/RFCEmisor/Acciones/Acuse de Cancelación | D65: 7 | E65: Da clic en Cerrar Sesión | F65: Cierra la aplicación y se direcciona a la pantalla de autenticación.
B66: CP08 | C66: RFCReceptor/Acuse de Cancelación
A67: POL_8214 /Portal Empleado/ConsultaCentralCFDI-Retenciones | C67: ConsultaCentral_CFDI-Ret_Búsqueda/RFCReceptor/Acciones/Acuse de Cancelación | D67: 1 | E67: Usuario ingresa al Portal Empleados Consulta Central Retenciones | F67: El sistema despliega las siguientes opciones de búsqueda: - Folio Fiscal - Fecha Inicial y Final de Emisión - Masiva UUID | G67: El Usuario previamente se autenticó y accedió al portal Empleados-Consulta Central Retenciones | H67: Rol CFDI01 Rol CFDI02 Rol CFDI04 | I67: Firma Electrónica del Usuario. El Usuario debe tener asignado cualquiera de los roles Para este caso de prueba el comprobante debe estar cancelado.
A68: POL_8214 /Portal Empleado/ConsultaCentralCFDI-Retenciones | C68: ConsultaCentral_CFDI-Ret_Búsqueda/RFCReceptor/Acciones/Acuse de Cancelación | D68: 2 | E68: Selecciona la opción Fecha Inicial de Emisión | F68: El sistema habilita los siguientes campos: • Fecha Inicial de Emisión (*). • Fecha Final de Emisión (*). (RN04) • RFC Emisor. (RN02) • RFC Receptor. (RN02) • Estado del Comprobante. • Tipo de Comprobante (Complemento) (RN17).* Campos obligatorios
A69: POL_8214 /Portal Empleado/ConsultaCentralCFDI-Retenciones | C69: ConsultaCentral_CFDI-Ret_Búsqueda/RFCReceptor/Acciones/Acuse de Cancelación | D69: 3 | E69: Ingresa los datos: - *Fecha inicial de emisión - *Fecha final de emisión - RFC Emisor - RFC Receptor De manera opcional: - Estado del Comprobante - Tipo de Comprobante(Complemento)(RN17) * Campos obligatorios | F69: El sistema muestra los datos que se van ingresando
A70: POL_8214 /Portal Empleado/ConsultaCentralCFDI-Retenciones | C70: ConsultaCentral_CFDI-Ret_Búsqueda/RFCReceptor/Acciones/Acuse de Cancelación | D70: 4 | E70: Da clic en el botón buscar CFDI | F70: En caso de no encontrar información ir al CP "Sin Resultados" En caso contrario el sistema muestra: Tabla con el encabezado y los datos siguientes: A. Casilla Acciones 1) Seleccionar. 2) Descargar XML. 3) Recuperar Representación Impresa. B. Datos de la Metadata del CFDI. Columnas: • Folio Fiscal • RFC Emisor • Nombre o Razón Social del Emisor • RFC Receptor • Nombre o Razón Social del Receptor • Fecha de Emisión • Fecha de Certificación • PAC que Certificó • Monto Total de la Operación • Estado del Comprobante • Fecha de Cancelación • Motivo de cancelación • Folio de sustitución C. Botones: 1) Descargar Seleccionados XML. 2) Descargas RI. 3) Descargar Metadata. 4) Exportar Resultados a PDF. 5) Exportar Resultados a CSV. D. Paginador. | G70: a) En una consulta por Folio fiscal o cuando se realice la consulta por periodo de fecha y el resultado sea uno: o Descargar Metadata o Exportar Resultados PDF o Exportar Resultados CSV b) En una consulta por periodo de fecha de emisión y el resultado sea más de uno o Descargar RI o Descargar Seleccionados XML o Descargar Metadata o Exportar Resultados PDF o Exportar Resultados CSV
A71: POL_8214 /Portal Empleado/ConsultaCentralCFDI-Retenciones | C71: ConsultaCentral_CFDI-Ret_Búsqueda/RFCReceptor/Acciones/Acuse de Cancelación | D71: 5 | E71: Selecciona un folio fiscal (UUID) de la tabla “Resultados” | F71: En la columna de acciones se desplegaran los botones: • Acuse de Cancelación •Recuperar Representación Impresa • Descargar XML
A72: POL_8214 /Portal Empleado/ConsultaCentralCFDI-Retenciones | C72: ConsultaCentral_CFDI-Ret_Búsqueda/RFCReceptor/Acciones/Acuse de Cancelación | D72: 6 | E72: El usuario selecciona un folio fiscal (UUID) de la tabla “Resultados” y ubica la columna “Estado del Comprobante” que tenga el valor “Cancelado” y da clic en el hipervinculo para descargar el acuse de cancelación | F72: El sistema abre una ventana emergente y comienza con la descarga del acuse de cancelación en formato PDF. - Nombre de la Institución: ‘Servicio de Administración Tributaria’ y el nombre del do-cumento ‘Acuse de Cancelación de CFDI de Retención’ al centro de la página. - Datos del Acuse de Cancelación de CFDI Retencion: • Fecha y hora de solicitud. • Fecha y hora de cancelación • RFC Emisor • Folio Fiscal • Estatus de Proceso de Cancelación. • Motivo de Cancelación. • CFDI Reemplaza. • Sello digital SAT. | G72: Esta opción solo será visible en la columna “Estado del Comprobante, cuando exista una solicitud de la cancelación asociada al CFDI de Retenciones. Se podrá realizar la descarga del acuse en formato PDF, recuperando el acuse con el estatus final.
A73: POL_8214 /Portal Empleado/ConsultaCentralCFDI-Retenciones | C73: ConsultaCentral_CFDI-Ret_Búsqueda/RFCReceptor/Acciones/Acuse de Cancelación | D73: 7 | E73: Da clic en Cerrar Sesión | F73: Cierra la aplicación y se direcciona a la pantalla de autenticación.
B74: CP09 | C74: Masiva UUID/Acuse de Cancelación
A75: POL_8214 /Portal Empleado/ConsultaCentralCFDI-Retenciones | C75: ConsultaCentral_CFDI-Ret_Búsqueda/Masiva UUID/Acciones/Acuse de Cancelación | D75: 1 | E75: Usuario ingresa al Portal Empleados Consulta Central Retenciones | F75: El sistema despliega las siguientes opciones de búsqueda: - Folio Fiscal - Fecha Inicial y Final de Emisión - Masiva UUID | G75: El Usuario previamente se autenticó y accedió al portal Empleados-Consulta Central Retenciones Para este caso de prueba el comprobante debe estar cancelado. | H75: Rol CFDI01 Rol CFDI02 Rol CFDI03 Rol CFDI04 Rol CFDI05 | I75: Firma Electrónica del Usuario. El Usuario debe tener asignado cualquiera de los roles Para este caso de prueba el comprobante debe estar cancelado.
A76: POL_8214 /Portal Empleado/ConsultaCentralCFDI-Retenciones | C76: ConsultaCentral_CFDI-Ret_Búsqueda/Masiva UUID/Acciones/Acuse de Cancelación | D76: 2 | E76: Selecciona la opción Masiva UUID | F76: El sistema despliega las siguientes opciones de búsqueda: - Boton Seleccionar* - Archivos Solicitados - Botón Enviar
A77: POL_8214 /Portal Empleado/ConsultaCentralCFDI-Retenciones | C77: ConsultaCentral_CFDI-Ret_Búsqueda/Masiva UUID/Acciones/Acuse de Cancelación | D77: 3 | E77: Selecciona el archivo(txt) mediante el explorador de Windows. | F77: El aplicativo ejecuta la consulta y arroja el resultado conforme a los UUID definidos en el archivo. | G77: Archivo TXT con distintos UUID
A78: POL_8214 /Portal Empleado/ConsultaCentralCFDI-Retenciones | C78: ConsultaCentral_CFDI-Ret_Búsqueda/Masiva UUID/Acciones/Acuse de Cancelación | D78: 4 | E78: Da clic en el botón buscar CFDI | F78: En caso de no encontrar información ir al CP "Sin Resultados" En caso contrario el sistema muestra: Tabla con el encabezado y los datos siguientes: + Acciones • Descargar.(XML) • Recuperar Representacion Impresa.(RI) Columnas: • Folio Fiscal • RFC Emisor • Nombre o Razón Social del Emisor • RFC Receptor • Nombre o Razón Social del Receptor • Fecha de Emisión • Fecha de Certificación • PAC que Certificó • Monto Total de la Operación • Estado del Comprobante • Fecha de Cancelación • Motivo de cancelación • Folio de sustitución + Botones: 1) Descargar seleccionados XML 2) Exportar resultados a PDF 3) Exportar resultados a CSV | G78: El aplicativo realiza la consulta masiva de esos UUID y se muestra el detalle de los CFDI de Retenciones con las funcionalidades que actualmente existen Nota: Para la consulta Masiva UUID cuando el resultado contiene mas de un folio fiscal se mostrarán los botones: 1) Descargar seleccionados XML 2) Exportar resultados a PDF 3) Exportar resultados a CSV Cuando el resultado solo contiene un resultado se mostrarán los botones: 1. Exportar resultados a PDF 2. Exportar resultados a CSV
A79: POL_8214 /Portal Empleado/ConsultaCentralCFDI-Retenciones | C79: ConsultaCentral_CFDI-Ret_Búsqueda/Masiva UUID/Acciones/Acuse de Cancelación | D79: 5 | E79: Selecciona un folio fiscal (UUID) de la tabla “Resultados” | F79: En la columna de acciones se desplegaran los botones: • Acuse de Cancelación •Recuperar Representación Impresa • Descargar XML
A80: POL_8214 /Portal Empleado/ConsultaCentralCFDI-Retenciones | C80: ConsultaCentral_CFDI-Ret_Búsqueda/Masiva UUID/Acciones/Acuse de Cancelación | D80: 6 | E80: El usuario selecciona un folio fiscal (UUID) de la tabla “Resultados” y ubica la columna “Estado del Comprobante” que tenga el valor “Cancelado” y da clic en el hipervinculo para descargar el acuse de cancelación | F80: El sistema abre una ventana emergente y comienza con la descarga del acuse de cancelación en formato PDF. - Nombre de la Institución: ‘Servicio de Administración Tributaria’ y el nombre del do-cumento ‘Acuse de Cancelación de CFDI de Retención’ al centro de la página. - Datos del Acuse de Cancelación de CFDI Retencion: • Fecha y hora de solicitud. • Fecha y hora de cancelación • RFC Emisor • Folio Fiscal • Estatus de Proceso de Cancelación. • Motivo de Cancelación. • CFDI Reemplaza. • Sello digital SAT. | G80: Esta opción solo será visible en la columna “Estado del Comprobante, cuando exista una solicitud de la cancelación asociada al CFDI de Retenciones. Se podrá realizar la descarga del acuse en formato PDF, recuperando el acuse con el estatus final.
A81: POL_8214 /Portal Empleado/ConsultaCentralCFDI-Retenciones | C81: ConsultaCentral_CFDI-Ret_Búsqueda/Masiva UUID/Acciones/Acuse de Cancelación | D81: 7 | E81: Da clic en Cerrar Sesión | F81: Cierra la aplicación y se direcciona a la pantalla de autenticación.
B82: CP10 | C82: Folio Fiscal/Descargar RI
A83: POL_8214 /Portal Empleado/ConsultaCentralCFDI-Retenciones | C83: ConsultaCentral_CFDI-Ret_Búsqueda/Folio Fiscal/Acciones/Descargar RI | D83: 1 | E83: Usuario ingresa al Portal Empleados Consulta Central Retenciones | F83: El sistema despliega las siguientes opciones de búsqueda: - Folio Fiscal - Fecha Inicial y Final de Emisión - Masiva UUID | G83: El Usuario previamente se autenticó y accedió al portal Empleados-Consulta Central Retenciones | H83: Rol CFDI01 Rol CFDI02 Rol CFDI04 | I83: Firma Electrónica del Usuario. El Usuario debe tener asignado cualquiera de los roles
A84: POL_8214 /Portal Empleado/ConsultaCentralCFDI-Retenciones | C84: ConsultaCentral_CFDI-Ret_Búsqueda/Folio Fiscal/Acciones/Descargar RI | D84: 2 | E84: Selecciona la opción Folio Fiscal | F84: El sistema despliega cuadro de texto para incorporar el número de Folio Fiscal que se requiere buscar
A85: POL_8214 /Portal Empleado/ConsultaCentralCFDI-Retenciones | C85: ConsultaCentral_CFDI-Ret_Búsqueda/Folio Fiscal/Acciones/Descargar RI | D85: 3 | E85: Ingresa los datos del Folio Fiscal | F85: El sistema muestra los datos que se van ingresando del folio fiscal
A86: POL_8214 /Portal Empleado/ConsultaCentralCFDI-Retenciones | C86: ConsultaCentral_CFDI-Ret_Búsqueda/Folio Fiscal/Acciones/Descargar RI | D86: 4 | E86: Da clic en el botón buscar CFDI | F86: En caso de no encontrar información ir al CP "Sin Resultados" En caso contrario el sistema muestra: Tabla con el encabezado y los datos siguientes: A. Casilla Acciones 1) Seleccionar. 2) Descargar XML. 3) Recuperar Representación Impresa. B. Datos de la Metadata del CFDI. Columnas: • Folio Fiscal • RFC Emisor • Nombre o Razón Social del Emisor • RFC Receptor • Nombre o Razón Social del Receptor • Fecha de Emisión • Fecha de Certificación • PAC que Certificó • Monto Total de la Operación • Estado del Comprobante • Fecha de Cancelación • Motivo de cancelación • Folio de sustitución C. Botones: 1) Descargar Metadata. 2) Exportar Resultados a PDF. 3) Exportar Resultados a CSV. | G86: Al seleccionar el botón de folio fiscal se deben deshabilitar los campos correspondientes a la consulta por periodo de fecha de emisión. a) En una consulta por Folio fiscal o cuando se realice la consulta por periodo de fecha y el resultado sea uno: o Descargar Metadata o Exportar Resultados PDF o Exportar Resultados CSV
A87: POL_8214 /Portal Empleado/ConsultaCentralCFDI-Retenciones | C87: ConsultaCentral_CFDI-Ret_Búsqueda/Folio Fiscal/Acciones/Descargar RI | D87: 5 | E87: Selecciona un folio fiscal (UUID) de la tabla “Resultados” | F87: En la columna de acciones se desplegaran los botones: •Recuperar Representación Impresa • Descargar XML
A88: POL_8214 /Portal Empleado/ConsultaCentralCFDI-Retenciones | C88: ConsultaCentral_CFDI-Ret_Búsqueda/Folio Fiscal/Acciones/Descargar RI | D88: 6 | E88: Da clic en el la opción Recuperar Representación Impresa | F88: El sistema muestra la representación impresa del comprobante | G88: Esta descarga se realiza uno a uno, contemplando el límite diario establecido para los archivos PDF en su RI. (Aplica las Reglas de Negocio 07, 08 y 14)
A89: POL_8214 /Portal Empleado/ConsultaCentralCFDI-Retenciones | C89: ConsultaCentral_CFDI-Ret_Búsqueda/Folio Fiscal/Acciones/Descargar RI | D89: 7 | E89: Da clic en Cerrar Sesión | F89: Cierra la aplicación y se direcciona a la pantalla de autenticación.
B90: CP11 | C90: RFCEmisor/Descargar RI
A91: POL_8214 /Portal Empleado/ConsultaCentralCFDI-Retenciones | C91: ConsultaCentral_CFDI-Ret_Búsqueda/RFCEmisor/Acciones/Descargar RI | D91: 1 | E91: Usuario ingresa al Portal Empleados Consulta Central Retenciones | F91: El sistema despliega las siguientes opciones de búsqueda: - Folio Fiscal - Fecha Inicial y Final de Emisión - Masiva UUID | G91: El Usuario previamente se autenticó y accedió al portal Empleados-Consulta Central Retenciones | H91: Rol CFDI01 Rol CFDI02 Rol CFDI04 | I91: Firma Electrónica del Usuario. El Usuario debe tener asignado cualquiera de los roles
A92: POL_8214 /Portal Empleado/ConsultaCentralCFDI-Retenciones | C92: ConsultaCentral_CFDI-Ret_Búsqueda/RFCEmisor/Acciones/Descargar RI | D92: 2 | E92: Selecciona la opción Fecha Inicial de Emisión | F92: El sistema habilita los siguientes campos: • Fecha Inicial de Emisión (*). • Fecha Final de Emisión (*). (RN04) • RFC Emisor. (RN02) • RFC Receptor. (RN02) • Estado del Comprobante. • Tipo de Comprobante (Complemento) (RN17).* Campos obligatorios
A93: POL_8214 /Portal Empleado/ConsultaCentralCFDI-Retenciones | C93: ConsultaCentral_CFDI-Ret_Búsqueda/RFCEmisor/Acciones/Descargar RI | D93: 3 | E93: Ingresa los datos: - *Fecha inicial de emisión - *Fecha final de emisión - RFC Emisor - RFC Receptor De manera opcional: - Estado del Comprobante - Tipo de Comprobante(Complemento)(RN17) * Campos obligatorios | F93: El sistema muestra los datos que se van ingresando
A94: POL_8214 /Portal Empleado/ConsultaCentralCFDI-Retenciones | C94: ConsultaCentral_CFDI-Ret_Búsqueda/RFCEmisor/Acciones/Descargar RI | D94: 4 | E94: Da clic en el botón buscar CFDI | F94: En caso de no encontrar información ir al CP "Sin Resultados" En caso contrario el sistema muestra: Tabla con el encabezado y los datos siguientes: A. Casilla Acciones 1) Seleccionar. 2) Descargar XML. 3) Recuperar Representación Impresa. B. Datos de la Metadata del CFDI. Columnas: • Folio Fiscal • RFC Emisor • Nombre o Razón Social del Emisor • RFC Receptor • Nombre o Razón Social del Receptor • Fecha de Emisión • Fecha de Certificación • PAC que Certificó • Monto Total de la Operación • Estado del Comprobante • Fecha de Cancelación • Motivo de cancelación • Folio de sustitución C. Botones: 1) Descargar Seleccionados XML. 2) Descargas RI. 3) Descargar Metadata. 4) Exportar Resultados a PDF. 5) Exportar Resultados a CSV. D. Paginador. | G94: (Aplica la Regla de Negocio 05) En caso de que no se tenga información, el aplicativo dejará en blanco la sección que corresponda en la tabla de resultados. (Aplica la Regla de Negocio 06) a) En una consulta por Folio fiscal o cuando se realice la consulta por periodo de fecha y el resultado sea uno: o Descargar Metadata o Exportar Resultados PDF o Exportar Resultados CSV b) En una consulta por periodo de fecha de emisión y el resultado sea más de uno o Descargar RI o Descargar Seleccionados XML o Descargar Metadata o Exportar Resultados PDF o Exportar Resultados CSV
A95: POL_8214 /Portal Empleado/ConsultaCentralCFDI-Retenciones | C95: ConsultaCentral_CFDI-Ret_Búsqueda/RFCEmisor/Acciones/Descargar RI | D95: 5 | E95: Selecciona un folio fiscal (UUID) de la tabla “Resultados” | F95: En la columna de acciones se desplegaran los botones: •Recuperar Representación Impresa • Descargar XML
A96: POL_8214 /Portal Empleado/ConsultaCentralCFDI-Retenciones | C96: ConsultaCentral_CFDI-Ret_Búsqueda/RFCEmisor/Acciones/Descargar RI | D96: 6 | E96: Da clic en el la opción Recuperar Representación Impresa | F96: El sistema muestra la representación impresa del comprobante | G96: Esta descarga se realiza uno a uno, contemplando el límite diario establecido para los archivos PDF en su RI. (Aplica las Reglas de Negocio 07, 08 y 14)
A97: POL_8214 /Portal Empleado/ConsultaCentralCFDI-Retenciones | C97: ConsultaCentral_CFDI-Ret_Búsqueda/RFCEmisor/Acciones/Descargar RI | D97: 7 | E97: Da clic en Cerrar Sesión | F97: Cierra la aplicación y se direcciona a la pantalla de autenticación.
B98: CP12 | C98: RFCReceptor/Ver detalleRI
A99: POL_8214 /Portal Empleado/ConsultaCentralCFDI-Retenciones | C99: ConsultaCentral_CFDI-Ret_Búsqueda/RFCReceptor/Acciones/Descargar RI | D99: 1 | E99: Usuario ingresa al Portal Empleados Consulta Central Retenciones | F99: El sistema despliega las siguientes opciones de búsqueda: - Folio Fiscal - Fecha Inicial y Final de Emisión - Masiva UUID | G99: El Usuario previamente se autenticó y accedió al portal Empleados-Consulta Central Retenciones | H99: Rol CFDI01 Rol CFDI02 Rol CFDI04 | I99: Firma Electrónica del Usuario. El Usuario debe tener asignado cualquiera de los roles
A100: POL_8214 /Portal Empleado/ConsultaCentralCFDI-Retenciones | C100: ConsultaCentral_CFDI-Ret_Búsqueda/RFCReceptor/Acciones/Descargar RI | D100: 2 | E100: Selecciona la opción Fecha Inicial de Emisión | F100: El sistema habilita los siguientes campos: • Fecha Inicial de Emisión (*). • Fecha Final de Emisión (*). (RN04) • RFC Emisor. (RN02) • RFC Receptor. (RN02) • Estado del Comprobante. • Tipo de Comprobante (Complemento) (RN17).* Campos obligatorios
A101: POL_8214 /Portal Empleado/ConsultaCentralCFDI-Retenciones | C101: ConsultaCentral_CFDI-Ret_Búsqueda/RFCReceptor/Acciones/Descargar RI | D101: 3 | E101: Ingresa los datos: - *Fecha inicial de emisión - *Fecha final de emisión - RFC Emisor - RFC Receptor De manera opcional: - Estado del Comprobante - Tipo de Comprobante(Complemento)(RN17) * Campos obligatorios | F101: El sistema muestra los datos que se van ingresando
A102: POL_8214 /Portal Empleado/ConsultaCentralCFDI-Retenciones | C102: ConsultaCentral_CFDI-Ret_Búsqueda/RFCReceptor/Acciones/Descargar RI | D102: 4 | E102: Da clic en el botón buscar CFDI | F102: En caso de no encontrar información ir al CP "Sin Resultados" En caso contrario el sistema muestra: Tabla con el encabezado y los datos siguientes: A. Casilla Acciones 1) Seleccionar. 2) Descargar XML. 3) Recuperar Representación Impresa. B. Datos de la Metadata del CFDI. Columnas: • Folio Fiscal • RFC Emisor • Nombre o Razón Social del Emisor • RFC Receptor • Nombre o Razón Social del Receptor • Fecha de Emisión • Fecha de Certificación • PAC que Certificó • Monto Total de la Operación • Estado del Comprobante • Fecha de Cancelación • Motivo de cancelación • Folio de sustitución C. Botones: 1) Descargar Seleccionados XML. 2) Descargas RI. 3) Descargar Metadata. 4) Exportar Resultados a PDF. 5) Exportar Resultados a CSV. D. Paginador. | G102: (Aplica la Regla de Negocio 05) En caso de que no se tenga información, el aplicativo dejará en blanco la sección que corresponda en la tabla de resultados. (Aplica la Regla de Negocio 06) a) En una consulta por Folio fiscal o cuando se realice la consulta por periodo de fecha y el resultado sea uno: o Descargar Metadata o Exportar Resultados PDF o Exportar Resultados CSV b) En una consulta por periodo de fecha de emisión y el resultado sea más de uno o Descargar RI o Descargar Seleccionados XML o Descargar Metadata o Exportar Resultados PDF o Exportar Resultados CSV
A103: POL_8214 /Portal Empleado/ConsultaCentralCFDI-Retenciones | C103: ConsultaCentral_CFDI-Ret_Búsqueda/RFCReceptor/Acciones/Descargar RI | D103: 5 | E103: Selecciona un folio fiscal (UUID) de la tabla “Resultados” | F103: En la columna de acciones se desplegaran los botones: •Recuperar Representación Impresa • Descargar XML
A104: POL_8214 /Portal Empleado/ConsultaCentralCFDI-Retenciones | C104: ConsultaCentral_CFDI-Ret_Búsqueda/RFCReceptor/Acciones/Descargar RI | D104: 6 | E104: Da clic en el la opción Recuperar Representación Impresa | F104: El sistema muestra la representación impresa del comprobante | G104: Esta descarga se realiza uno a uno, contemplando el límite diario establecido para los archivos PDF en su RI. (Aplica las Reglas de Negocio 07, 08 y 14)
A105: POL_8214 /Portal Empleado/ConsultaCentralCFDI-Retenciones | C105: ConsultaCentral_CFDI-Ret_Búsqueda/RFCReceptor/Acciones/Descargar RI | D105: 7 | E105: Da clic en Cerrar Sesión | F105: Cierra la aplicación y se direcciona a la pantalla de autenticación.
B106: CP13 | C106: Masiva UUID/Ver detalle RI
A107: POL_8214 /Portal Empleado/ConsultaCentralCFDI-Retenciones | C107: ConsultaCentral_CFDI-Ret_Búsqueda/Masiva UUID/Acciones/Descargar RI | D107: 1 | E107: Usuario ingresa al Portal Empleados Consulta Central Retenciones | F107: El sistema despliega las siguientes opciones de búsqueda: - Folio Fiscal - Fecha Inicial y Final de Emisión - Masiva UUID | G107: El Usuario previamente se autenticó y accedió al portal Empleados-Consulta Central Retenciones | H107: Rol CFDI01 Rol CFDI02 Rol CFDI03 Rol CFDI04 Rol CFDI05 | I107: Firma Electrónica del Usuario. El Usuario debe tener asignado cualquiera de los roles
A108: POL_8214 /Portal Empleado/ConsultaCentralCFDI-Retenciones | C108: ConsultaCentral_CFDI-Ret_Búsqueda/Masiva UUID/Acciones/Descargar RI | D108: 2 | E108: Selecciona la opción Masiva UUID | F108: El sistema despliega las siguientes opciones de búsqueda: - Boton Seleccionar* - Archivos Solicitados - Botón Enviar
A109: POL_8214 /Portal Empleado/ConsultaCentralCFDI-Retenciones | C109: ConsultaCentral_CFDI-Ret_Búsqueda/Masiva UUID/Acciones/Descargar RI | D109: 3 | E109: Selecciona el archivo(txt) mediante el explorador de Windows. | F109: El aplicativo ejecuta la consulta y arroja el resultado conforme a los UUID definidos en el archivo. | G109: Archivo TXT con distintos UUID
A110: POL_8214 /Portal Empleado/ConsultaCentralCFDI-Retenciones | C110: ConsultaCentral_CFDI-Ret_Búsqueda/Masiva UUID/Acciones/Descargar RI | D110: 4 | E110: Da clic en el botón buscar CFDI | F110: En caso de no encontrar información ir al CP "Sin Resultados" En caso contrario el sistema muestra: Tabla con el encabezado y los datos siguientes: + Acciones • Descargar.(XML) • Recuperar Representacion Impresa.(RI) Columnas: • Folio Fiscal • RFC Emisor • Nombre o Razón Social del Emisor • RFC Receptor • Nombre o Razón Social del Receptor • Fecha de Emisión • Fecha de Certificación • PAC que Certificó • Monto Total de la Operación • Estado del Comprobante • Fecha de Cancelación • Motivo de cancelación • Folio de sustitución + Botones: 1) Descargar seleccionados XML 2) Exportar resultados a PDF 3) Exportar resultados a CSV | G110: El aplicativo realiza la consulta masiva de esos UUID y se muestra el detalle de los CFDI de Retenciones con las funcionalidades que actualmente existen • El servicio solo permite la consulta a través de archivos de texto plano (.txt). Nota: Para la consulta Masiva UUID cuando el resultado contiene mas de un folio fiscal se mostrarán los botones: 1) Descargar seleccionados XML 2) Exportar resultados a PDF 3) Exportar resultados a CSV Cuando el resultado solo contiene un resultado se mostrarán los botones: 1. Exportar resultados a PDF 2. Exportar resultados a CSV
A111: POL_8214 /Portal Empleado/ConsultaCentralCFDI-Retenciones | C111: ConsultaCentral_CFDI-Ret_Búsqueda/Masiva UUID/Acciones/Descargar RI | D111: 5 | E111: Selecciona un folio fiscal (UUID) de la tabla “Resultados” | F111: En la columna de acciones se desplegaran los botones: •Recuperar Representación Impresa • Descargar XML
A112: POL_8214 /Portal Empleado/ConsultaCentralCFDI-Retenciones | C112: ConsultaCentral_CFDI-Ret_Búsqueda/Masiva UUID/Acciones/Descargar RI | D112: 6 | E112: Da clic en el la opción Recuperar Representación Impresa | F112: El sistema muestra la representación impresa del comprobante | G112: Esta descarga se realiza uno a uno, contemplando el límite diario establecido para los archivos PDF en su RI. (Aplica las Reglas de Negocio 07, 08 y 14)
...

Sheet Devops
B19: Test Case | C19: =IF('Casos de Prueba'!B20<>0,'Casos de Prueba'!B20&"-"&'Casos de Prueba'!C20:E20,"") -> CP01-Folio Fiscal
A20: =LEN(E20) -> 64 | B20: =LEN(F20) -> 217 | C20: =IF('Casos de Prueba'!B21<>0,'Casos de Prueba'!B21&"-"&'Casos de Prueba'!C21:E21,"") | D20: =IF(LEN($C20)>0,"",'Casos de Prueba'!D21) -> 1 | E20: =IF(LEN($C20)>0,"",'Casos de Prueba'!E21) -> Usuario ingresa al Portal Empleados Consulta Central Retenciones | F20: =IF(LEN($C20)>0,"",'Casos de Prueba'!F21&CHAR(10)&'Casos de Prueba'!G21) -> El sistema despliega las siguientes opciones de búsqueda: - Folio Fiscal - Fecha Inicial y Final de Emisión - Masiva UUID El Usuario previamente se autenticó y accedió al portal Empleados-Consulta Central Retenciones
A21: =LEN(E21) -> 33 | B21: =LEN(F21) -> 183 | C21: =IF('Casos de Prueba'!B22<>0,'Casos de Prueba'!B22&"-"&'Casos de Prueba'!C22:E22,"") | D21: =IF(LEN($C21)>0,"",'Casos de Prueba'!D22) -> 2 | E21: =IF(LEN($C21)>0,"",'Casos de Prueba'!E22) -> Selecciona la opción Folio Fiscal | F21: =IF(LEN($C21)>0,"",'Casos de Prueba'!F22&CHAR(10)&'Casos de Prueba'!G22) -> El sistema despliega cuadro de texto para incorporar el número de Folio Fiscal que se requiere buscar. Se inhabilita el campo Fecha Inicial de Emisión (Aplica la Regla de Negocio 01)
A22: =LEN(E22) -> 35 | B22: =LEN(F22) -> 69 | C22: =IF('Casos de Prueba'!B23<>0,'Casos de Prueba'!B23&"-"&'Casos de Prueba'!C23:E23,"") | D22: =IF(LEN($C22)>0,"",'Casos de Prueba'!D23) -> 3 | E22: =IF(LEN($C22)>0,"",'Casos de Prueba'!E23) -> Ingresa los datos del Folio Fiscal | F22: =IF(LEN($C22)>0,"",'Casos de Prueba'!F23&CHAR(10)&'Casos de Prueba'!G23) -> El sistema muestra los datos que se van ingresando del folio fiscal
A23: =LEN(E23) -> 31 | B23: =LEN(F23) -> 1016 | C23: =IF('Casos de Prueba'!B24<>0,'Casos de Prueba'!B24&"-"&'Casos de Prueba'!C24:E24,"") | D23: =IF(LEN($C23)>0,"",'Casos de Prueba'!D24) -> 4 | E23: =IF(LEN($C23)>0,"",'Casos de Prueba'!E24) -> Da clic en el botón buscar CFDI | F23: =IF(LEN($C23)>0,"",'Casos de Prueba'!F24&CHAR(10)&'Casos de Prueba'!G24) -> En caso de no encontrar información ir al CP "Sin Resultados" En caso contrario el sistema muestra: Tabla con el encabezado y los datos siguientes: A. Casilla Acciones 1) Seleccionar. 2) Descargar XML. 3) Recuperar Representación Impresa. B. Datos de la Metadata del CFDI. Columnas: • Folio Fiscal • RFC Emisor • Nombre o Razón Social del Emisor • RFC Receptor • Nombre o Razón Social del Receptor • Fecha de Emisión • Fecha de Certificación • PAC que Certificó • Monto Total de la Operación • Estado del Comprobante • Fecha de Cancelación • Motivo de cancelación • Folio de sustitución C. Botones: 1) Descargar Metadata. 2) Exportar Resultados a PDF. 3) Exportar Resultados a CSV. Al seleccionar el botón de folio fiscal se deben deshabilitar los campos correspondientes a la consulta por periodo de fecha de emisión. a) En una consulta por Folio fiscal o cuando se realice la consulta por periodo de fecha y el resultado sea uno: o Descargar Metadata o Exportar Resultados PDF o Exportar Resultados CSV
A24: =LEN(E24) -> 24 | B24: =LEN(F24) -> 69 | C24: =IF('Casos de Prueba'!B25<>0,'Casos de Prueba'!B25&"-"&'Casos de Prueba'!C25:E25,"") | D24: =IF(LEN($C24)>0,"",'Casos de Prueba'!D25) -> 5 | E24: =IF(LEN($C24)>0,"",'Casos de Prueba'!E25) -> Da clic en Cerrar Sesión | F24: =IF(LEN($C24)>0,"",'Casos de Prueba'!F25&CHAR(10)&'Casos de Prueba'!G25) -> Cierra la aplicación y se direcciona a la pantalla de autenticación.
A25: =LEN(E25) -> 0 | B25: =LEN(F25) -> 0 | C25: =IF('Casos de Prueba'!B26<>0,'Casos de Prueba'!B26&"-"&'Casos de Prueba'!C26:E26,"") -> CP02-RFC Emisor | D25: =IF(LEN($C25)>0,"",'Casos de Prueba'!D26) | E25: =IF(LEN($C25)>0,"",'Casos de Prueba'!E26) | F25: =IF(LEN($C25)>0,"",'Casos de Prueba'!F26&CHAR(10)&'Casos de Prueba'!G26)
A26: =LEN(E26) -> 64 | B26: =LEN(F26) -> 217 | C26: =IF('Casos de Prueba'!B27<>0,'Casos de Prueba'!B27&"-"&'Casos de Prueba'!C27:E27,"") | D26: =IF(LEN($C26)>0,"",'Casos de Prueba'!D27) -> 1 | E26: =IF(LEN($C26)>0,"",'Casos de Prueba'!E27) -> Usuario ingresa al Portal Empleados Consulta Central Retenciones | F26: =IF(LEN($C26)>0,"",'Casos de Prueba'!F27&CHAR(10)&'Casos de Prueba'!G27) -> El sistema despliega las siguientes opciones de búsqueda: - Folio Fiscal - Fecha Inicial y Final de Emisión - Masiva UUID El Usuario previamente se autenticó y accedió al portal Empleados-Consulta Central Retenciones
A27: =LEN(E27) -> 45 | B27: =LEN(F27) -> 449 | C27: =IF('Casos de Prueba'!B28<>0,'Casos de Prueba'!B28&"-"&'Casos de Prueba'!C28:E28,"") | D27: =IF(LEN($C27)>0,"",'Casos de Prueba'!D28) -> 2 | E27: =IF(LEN($C27)>0,"",'Casos de Prueba'!E28) -> Selecciona la opción Fecha Inicial de Emisión | F27: =IF(LEN($C27)>0,"",'Casos de Prueba'!F28&CHAR(10)&'Casos de Prueba'!G28) -> El sistema habilita los siguientes campos: • Fecha Inicial de Emisión (*). • Fecha Final de Emisión (*). (RN04) • RFC Emisor. (RN02) • RFC Receptor. (RN02) • Estado del Comprobante. • Tipo de Comprobante (Complemento) (RN17).* Campos obligatorios El Usuario previamente se autenticó y accedió al portal Empleados-Consulta Central Retenciones Se debe incorporar el RFC de al menos alguno de los siguientes: - RFC Emisor (RN02) - RFC Receptor (RN02)
A28: =LEN(E28) -> 213 | B28: =LEN(F28) -> 383 | C28: =IF('Casos de Prueba'!B29<>0,'Casos de Prueba'!B29&"-"&'Casos de Prueba'!C29:E29,"") | D28: =IF(LEN($C28)>0,"",'Casos de Prueba'!D29) -> 3 | E28: =IF(LEN($C28)>0,"",'Casos de Prueba'!E29) -> Ingresa los datos: - *Fecha inicial de emisión - *Fecha final de emisión - RFC Emisor - RFC Receptor De manera opcional: - Estado del Comprobante - Tipo de Comprobante(Complemento)(RN17) * Campos obligatorios | F28: =IF(LEN($C28)>0,"",'Casos de Prueba'!F29&CHAR(10)&'Casos de Prueba'!G29) -> El sistema muestra los datos que se van ingresando Al seleccionar el botón para la consulta por periodo de fecha de emisión, se debe deshabilitar el campo correspondiente a la consulta de Folio Fiscal. Debe contar con al menos un RFC (Emisor o Receptor) como parámetro de búsqueda, permitiendo los siguientes supuestos: 1) RFC Emisor, 2) RFC Receptor. 3) RFC Emisor y RFC Receptor.
A29: =LEN(E29) -> 31 | B29: =LEN(F29) -> 1300 | C29: =IF('Casos de Prueba'!B30<>0,'Casos de Prueba'!B30&"-"&'Casos de Prueba'!C30:E30,"") | D29: =IF(LEN($C29)>0,"",'Casos de Prueba'!D30) -> 4 | E29: =IF(LEN($C29)>0,"",'Casos de Prueba'!E30) -> Da clic en el botón buscar CFDI | F29: =IF(LEN($C29)>0,"",'Casos de Prueba'!F30&CHAR(10)&'Casos de Prueba'!G30) -> En caso de no encontrar información ir al CP "Sin Resultados" En caso contrario el sistema muestra: Tabla con el encabezado y los datos siguientes: A. Casilla Acciones 1) Seleccionar. 2) Descargar XML. 3) Recuperar Representación Impresa. B. Datos de la Metadata del CFDI. Columnas: • Folio Fiscal • RFC Emisor • Nombre o Razón Social del Emisor • RFC Receptor • Nombre o Razón Social del Receptor • Fecha de Emisión • Fecha de Certificación • PAC que Certificó • Monto Total de la Operación • Estado del Comprobante • Fecha de Cancelación • Motivo de cancelación • Folio de sustitución C. Botones: 1) Descargar Seleccionados XML. 2) Descargas RI. 3) Descargar Metadata. 4) Exportar Resultados a PDF. 5) Exportar Resultados a CSV. D. Paginador. En caso de que no se tenga información, el aplicativo dejará en blanco la sección que corresponda en la tabla de resultados. (Aplica la Regla de Negocio 06) a) En una consulta por Folio fiscal o cuando se realice la consulta por periodo de fecha y el resultado sea uno: o Descargar Metadata o Exportar Resultados PDF o Exportar Resultados CSV b) En una consulta por periodo de fecha de emisión y el resultado sea más de uno o Descargar RI o Descargar Seleccionados XML o Descargar Metadata o Exportar Resultados PDF o Exportar Resultados CSV
A30: =LEN(E30) -> 24 | B30: =LEN(F30) -> 69 | C30: =IF('Casos de Prueba'!B31<>0,'Casos de Prueba'!B31&"-"&'Casos de Prueba'!C31:E31,"") | D30: =IF(LEN($C30)>0,"",'Casos de Prueba'!D31) -> 5 | E30: =IF(LEN($C30)>0,"",'Casos de Prueba'!E31) -> Da clic en Cerrar Sesión | F30: =IF(LEN($C30)>0,"",'Casos de Prueba'!F31&CHAR(10)&'Casos de Prueba'!G31) -> Cierra la aplicación y se direcciona a la pantalla de autenticación.
A31: =LEN(E31) -> 0 | B31: =LEN(F31) -> 0 | C31: =IF('Casos de Prueba'!B32<>0,'Casos de Prueba'!B32&"-"&'Casos de Prueba'!C32:E32,"") -> CP03-RFC Receptor | D31: =IF(LEN($C31)>0,"",'Casos de Prueba'!D32) | E31: =IF(LEN($C31)>0,"",'Casos de Prueba'!E32) | F31: =IF(LEN($C31)>0,"",'Casos de Prueba'!F32&CHAR(10)&'Casos de Prueba'!G32)
... A181: =LEN(E181) -> 213 | B181: =LEN(F181) -> 52 | C181: =IF('Casos de Prueba'!B182<>0,'Casos de Prueba'!B182&"-"&'Casos de Prueba'!C182:E182,"") | D181: =IF(LEN($C181)>0,"",'Casos de Prueba'!D182) -> 3 | E181: =IF(LEN($C181)>0,"",'Casos de Prueba'!E182) -> Ingresa los datos: - *Fecha inicial de emisión - *Fecha final de emisión - RFC Emisor - RFC Receptor De manera opcional: - Estado del Comprobante - Tipo de Comprobante(Complemento)(RN17) * Campos obligatorios | F181: =IF(LEN($C181)>0,"",'Casos de Prueba'!F182&CHAR(10)&'Casos de Prueba'!G182) -> El sistema muestra los datos que se van ingresando
A182: =LEN(E182) -> 31 | B182: =LEN(F182) -> 728 | C182: =IF('Casos de Prueba'!B183<>0,'Casos de Prueba'!B183&"-"&'Casos de Prueba'!C183:E183,"") | D182: =IF(LEN($C182)>0,"",'Casos de Prueba'!D183) -> 4 | E182: =IF(LEN($C182)>0,"",'Casos de Prueba'!E183) -> Da clic en el botón buscar CFDI | F182: =IF(LEN($C182)>0,"",'Casos de Prueba'!F183&CHAR(10)&'Casos de Prueba'!G184) -> El sistema valida que el usuario tenga permisos para consultar PPE. Si se encuentra en la lista para poder ver los PPE, el sistema muestra los resultados de acuerdo a la consulta, más los registros RFC PPE. Si el usuario no cuenta con permisos, muestrea los resultados de acuerdo a una consulta normal no incluyendo los registros RFC PPE a) En una consulta por Folio fiscal o cuando se realice la consulta por periodo de fecha y el resultado sea uno: o Descargar Metadata o Exportar Resultados PDF o Exportar Resultados CSV b) En una consulta por periodo de fecha de emisión y el resultado sea más de uno o Descargar RI o Descargar Seleccionados XML o Descargar Metadata o Exportar Resultados PDF o Exportar Resultados CSV
A183: =LEN(E183) -> 58 | B183: =LEN(F183) -> #REF! | C183: =IF('Casos de Prueba'!B184<>0,'Casos de Prueba'!B184&"-"&'Casos de Prueba'!C184:E184,"") | D183: =IF(LEN($C183)>0,"",'Casos de Prueba'!D184) -> 5 | E183: =IF(LEN($C183)>0,"",'Casos de Prueba'!E184) -> El usuario valida los registros en la sección "Resultados" | F183: =IF(LEN($C183)>0,"",'Casos de Prueba'!F184&CHAR(10)&'Casos de Prueba'!#REF!) -> #REF!
A184: =LEN(E184) -> 24 | B184: =LEN(F184) -> 69 | C184: =IF('Casos de Prueba'!B185<>0,'Casos de Prueba'!B185&"-"&'Casos de Prueba'!C185:E185,"") | D184: =IF(LEN($C184)>0,"",'Casos de Prueba'!D185) -> 6 | E184: =IF(LEN($C184)>0,"",'Casos de Prueba'!E185) -> Da clic en Cerrar Sesión | F184: =IF(LEN($C184)>0,"",'Casos de Prueba'!F185&CHAR(10)&'Casos de Prueba'!G185) -> Cierra la aplicación y se direcciona a la pantalla de autenticación.
A185: =LEN(E185) -> #REF! | B185: =LEN(F185) -> #REF! | C185: =IF('Casos de Prueba'!#REF!<>0,'Casos de Prueba'!#REF!&"-"&_xlfn.SINGLE('Casos de Prueba'!#REF!),"") -> #REF! | D185: =IF(LEN($C185)>0,"",'Casos de Prueba'!#REF!) -> #REF! | E185: =IF(LEN($C185)>0,"",'Casos de Prueba'!#REF!) -> #REF! | F185: =IF(LEN($C185)>0,"",'Casos de Prueba'!#REF!&CHAR(10)&'Casos de Prueba'!#REF!) -> #REF!
A186: =LEN(E186) -> #REF! | B186: =LEN(F186) -> #REF! | C186: =IF('Casos de Prueba'!#REF!<>0,'Casos de Prueba'!#REF!&"-"&_xlfn.SINGLE('Casos de Prueba'!#REF!),"") -> #REF! | D186: =IF(LEN($C186)>0,"",'Casos de Prueba'!#REF!) -> #REF! | E186: =IF(LEN($C186)>0,"",'Casos de Prueba'!#REF!) -> #REF! | F186: =IF(LEN($C186)>0,"",'Casos de Prueba'!#REF!&CHAR(10)&'Casos de Prueba'!#REF!) -> #REF!
A187: =LEN(E187) -> #REF! | B187: =LEN(F187) -> #REF! | C187: =IF('Casos de Prueba'!#REF!<>0,'Casos de Prueba'!#REF!&"-"&_xlfn.SINGLE('Casos de Prueba'!#REF!),"") -> #REF! | D187: =IF(LEN($C187)>0,"",'Casos de Prueba'!#REF!) -> #REF! | E187: =IF(LEN($C187)>0,"",'Casos de Prueba'!#REF!) -> #REF! | F187: =IF(LEN($C187)>0,"",'Casos de Prueba'!#REF!&CHAR(10)&'Casos de Prueba'!#REF!) -> #REF!
A188: =LEN(E188) -> #REF! | B188: =LEN(F188) -> #REF! | C188: =IF('Casos de Prueba'!#REF!<>0,'Casos de Prueba'!#REF!&"-"&_xlfn.SINGLE('Casos de Prueba'!#REF!),"") -> #REF! | D188: =IF(LEN($C188)>0,"",'Casos de Prueba'!#REF!) -> #REF! | E188: =IF(LEN($C188)>0,"",'Casos de Prueba'!#REF!) -> #REF! | F188: =IF(LEN($C188)>0,"",'Casos de Prueba'!#REF!&CHAR(10)&'Casos de Prueba'!#REF!) -> #REF!
A189: =LEN(E189) -> #REF! | B189: =LEN(F189) -> #REF! | C189: =IF('Casos de Prueba'!#REF!<>0,'Casos de Prueba'!#REF!&"-"&_xlfn.SINGLE('Casos de Prueba'!#REF!),"") -> #REF! | D189: =IF(LEN($C189)>0,"",'Casos de Prueba'!#REF!) -> #REF! | E189: =IF(LEN($C189)>0,"",'Casos de Prueba'!#REF!) -> #REF! | F189: =IF(LEN($C189)>0,"",'Casos de Prueba'!#REF!&CHAR(10)&'Casos de Prueba'!#REF!) -> #REF!
A190: =LEN(E190) -> #REF! | B190: =LEN(F190) -> #REF! | C190: =IF('Casos de Prueba'!#REF!<>0,'Casos de Prueba'!#REF!&"-"&_xlfn.SINGLE('Casos de Prueba'!#REF!),"") -> #REF! | D190: =IF(LEN($C190)>0,"",'Casos de Prueba'!#REF!) -> #REF! | E190: =IF(LEN($C190)>0,"",'Casos de Prueba'!#REF!) -> #REF! | F190: =IF(LEN($C190)>0,"",'Casos de Prueba'!#REF!&CHAR(10)&'Casos de Prueba'!#REF!) -> #REF!
A191: =LEN(E191) -> #REF! | B191: =LEN(F191) -> #REF! | C191: =IF('Casos de Prueba'!#REF!<>0,'Casos de Prueba'!#REF!&"-"&_xlfn.SINGLE('Casos de Prueba'!#REF!),"") -> #REF! | D191: =IF(LEN($C191)>0,"",'Casos de Prueba'!#REF!) -> #REF! | E191: =IF(LEN($C191)>0,"",'Casos de Prueba'!#REF!) -> #REF! | F191: =IF(LEN($C191)>0,"",'Casos de Prueba'!#REF!&CHAR(10)&'Casos de Prueba'!#REF!) -> #REF!
A192: =LEN(E192) -> #REF! | B192: =LEN(F192) -> #REF! | C192: =IF('Casos de Prueba'!#REF!<>0,'Casos de Prueba'!#REF!&"-"&_xlfn.SINGLE('Casos de Prueba'!#REF!),"") -> #REF! | D192: =IF(LEN($C192)>0,"",'Casos de Prueba'!#REF!) -> #REF! | E192: =IF(LEN($C192)>0,"",'Casos de Prueba'!#REF!) -> #REF! | F192: =IF(LEN($C192)>0,"",'Casos de Prueba'!#REF!&CHAR(10)&'Casos de Prueba'!#REF!) -> #REF!
A193: =LEN(E193) -> #REF! | B193: =LEN(F193) -> #REF! | C193: =IF('Casos de Prueba'!#REF!<>0,'Casos de Prueba'!#REF!&"-"&_xlfn.SINGLE('Casos de Prueba'!#REF!),"") -> #REF! | D193: =IF(LEN($C193)>0,"",'Casos de Prueba'!#REF!) -> #REF! | E193: =IF(LEN($C193)>0,"",'Casos de Prueba'!#REF!) -> #REF! | F193: =IF(LEN($C193)>0,"",'Casos de Prueba'!#REF!&CHAR(10)&'Casos de Prueba'!#REF!) -> #REF!
A194: =LEN(E194) -> #REF! | B194: =LEN(F194) -> #REF! | C194: =IF('Casos de Prueba'!#REF!<>0,'Casos de Prueba'!#REF!&"-"&_xlfn.SINGLE('Casos de Prueba'!#REF!),"") -> #REF! | D194: =IF(LEN($C194)>0,"",'Casos de Prueba'!#REF!) -> #REF! | E194: =IF(LEN($C194)>0,"",'Casos de Prueba'!#REF!) -> #REF! | F194: =IF(LEN($C194)>0,"",'Casos de Prueba'!#REF!&CHAR(10)&'Casos de Prueba'!#REF!) -> #REF!
A195: =LEN(E195) -> #REF! | B195: =LEN(F195) -> #REF! | C195: =IF('Casos de Prueba'!#REF!<>0,'Casos de Prueba'!#REF!&"-"&_xlfn.SINGLE('Casos de Prueba'!#REF!),"") -> #REF! | D195: =IF(LEN($C195)>0,"",'Casos de Prueba'!#REF!) -> #REF! | E195: =IF(LEN($C195)>0,"",'Casos de Prueba'!#REF!) -> #REF! | F195: =IF(LEN($C195)>0,"",'Casos de Prueba'!#REF!&CHAR(10)&'Casos de Prueba'!#REF!) -> #REF!
A196: =LEN(E196) -> #REF! | B196: =LEN(F196) -> #REF! | C196: =IF('Casos de Prueba'!#REF!<>0,'Casos de Prueba'!#REF!&"-"&_xlfn.SINGLE('Casos de Prueba'!#REF!),"") -> #REF! | D196: =IF(LEN($C196)>0,"",'Casos de Prueba'!#REF!) -> #REF! | E196: =IF(LEN($C196)>0,"",'Casos de Prueba'!#REF!) -> #REF! | F196: =IF(LEN($C196)>0,"",'Casos de Prueba'!#REF!&CHAR(10)&'Casos de Prueba'!#REF!) -> #REF!
... A205: =LEN(E205) -> #REF! | B205: =LEN(F205) -> #REF! | C205: =IF('Casos de Prueba'!#REF!<>0,'Casos de Prueba'!#REF!&"-"&_xlfn.SINGLE('Casos de Prueba'!#REF!),"") -> #REF! | D205: =IF(LEN($C205)>0,"",'Casos de Prueba'!#REF!) -> #REF! | E205: =IF(LEN($C205)>0,"",'Casos de Prueba'!#REF!) -> #REF! | F205: =IF(LEN($C205)>0,"",'Casos de Prueba'!#REF!&CHAR(10)&'Casos de Prueba'!#REF!) -> #REF!
A206: =LEN(E206) -> 0 | B206: =LEN(F206) -> 0 | C206: =IF('Casos de Prueba'!B186<>0,'Casos de Prueba'!B186&"-"&'Casos de Prueba'!C186:E186,"") -> CP27-Autenticación | D206: =IF(LEN($C206)>0,"",'Casos de Prueba'!D186) | E206: =IF(LEN($C206)>0,"",'Casos de Prueba'!E186) | F206: =IF(LEN($C206)>0,"",'Casos de Prueba'!F186&CHAR(10)&'Casos de Prueba'!G186)
A207: =LEN(E207) -> 23 | B207: =LEN(F207) -> 1 | C207: =IF('Casos de Prueba'!B187<>0,'Casos de Prueba'!B187&"-"&'Casos de Prueba'!C187:E187,"") | D207: =IF(LEN($C207)>0,"",'Casos de Prueba'!D187) -> 1 | E207: =IF(LEN($C207)>0,"",'Casos de Prueba'!E187) -> Usuario abre explorador | F207: =IF(LEN($C207)>0,"",'Casos de Prueba'!F187&CHAR(10)&'Casos de Prueba'!G187)
A208: =LEN(E208) -> 74 | B208: =LEN(F208) -> 131 | C208: =IF('Casos de Prueba'!B188<>0,'Casos de Prueba'!B188&"-"&'Casos de Prueba'!C188:E188,"") | D208: =IF(LEN($C208)>0,"",'Casos de Prueba'!D188) -> 2 | E208: =IF(LEN($C208)>0,"",'Casos de Prueba'!E188) -> Usuario ingresa a la URL correspondiente a la Consulta Central Retenciones | F208: =IF(LEN($C208)>0,"",'Casos de Prueba'!F188&CHAR(10)&'Casos de Prueba'!G188) -> Se muestran los datos para ingresar: Certificado (.cer) Clave privada (.Key) Contraseña de clave privada: Se muestra el campo RFC
A209: =LEN(E209) -> 82 | B209: =LEN(F209) -> 96 | C209: =IF('Casos de Prueba'!B189<>0,'Casos de Prueba'!B189&"-"&'Casos de Prueba'!C189:E189,"") | D209: =IF(LEN($C209)>0,"",'Casos de Prueba'!D189) -> 3 | E209: =IF(LEN($C209)>0,"",'Casos de Prueba'!E189) -> Usuario da clic en buscar y selecciona el archivo correspondiente a su certificado | F209: =IF(LEN($C209)>0,"",'Casos de Prueba'!F189&CHAR(10)&'Casos de Prueba'!G189) -> Se muestra el dato en el campo certificado y en el campo RFC el dato del RFC del contribuyente
A210: =LEN(E210) -> 84 | B210: =LEN(F210) -> 45 | C210: =IF('Casos de Prueba'!B190<>0,'Casos de Prueba'!B190&"-"&'Casos de Prueba'!C190:E190,"") | D210: =IF(LEN($C210)>0,"",'Casos de Prueba'!D190) -> 4 | E210: =IF(LEN($C210)>0,"",'Casos de Prueba'!E190) -> Usuario da clic en buscar y selecciona el archivo correspondiente a su clave privada | F210: =IF(LEN($C210)>0,"",'Casos de Prueba'!F190&CHAR(10)&'Casos de Prueba'!G190) -> Se muestra el dato en el campo clave privada
A211: =LEN(E211) -> 29 | B211: =LEN(F211) -> 49 | C211: =IF('Casos de Prueba'!B191<>0,'Casos de Prueba'!B191&"-"&'Casos de Prueba'!C191:E191,"") | D211: =IF(LEN($C211)>0,"",'Casos de Prueba'!D191) -> 5 | E211: =IF(LEN($C211)>0,"",'Casos de Prueba'!E191) -> Usuario ingresa su contraseña | F211: =IF(LEN($C211)>0,"",'Casos de Prueba'!F191&CHAR(10)&'Casos de Prueba'!G191) -> Se muestra oculto el dato en el campo contraseña
A212: =LEN(E212) -> 17 | B212: =LEN(F212) -> 45 | C212: =IF('Casos de Prueba'!B192<>0,'Casos de Prueba'!B192&"-"&'Casos de Prueba'!C192:E192,"") | D212: =IF(LEN($C212)>0,"",'Casos de Prueba'!D192) -> 6 | E212: =IF(LEN($C212)>0,"",'Casos de Prueba'!E192) -> Da clic en enviar | F212: =IF(LEN($C212)>0,"",'Casos de Prueba'!F192&CHAR(10)&'Casos de Prueba'!G192) -> Se muestra la pantalla principal de consulta
A213: =LEN(E213) -> 0 | B213: =LEN(F213) -> 0 | C213: =IF('Casos de Prueba'!B193<>0,'Casos de Prueba'!B193&"-"&'Casos de Prueba'!C193:E193,"") -> CP28-Cierre Sesión Inactividad | D213: =IF(LEN($C213)>0,"",'Casos de Prueba'!D193) | E213: =IF(LEN($C213)>0,"",'Casos de Prueba'!E193) | F213: =IF(LEN($C213)>0,"",'Casos de Prueba'!F193&CHAR(10)&'Casos de Prueba'!G193)
A214: =LEN(E214) -> 47 | B214: =LEN(F214) -> 217 | C214: =IF('Casos de Prueba'!B194<>0,'Casos de Prueba'!B194&"-"&'Casos de Prueba'!C194:E194,"") | D214: =IF(LEN($C214)>0,"",'Casos de Prueba'!D194) -> 1 | E214: =IF(LEN($C214)>0,"",'Casos de Prueba'!E194) -> Usuario ingresa al Consulta Central Retenciones | F214: =IF(LEN($C214)>0,"",'Casos de Prueba'!F194&CHAR(10)&'Casos de Prueba'!G194) -> El sistema despliega las siguientes opciones de búsqueda: - Folio Fiscal - Fecha Inicial y Final de Emisión - Masiva UUID El Usuario previamente se autenticó y accedió al portal Empleados-Consulta Central Retenciones
A215: =LEN(E215) -> 59 | B215: =LEN(F215) -> 74 | C215: =IF('Casos de Prueba'!B195<>0,'Casos de Prueba'!B195&"-"&'Casos de Prueba'!C195:E195,"") | D215: =IF(LEN($C215)>0,"",'Casos de Prueba'!D195) -> 2 | E215: =IF(LEN($C215)>0,"",'Casos de Prueba'!E195) -> Usuario deja la sesión abierta sin realizar ninguna acción. | F215: =IF(LEN($C215)>0,"",'Casos de Prueba'!F195&CHAR(10)&'Casos de Prueba'!G195) -> Después de 10 minutos de inactividad, se cerrará la sesión en automático.
A216: =LEN(E216) -> 43 | B216: =LEN(F216) -> 143 | C216: =IF('Casos de Prueba'!B196<>0,'Casos de Prueba'!B196&"-"&'Casos de Prueba'!C196:E196,"") | D216: =IF(LEN($C216)>0,"",'Casos de Prueba'!D196) -> 3 | E216: =IF(LEN($C216)>0,"",'Casos de Prueba'!E196) -> El sistema cierra la sesión por inactividad | F216: =IF(LEN($C216)>0,"",'Casos de Prueba'!F196&CHAR(10)&'Casos de Prueba'!G196) -> Al cerrarse debe redirigir la página al Módulo de autentificación. Para realizar una nueva consulta, el usuario requiere autenticarse de nuevo.
A217: =LEN(E217) -> #REF! | B217: =LEN(F217) -> #REF! | C217: =IF('Casos de Prueba'!#REF!<>0,'Casos de Prueba'!#REF!&"-"&_xlfn.SINGLE('Casos de Prueba'!#REF!),"") -> #REF! | D217: =IF(LEN($C217)>0,"",'Casos de Prueba'!#REF!) -> #REF! | E217: =IF(LEN($C217)>0,"",'Casos de Prueba'!#REF!) -> #REF! | F217: =IF(LEN($C217)>0,"",'Casos de Prueba'!#REF!&CHAR(10)&'Casos de Prueba'!#REF!) -> #REF!
A218: =LEN(E218) -> 0 | B218: =LEN(F218) -> 0 | C218: =IF('Casos de Prueba'!B197<>0,'Casos de Prueba'!B197&"-"&'Casos de Prueba'!C197:E197,"") -> CP29-Masiva UUID / Archivo con Errores | D218: =IF(LEN($C218)>0,"",'Casos de Prueba'!D197) | E218: =IF(LEN($C218)>0,"",'Casos de Prueba'!E197) | F218: =IF(LEN($C218)>0,"",'Casos de Prueba'!F197&CHAR(10)&'Casos de Prueba'!G197)
A219: =LEN(E219) -> 64 | B219: =LEN(F219) -> 217 | C219: =IF('Casos de Prueba'!B198<>0,'Casos de Prueba'!B198&"-"&'Casos de Prueba'!C198:E198,"") | D219: =IF(LEN($C219)>0,"",'Casos de Prueba'!D198) -> 1 | E219: =IF(LEN($C219)>0,"",'Casos de Prueba'!E198) -> Usuario ingresa al Portal Empleados Consulta Central Retenciones | F219: =IF(LEN($C219)>0,"",'Casos de Prueba'!F198&CHAR(10)&'Casos de Prueba'!G198) -> El sistema despliega las siguientes opciones de búsqueda: - Folio Fiscal - Fecha Inicial y Final de Emisión - Masiva UUID El Usuario previamente se autenticó y accedió al portal Empleados-Consulta Central Retenciones
A220: =LEN(E220) -> 32 | B220: =LEN(F220) -> 118 | C220: =IF('Casos de Prueba'!B199<>0,'Casos de Prueba'!B199&"-"&'Casos de Prueba'!C199:E199,"") | D220: =IF(LEN($C220)>0,"",'Casos de Prueba'!D199) -> 2 | E220: =IF(LEN($C220)>0,"",'Casos de Prueba'!E199) -> Selecciona la opción Masiva UUID | F220: =IF(LEN($C220)>0,"",'Casos de Prueba'!F199&CHAR(10)&'Casos de Prueba'!G199) -> El sistema despliega las siguientes opciones de búsqueda: - Boton Seleccionar* - Archivos Solicitados - Botón Enviar
A221: =LEN(E221) -> 61 | B221: =LEN(F221) -> 135 | C221: =IF('Casos de Prueba'!B200<>0,'Casos de Prueba'!B200&"-"&'Casos de Prueba'!C200:E200,"") | D221: =IF(LEN($C221)>0,"",'Casos de Prueba'!D200) -> 3 | E221: =IF(LEN($C221)>0,"",'Casos de Prueba'!E200) -> Selecciona el archivo(txt) mediante el explorador de Windows. | F221: =IF(LEN($C221)>0,"",'Casos de Prueba'!F200&CHAR(10)&'Casos de Prueba'!G200) -> El aplicativo ejecuta la consulta y arroja el resultado conforme a los UUID definidos en el archivo. Archivo TXT con distintos UUID
A222: =LEN(E222) -> 26 | B222: =LEN(F222) -> 1015 | C222: =IF('Casos de Prueba'!B201<>0,'Casos de Prueba'!B201&"-"&'Casos de Prueba'!C201:E201,"") | D222: =IF(LEN($C222)>0,"",'Casos de Prueba'!D201) -> 4 | E222: =IF(LEN($C222)>0,"",'Casos de Prueba'!E201) -> Da clic en el botón Enviar | F222: =IF(LEN($C222)>0,"",'Casos de Prueba'!F201&CHAR(10)&'Casos de Prueba'!G201) -> Para el caso de que en la relación de los folios fiscales consultados no se localicen o no cumplan la estructura de UUID de CFDI de Retenciones e Información de pagos de acuerdo con el anexo 20 de la RMF, se generará un aviso de manera automática con el siguiente mensaje: No se encontraron folios, la lista se encuentra en proceso y podrás obtener el resultado con el folio de descarga: xxxxxxxx-xxxx-xxxx-xxxx-xxxxxxxxxxx. El resultado de la consulta generará un archivo de texto plano (.txt) con los folios fiscales (UUID) no localizados , por los siguientes motivos: -Estructura del UUID incorrecta -No existe el folio fiscal en los controles del SAT. Este archivo se podrá obtener mediante la funcionalidad del botón “Archivos Solicitados”, realizando la descarga del paquete comprimido en formato ZIP, que cuenta con un identificador denominado “Folio de descarga” (Aplica la Regla de Negocio 10) El botón Archivos Solicitados será visible únicamente cuando se haya seleccionado la opción Masiva UUID.
A223: =LEN(E223) -> 97 | B223: =LEN(F223) -> 311 | C223: =IF('Casos de Prueba'!B202<>0,'Casos de Prueba'!B202&"-"&'Casos de Prueba'!C202:E202,"") | D223: =IF(LEN($C223)>0,"",'Casos de Prueba'!D202) -> 5 | E223: =IF(LEN($C223)>0,"",'Casos de Prueba'!E202) -> Da clic en el boton "Archivos Solicitados" y realizar la descarga del archivo con observaciones. | F223: =IF(LEN($C223)>0,"",'Casos de Prueba'!F202&CHAR(10)&'Casos de Prueba'!G202) -> El archivo va mostrar el detalle de los UUID que no se localizaron o que no cumplen con la estructura Si no hay archivos txt de errores para descargar se va a mostrar la siguiente leyenda “No se encontraron archivos de errores”. Si hay peticiones, el sistema muestra el listado de los Folios para su descarga.
A224: =LEN(E224) -> 24 | B224: =LEN(F224) -> 69 | D224: =IF(LEN($C224)>0,"",'Casos de Prueba'!D203) -> 6 | E224: =IF(LEN($C224)>0,"",'Casos de Prueba'!E203) -> Da clic en Cerrar Sesión | F224: =IF(LEN($C224)>0,"",'Casos de Prueba'!F203&CHAR(10)&'Casos de Prueba'!G203) -> Cierra la aplicación y se direcciona a la pantalla de autenticación.

Sheet Devops_Carga
B1: Work Item type | C1: Title | D1: Test Step | E1: Step Action | F1: Step expected
B2: Test Case | C2: CP01-Folio Fiscal
D3: 1 | E3: Usuario ingresa al Portal Empleados Consulta Central Retenciones | F3: El sistema despliega las siguientes opciones de búsqueda: - Folio Fiscal - Fecha Inicial y Final de Emisión - Masiva UUID El Usuario previamente se autenticó y accedió al portal Empleados-Consulta Central Retenciones
D4: 2 | E4: Selecciona la opción Folio Fiscal | F4: El sistema despliega cuadro de texto para incorporar el número de Folio Fiscal que se requiere buscar. Se inhabilita el campo Fecha Inicial de Emisión (Aplica la Regla de Negocio 01)
D5: 3 | E5: Ingresa los datos del Folio Fiscal | F5: El sistema muestra los datos que se van ingresando del folio fiscal
D6: 4 | E6: Da clic en el botón buscar CFDI | F6: En caso de no encontrar información ir al CP "Sin Resultados" En caso contrario el sistema muestra: Tabla con el encabezado y los datos siguientes: + Acciones • Descargar.(XML) • Ver Detalle.(RI) Columnas: • Folio Fiscal • RFC Emisor • Nombre o Razón Social del Emisor • RFC Receptor • Nombre o Razón Social del Receptor • Fecha de Emisión • Fecha de Certificación • Monto Total Retenido • Monto Total de la Operación • Estado del Comprobante • Clave de la retención • Fecha de Cancelación • PAC que Certificó • Motivo de cancelación • Folio de sustitución + Botones: 1)Descargar Metadata. 2)Exportar Resultados a PDF. 3)Exportar Resultados a CSV.
D7: 5 | E7: Da clic en cerrar sesión | F7: Cierra la aplicación y se direcciona a la pantalla de autenticación.
C8: CP02-RFC Emisor
D9: 1 | E9: Usuario ingresa al Portal Empleados Consulta Central Retenciones | F9: El sistema despliega las siguientes opciones de búsqueda: - Folio Fiscal - Fecha Inicial y Final de Emisión - Masiva UUID El Usuario previamente se autenticó y accedió al portal Empleados-Consulta Central Retenciones
D10: 2 | E10: Selecciona la opción Fecha Inicial de Emisión | F10: El sistema habilita los siguientes campos: • Fecha Inicial de Emisión (*). • Fecha Final de Emisión (*). (RN04) • RFC Emisor. (RN02) • RFC Receptor. (RN02) • Estado del Comprobante. • Tipo de Comprobante (RN17).* Campos obligatorios El Usuario previamente se autenticó y accedió al portal Empleados-Consulta Central Retenciones Se debe incorporar el RFC de al menos alguno de los siguientes: - RFC Emisor (RN02) - RFC Receptor (RN02)
D11: 3 | E11: Ingresa los datos: - *Fecha inicial de emisión - *Fecha final de emisión - RFC Emisor De manera opcional: - Estado del Comprobante - Tipo de Comprobante * Campos obligatorios | F11: El sistema muestra los datos que se van ingresando Al seleccionar el botón para la consulta por periodo de fecha de emisión, se debe deshabilitar el campo correspondiente a la consulta de Folio Fiscal.
D12: 4 | E12: Da clic en el botón buscar CFDI | F12: En caso de no encontrar información ir al CP "Sin Resultados" En caso contrario el sistema muestra: Botón Recuperar descargas de CFDI Tabla con el encabezado y los datos siguientes: + Acciones • Descargar.(XML) • Ver Detalle.(RI) Columnas: • Folio Fiscal • RFC Emisor • Nombre o Razón Social del Emisor • RFC Receptor • Nombre o Razón Social del Receptor • Fecha de Emisión • Fecha de Certificación • Monto Total Retenido • Monto Total de la Operación • Estado del Comprobante • Clave de la retención • Fecha de Cancelación • PAC que Certificó • Motivo de cancelación • Folio de sustitución + Botones: 1)Descargar Seleccionados XML. 2)Descargas RI. 3)Descargar Metadata. 4)Exportar Resultados a PDF. 5)Exportar Resultados a CSV. En caso de que no se tenga información, el aplicativo dejará en blanco la sección que corresponda en la tabla de resultados. (Aplica la Regla de Negocio 06)
D13: 5 | E13: Da clic en cerrar sesión | F13: Cierra la aplicación y se direcciona a la pantalla de autenticación.
C14: CP03-RFC Receptor
D15: 1 | E15: Usuario ingresa al Portal Empleados Consulta Central Retenciones | F15: El sistema despliega las siguientes opciones de búsqueda: - Folio Fiscal - Fecha Inicial y Final de Emisión - Masiva UUID El Usuario previamente se autenticó y accedió al portal Empleados-Consulta Central Retenciones
D16: 2 | E16: Selecciona la opción Fecha Inicial de Emisión | F16: El sistema habilita los siguientes campos: • Fecha Inicial de Emisión (*). • Fecha Final de Emisión (*). (RN04) • RFC Emisor. (RN02) • RFC Receptor. (RN02) • Estado del Comprobante. • Tipo de Comprobante (RN17).* Campos obligatorios
D17: 3 | E17: Ingresa los datos: - *Fecha inicial de emisión - *Fecha final de emisión - *RFC Receptor Ingresa los datos: - Estado del Comprobante - Tipo de Comprobante * Campos obligatorios | F17: El sistema muestra los datos que se van ingresando
D18: 4 | E18: Da clic en el botón buscar CFDI | F18: En caso de no encontrar información ir al CP "Sin Resultados" En caso contrario el sistema muestra: Botón Recuperar descargas de CFDI Tabla con el encabezado y los datos siguientes: + Acciones • Descargar.(XML) • Ver Detalle.(RI) Columnas: • Folio Fiscal • RFC Emisor • Nombre o Razón Social del Emisor • RFC Receptor • Nombre o Razón Social del Receptor • Fecha de Emisión • Fecha de Certificación • Monto Total Retenido • Monto Total de la Operación • Estado del Comprobante • Clave de la retención • Fecha de Cancelación • PAC que Certificó • Motivo de cancelación • Folio de sustitución + Botones: 1)Descargar Seleccionados XML. 2)Descargas RI. 3)Descargar Metadata. 4)Exportar Resultados a PDF. 5)Exportar Resultados a CSV. En caso de que no se tenga información, el aplicativo dejará en blanco la sección que corresponda en la tabla de resultados. (Aplica la Regla de Negocio 06)
D19: 5 | E19: Da clic en cerrar sesión | F19: Cierra la aplicación y se direcciona a la pantalla de autenticación.
C20: CP04-RFC Receptor y RFC Emisor
D21: 1 | E21: Usuario ingresa al Portal Empleados Consulta Central Retenciones | F21: El sistema despliega las siguientes opciones de búsqueda: - Folio Fiscal - Fecha Inicial y Final de Emisión - Masiva UUID El Usuario previamente se autenticó y accedió al portal Empleados-Consulta Central Retenciones
D22: 2 | E22: Selecciona la opción Fecha Inicial de Emisión | F22: El sistema habilita los siguientes campos: • Fecha Inicial de Emisión (*). • Fecha Final de Emisión (*). (RN04) • RFC Emisor. (RN02) • RFC Receptor. (RN02) • Estado del Comprobante. • Tipo de Comprobante (RN17).* Campos obligatorios
D23: 3 | E23: Ingresa los datos: - *Fecha inicial de emisión - *Fecha final de emisión - *RFC Emisor - RFC Receptor De manera opcional lo siguiente: - Estado del Comprobante - Tipo de Comprobante * Campos obligatorios | F23: El sistema muestra los datos que se van ingresando
D24: 4 | E24: Da clic en el botón buscar CFDI | F24: En caso de no encontrar información ir al CP "Sin Resultados" En caso contrario el sistema muestra: Botón Recuperar descargas de CFDI Tabla con el encabezado y los datos siguientes: + Acciones • Descargar.(XML) • Ver Detalle.(RI) Columnas: • Folio Fiscal • RFC Emisor • Nombre o Razón Social del Emisor • RFC Receptor • Nombre o Razón Social del Receptor • Fecha de Emisión • Fecha de Certificación • Monto Total Retenido • Monto Total de la Operación • Estado del Comprobante • Clave de la retención • Fecha de Cancelación • PAC que Certificó • Motivo de cancelación • Folio de sustitución + Botones: 1)Descargar Seleccionados XML. 2)Descargas RI. 3)Descargar Metadata. 4)Exportar Resultados a PDF. 5)Exportar Resultados a CSV. En caso de que no se tenga información, el aplicativo dejará en blanco la sección que corresponda en la tabla de resultados. (Aplica la Regla de Negocio 06)
D25: 5 | E25: Da clic en cerrar sesión | F25: Cierra la aplicación y se direcciona a la pantalla de autenticación.
C26: CP05-Masiva UUID
D27: 1 | E27: Usuario ingresa al Portal Empleados Consulta Central Retenciones | F27: El sistema despliega las siguientes opciones de búsqueda: - Folio Fiscal - Fecha Inicial y Final de Emisión - Masiva UUID El Usuario previamente se autenticó y accedió al portal Empleados-Consulta Central Retenciones
D28: 2 | E28: Selecciona la opción Masiva UUID | F28: El sistema despliega las siguientes opciones de búsqueda: - *Seleccionar Archivo Botón Enviar
D29: 3 | E29: Selecciona el archivo(txt) mediante el explorador de Windows. | F29: El aplicativo ejecuta la consulta y arroja el resultado conforme a los UUID definidos en el archivo. Archivo TXT con distintos UUID
D30: 4 | E30: Da clic en el botón buscar CFDI | F30: En caso de no encontrar información ir al CP "Sin Resultados" En caso contrario el sistema muestra: Botón Recuperar descargas de CFDI Tabla con el encabezado y los datos siguientes: + Acciones • Descargar.(XML) • Ver Detalle.(RI) Columnas: • Folio Fiscal • RFC Emisor • Nombre o Razón Social del Emisor • RFC Receptor • Nombre o Razón Social del Receptor • Fecha de Emisión • Fecha de Certificación • Monto Total Retenido • Monto Total de la Operación • Estado del Comprobante • Clave de la retención • Fecha de Cancelación • PAC que Certificó • Motivo de cancelación • Folio de sustitución + Botones: 1)Descargar Seleccionados XML. 2)Descargas RI. 3)Descargar Metadata. 4)Exportar Resultados a PDF. 5)Exportar Resultados a CSV. El aplicativo realiza la consulta masiva de esos UUID y se muestra el detalle de los CFDI de Retenciones con las funcionalidades que actualmente existen • El servicio solo permite la consulta a través de archivos de texto plano (.txt).
D31: 5 | E31: Da clic en cerrar sesión | F31: Cierra la aplicación y se direcciona a la pantalla de autenticación.
C32: CP06-Folio Fiscal/Acuse de Cancelación
D33: 1 | E33: Usuario ingresa al Portal Empleados Consulta Central Retenciones | F33: El sistema despliega las siguientes opciones de búsqueda: - Folio Fiscal - Fecha Inicial y Final de Emisión - Masiva UUID El Usuario previamente se autenticó y accedió al portal Empleados-Consulta Central Retenciones
D34: 2 | E34: Selecciona la opción Folio Fiscal | F34: El sistema despliega cuadro de texto para incorporar el número de Folio Fiscal que se requiere buscar
D35: 3 | E35: Ingresa los datos del Folio Fiscal | F35: El sistema muestra los datos que se van ingresando del folio fiscal
D36: 4 | E36: Da clic en el botón buscar CFDI | F36: En caso de no encontrar información ir al CP "Sin Resultados" En caso contrario el sistema muestra: Tabla con el encabezado y los datos siguientes: + Acciones • Descargar.(XML) • Ver Detalle.(RI) Columnas: • Folio Fiscal • RFC Emisor • Nombre o Razón Social del Emisor • RFC Receptor • Nombre o Razón Social del Receptor • Fecha de Emisión • Fecha de Certificación • Monto Total Retenido • Monto Total de la Operación • Estado del Comprobante • Clave de la retención • Fecha de Cancelación • PAC que Certificó • Motivo de cancelación • Folio de sustitución + Botones: 1)Descargar Metadata. 2)Exportar Resultados a PDF. 3)Exportar Resultados a CSV. En pantalla se deben visualizar 100 registros por página con un máximo de 10 bloques. (Aplica la Regla de Negocio 05) En caso de que no se tenga información, el aplicativo dejará en blanco la sección que corresponda en la tabla de resultados. (Aplica la Regla de Negocio 06)
D37: 5 | E37: Selecciona un folio fiscal (UUID) de la tabla “Resultados” | F37: En la columna de acciones se desplegaran los botones: • Acuse de Cancelación •Recuperar Representación Impresa • Descargar XML
D38: 6 | E38: El usuario selecciona un folio fiscal (UUID) de la tabla “Resultados” y ubica la columna “Estado del Comprobante” que tenga el valor “Cancelado” y da clic en el hipervinculo para descargar el acuse de cancelación | F38: El sistema abre una ventana emergente y comienza con la descarga del acuse de cancelación en formato PDF. - Nombre de la Institución: ‘Servicio de Administración Tributaria’ y el nombre del do-cumento ‘Acuse de Cancelación de CFDI de Retención’ al centro de la página. - Datos del Acuse de Cancelación de CFDI: • Fecha y hora de la solicitud. • Fecha y hora de cancelación • RFC Emisor • Folio Fiscal • Estatus de Proceso de Cancelación. • Motivo de Cancelación. • CFDI Reemplaza. • Sello digital SAT. Esta opción solo será visible en la columna “Estado del Comprobante, cuando exista una solicitud de la cancelación asociada al CFDI de Retenciones. Se podrá realizar la descarga del acuse en formato PDF, recuperando el acuse con el estatus final.
D39: 7 | E39: Da clic en cerrar sesión | F39: Cierra la aplicación y se direcciona a la pantalla de autenticación.
C40: CP07-RFCEmisor/Acuse Cancelación
D41: 1 | E41: Usuario ingresa al Portal Empleados Consulta Central Retenciones | F41: El sistema despliega las siguientes opciones de búsqueda: - Folio Fiscal - Fecha Inicial y Final de Emisión - Masiva UUID El Usuario previamente se autenticó y accedió al portal Empleados-Consulta Central Retenciones
D42: 2 | E42: Selecciona la opción Fecha Inicial de Emisión | F42: El sistema habilita los siguientes campos: • Fecha Inicial de Emisión (*). • Fecha Final de Emisión (*). (RN04) • RFC Emisor. (RN02) • RFC Receptor. (RN02) • Estado del Comprobante. • Tipo de Comprobante (RN17).* Campos obligatorios
D43: 3 | E43: Ingresa los datos: - *Fecha inicial de emisión - *Fecha final de emisión - RFC Emisor Algunos de los datos siguientes: - Estado del Comprobante - Tipo de Comprobante* Campos obligatorios | F43: El sistema muestra los datos que se van ingresando
D44: 4 | E44: Da clic en el botón buscar CFDI | F44: En caso de no encontrar información ir al CP "Sin Resultados" En caso contrario el sistema muestra: Botón Recuperar descargas de CFDI Tabla con el encabezado y los datos siguientes: + Acciones • Descargar.(XML) • Ver Detalle.(RI) Columnas: • Folio Fiscal • RFC Emisor • Nombre o Razón Social del Emisor • RFC Receptor • Nombre o Razón Social del Receptor • Fecha de Emisión • Fecha de Certificación • Monto Total Retenido • Monto Total de la Operación • Estado del Comprobante • Clave de la retención • Fecha de Cancelación • PAC que Certificó • Motivo de cancelación • Folio de sustitución + Botones: 1)Descargar Seleccionados XML. 2)Descargas RI. 3)Descargar Metadata. 4)Exportar Resultados a PDF. 5)Exportar Resultados a CSV. (Aplica la Regla de Negocio 05) En caso de que no se tenga información, el aplicativo dejará en blanco la sección que corresponda en la tabla de resultados. (Aplica la Regla de Negocio 06)
D45: 5 | E45: Selecciona un folio fiscal (UUID) de la tabla “Resultados” | F45: En la columna de acciones se desplegaran los botones: • Acuse de Cancelación •Recuperar Representación Impresa • Descargar XML
D46: 6 | E46: El usuario selecciona un folio fiscal (UUID) de la tabla “Resultados” y ubica la columna “Estado del Comprobante” que tenga el valor “Cancelado” y da clic en el hipervinculo para descargar el acuse de cancelación | F46: El sistema abre una ventana emergente y comienza con la descarga del acuse de cancelación en formato PDF. - Nombre de la Institución: ‘Servicio de Administración Tributaria’ y el nombre del do-cumento ‘Acuse de Cancelación de CFDI de Retención’ al centro de la página. - Datos del Acuse de Cancelación de CFDI: • Fecha y hora de la solicitud. • Fecha y hora de cancelación • RFC Emisor • Folio Fiscal • Estatus de Proceso de Cancelación. • Motivo de Cancelación. • CFDI Reemplaza. • Sello digital SAT. Esta opción solo será visible en la columna “Estado del Comprobante, cuando exista una solicitud de la cancelación asociada al CFDI de Retenciones. Se podrá realizar la descarga del acuse en formato PDF, recuperando el acuse con el estatus final.
D47: 7 | E47: Da clic en cerrar sesión | F47: Cierra la aplicación y se direcciona a la pantalla de autenticación.
C48: CP08-RFCReceptor/Acuse de Cancelación
D49: 1 | E49: Usuario ingresa al Portal Empleados Consulta Central Retenciones | F49: El sistema despliega las siguientes opciones de búsqueda: - Folio Fiscal - Fecha Inicial y Final de Emisión - Masiva UUID El Usuario previamente se autenticó y accedió al portal Empleados-Consulta Central Retenciones
D50: 2 | E50: Selecciona la opción Fecha Inicial de Emisión | F50: El sistema habilita los siguientes campos: • Fecha Inicial de Emisión (*). • Fecha Final de Emisión (*). (RN04) • RFC Emisor. (RN02) • RFC Receptor. (RN02) • Estado del Comprobante. • Tipo de Comprobante (RN17).* Campos obligatorios
D51: 3 | E51: Ingresa los datos: - *Fecha inicial de emisión - *Fecha final de emisión - *RFC Receptor Algunos de los datos siguientes: - Estado del Comprobante - Tipo de Comprobante * Campos obligatorios | F51: El sistema muestra los datos que se van ingresando
D52: 4 | E52: Da clic en el botón buscar CFDI | F52: En caso de no encontrar información ir al CP "Sin Resultados" En caso contrario el sistema muestra: Botón Recuperar descargas de CFDI Tabla con el encabezado y los datos siguientes: + Acciones • Descargar.(XML) • Ver Detalle.(RI) Columnas: • Folio Fiscal • RFC Emisor • Nombre o Razón Social del Emisor • RFC Receptor • Nombre o Razón Social del Receptor • Fecha de Emisión • Fecha de Certificación • Monto Total Retenido • Monto Total de la Operación • Estado del Comprobante • Clave de la retención • Fecha de Cancelación • PAC que Certificó • Motivo de cancelación • Folio de sustitución + Botones: 1)Descargar Seleccionados XML. 2)Descargas RI. 3)Descargar Metadata. 4)Exportar Resultados a PDF. 5)Exportar Resultados a CSV.
D53: 5 | E53: Selecciona un folio fiscal (UUID) de la tabla “Resultados” | F53: En la columna de acciones se desplegaran los botones: • Acuse de Cancelación •Recuperar Representación Impresa • Descargar XML
D54: 6 | E54: El usuario selecciona un folio fiscal (UUID) de la tabla “Resultados” y ubica la columna “Estado del Comprobante” que tenga el valor “Cancelado” y da clic en el hipervinculo para descargar el acuse de cancelación | F54: El sistema abre una ventana emergente y comienza con la descarga del acuse de cancelación en formato PDF. - Nombre de la Institución: ‘Servicio de Administración Tributaria’ y el nombre del do-cumento ‘Acuse de Cancelación de CFDI de Retención’ al centro de la página. - Datos del Acuse de Cancelación de CFDI: • Fecha y hora de la solicitud. • Fecha y hora de cancelación • RFC Emisor • Folio Fiscal • Estatus de Proceso de Cancelación. • Motivo de Cancelación. • CFDI Reemplaza. • Sello digital SAT. Esta opción solo será visible en la columna “Estado del Comprobante, cuando exista una solicitud de la cancelación asociada al CFDI de Retenciones. Se podrá realizar la descarga del acuse en formato PDF, recuperando el acuse con el estatus final.
D55: 7 | E55: Da clic en cerrar sesión | F55: Cierra la aplicación y se direcciona a la pantalla de autenticación.
C56: CP09-Masiva UUID/Acuse de Cancelación
D57: 1 | E57: Usuario ingresa al Portal Empleados Consulta Central Retenciones | F57: El sistema despliega las siguientes opciones de búsqueda: - Folio Fiscal - Fecha Inicial y Final de Emisión - Masiva UUID El Usuario previamente se autenticó y accedió al portal Empleados-Consulta Central Retenciones Para este caso de prueba el comprobante debe estar cancelado.
D58: 2 | E58: Selecciona la opción Masiva UUID | F58: El sistema despliega las siguientes opciones de búsqueda: - *Seleccionar Archivo Botón Enviar
D59: 3 | E59: Selecciona el archivo(txt) mediante el explorador de Windows. | F59: El aplicativo ejecuta la consulta y arroja el resultado conforme a los UUID definidos en el archivo. Archivo TXT con distintos UUID
D60: 4 | E60: Da clic en el botón buscar CFDI | F60: En caso de no encontrar información ir al CP "Sin Resultados" En caso contrario el sistema muestra: Botón Recuperar descargas de CFDI Tabla con el encabezado y los datos siguientes: + Acciones • Descargar.(XML) • Ver Detalle.(RI) Columnas: • Folio Fiscal • RFC Emisor • Nombre o Razón Social del Emisor • RFC Receptor • Nombre o Razón Social del Receptor • Fecha de Emisión • Fecha de Certificación • Monto Total Retenido • Monto Total de la Operación • Estado del Comprobante • Clave de la retención • Fecha de Cancelación • PAC que Certificó • Motivo de cancelación • Folio de sustitución + Botones: 1)Descargar Seleccionados XML. 2)Descargas RI. 3)Descargar Metadata. 4)Exportar Resultados a PDF. 5)Exportar Resultados a CSV. El aplicativo realiza la consulta masiva de esos UUID y se muestra el detalle de los CFDI de Retenciones con las funcionalidades que actualmente existen
D61: 5 | E61: Selecciona un folio fiscal (UUID) de la tabla “Resultados” | F61: En la columna de acciones se desplegaran los botones: • Acuse de Cancelación •Recuperar Representación Impresa • Descargar XML
D62: 6 | E62: El usuario selecciona un folio fiscal (UUID) de la tabla “Resultados” y ubica la columna “Estado del Comprobante” que tenga el valor “Cancelado” y da clic en el hipervinculo para descargar el acuse de cancelación | F62: El sistema abre una ventana emergente y comienza con la descarga del acuse de cancelación en formato PDF. - Nombre de la Institución: ‘Servicio de Administración Tributaria’ y el nombre del do-cumento ‘Acuse de Cancelación de CFDI de Retención’ al centro de la página. - Datos del Acuse de Cancelación de CFDI: • Fecha y hora de la solicitud. • Fecha y hora de cancelación • RFC Emisor • Folio Fiscal • Estatus de Proceso de Cancelación. • Motivo de Cancelación. • CFDI Reemplaza. • Sello digital SAT. Esta opción solo será visible en la columna “Estado del Comprobante, cuando exista una solicitud de la cancelación asociada al CFDI de Retenciones. Se podrá realizar la descarga del acuse en formato PDF, recuperando el acuse con el estatus final.
D63: 7 | E63: Da clic en cerrar sesión | F63: Cierra la aplicación y se direcciona a la pantalla de autenticación.
C64: CP10-Folio Fiscal/Descargar RI
D65: 1 | E65: Usuario ingresa al Portal Empleados Consulta Central Retenciones | F65: El sistema despliega las siguientes opciones de búsqueda: - Folio Fiscal - Fecha Inicial y Final de Emisión - Masiva UUID El Usuario previamente se autenticó y accedió al portal Empleados-Consulta Central Retenciones
D66: 2 | E66: Selecciona la opción Folio Fiscal | F66: El sistema despliega cuadro de texto para incorporar el número de Folio Fiscal que se requiere buscar
D67: 3 | E67: Ingresa los datos del Folio Fiscal | F67: El sistema muestra los datos que se van ingresando del folio fiscal
D68: 4 | E68: Da clic en el botón buscar CFDI | F68: En caso de no encontrar información ir al CP "Sin Resultados" En caso contrario el sistema muestra: Tabla con el encabezado y los datos siguientes: + Acciones • Descargar.(XML) • Ver Detalle.(RI) Columnas: • Folio Fiscal • RFC Emisor • Nombre o Razón Social del Emisor • RFC Receptor • Nombre o Razón Social del Receptor • Fecha de Emisión • Fecha de Certificación • Monto Total Retenido • Monto Total de la Operación • Estado del Comprobante • Clave de la retención • Fecha de Cancelación • PAC que Certificó • Motivo de cancelación • Folio de sustitución + Botones: 1)Descargar Metadata. 2)Exportar Resultados a PDF. 3)Exportar Resultados a CSV. En pantalla se deben visualizar 100 registros por página con un máximo de 10 bloques. (Aplica la Regla de Negocio 05) En caso de que no se tenga información, el aplicativo dejará en blanco la sección que corresponda en la tabla de resultados. (Aplica la Regla de Negocio 06)
D69: 5 | E69: Selecciona un folio fiscal (UUID) de la tabla “Resultados” | F69: En la columna de acciones se desplegaran los botones: • Acuse de Cancelación •Recuperar Representación Impresa • Descargar XML
D70: 6 | E70: Da clic en el la opción Recuperar Representación Impresa | F70: El sistema muestra la representación impresa del comprobante Esta descarga se realiza uno a uno, contemplando el límite diario establecido para los archivos PDF en su RI. (Aplica las Reglas de Negocio 07, 08 y 14)
D71: 7 | E71: Da clic en cerrar sesión | F71: Cierra la aplicación y se direcciona a la pantalla de autenticación.
C72: CP11-RFCEmisor/Descargar RI
D73: 1 | E73: Usuario ingresa al Portal Empleados Consulta Central Retenciones | F73: El sistema despliega las siguientes opciones de búsqueda: - Folio Fiscal - Fecha Inicial y Final de Emisión - Masiva UUID El Usuario previamente se autenticó y accedió al portal Empleados-Consulta Central Retenciones
D74: 2 | E74: Selecciona la opción Fecha Inicial de Emisión | F74: El sistema habilita los siguientes campos: • Fecha Inicial de Emisión (*). • Fecha Final de Emisión (*). (RN04) • RFC Emisor. (RN02) • RFC Receptor. (RN02) • Estado del Comprobante. • Tipo de Comprobante (RN17).* Campos obligatorios
D75: 3 | E75: Ingresa los datos: - *Fecha inicial de emisión - *Fecha final de emisión - RFC Emisor Algunos de los datos siguientes: - Estado del Comprobante - Tipo de Comprobante* Campos obligatorios | F75: El sistema muestra los datos que se van ingresando
D76: 4 | E76: Da clic en el botón buscar CFDI | F76: En caso de no encontrar información ir al CP "Sin Resultados" En caso contrario el sistema muestra: Botón Recuperar descargas de CFDI Tabla con el encabezado y los datos siguientes: + Acciones • Descargar.(XML) • Ver Detalle.(RI) Columnas: • Folio Fiscal • RFC Emisor • Nombre o Razón Social del Emisor • RFC Receptor • Nombre o Razón Social del Receptor • Fecha de Emisión • Fecha de Certificación • Monto Total Retenido • Monto Total de la Operación • Estado del Comprobante • Clave de la retención • Fecha de Cancelación • PAC que Certificó • Motivo de cancelación • Folio de sustitución + Botones: 1)Descargar Seleccionados XML. 2)Descargas RI. 3)Descargar Metadata. 4)Exportar Resultados a PDF. 5)Exportar Resultados a CSV. (Aplica la Regla de Negocio 05) En caso de que no se tenga información, el aplicativo dejará en blanco la sección que corresponda en la tabla de resultados. (Aplica la Regla de Negocio 06)
D77: 5 | E77: Selecciona un folio fiscal (UUID) de la tabla “Resultados” | F77: En la columna de acciones se desplegaran los botones: • Acuse de Cancelación •Recuperar Representación Impresa • Descargar XML
D78: 6 | E78: Da clic en el la opción Recuperar Representación Impresa | F78: El sistema muestra la representación impresa del comprobante Esta descarga se realiza uno a uno, contemplando el límite diario establecido para los archivos PDF en su RI. (Aplica las Reglas de Negocio 07, 08 y 14)
D79: 7 | E79: Da clic en cerrar sesión | F79: Cierra la aplicación y se direcciona a la pantalla de autenticación.
C80: CP12-RFCReceptor/Ver detalleRI
D81: 1 | E81: Usuario ingresa al Portal Empleados Consulta Central Retenciones | F81: El sistema despliega las siguientes opciones de búsqueda: - Folio Fiscal - Fecha Inicial y Final de Emisión - Masiva UUID El Usuario previamente se autenticó y accedió al portal Empleados-Consulta Central Retenciones
D82: 2 | E82: Selecciona la opción Fecha Inicial de Emisión | F82: El sistema habilita los siguientes campos: • Fecha Inicial de Emisión (*). • Fecha Final de Emisión (*). (RN04) • RFC Emisor. (RN02) • RFC Receptor. (RN02) • Estado del Comprobante. • Tipo de Comprobante (RN17).* Campos obligatorios
D83: 3 | E83: Ingresa los datos: - *Fecha inicial de emisión - *Fecha final de emisión - *RFC Receptor Algunos de los datos siguientes: - Estado del Comprobante - Tipo de Comprobante * Campos obligatorios | F83: El sistema muestra los datos que se van ingresando
D84: 4 | E84: Da clic en el botón buscar CFDI | F84: En caso de no encontrar información ir al CP "Sin Resultados" En caso contrario el sistema muestra: Botón Recuperar descargas de CFDI Tabla con el encabezado y los datos siguientes: + Acciones • Descargar.(XML) • Ver Detalle.(RI) Columnas: • Folio Fiscal • RFC Emisor • Nombre o Razón Social del Emisor • RFC Receptor • Nombre o Razón Social del Receptor • Fecha de Emisión • Fecha de Certificación • Monto Total Retenido • Monto Total de la Operación • Estado del Comprobante • Clave de la retención • Fecha de Cancelación • PAC que Certificó • Motivo de cancelación • Folio de sustitución + Botones: 1)Descargar Seleccionados XML. 2)Descargas RI. 3)Descargar Metadata. 4)Exportar Resultados a PDF. 5)Exportar Resultados a CSV. (Aplica la Regla de Negocio 05) En caso de que no se tenga información, el aplicativo dejará en blanco la sección que corresponda en la tabla de resultados. (Aplica la Regla de Negocio 06)
D85: 5 | E85: Selecciona un folio fiscal (UUID) de la tabla “Resultados” | F85: En la columna de acciones se desplegaran los botones: • Acuse de Cancelación •Recuperar Representación Impresa • Descargar XML
D86: 6 | E86: Da clic en el la opción Recuperar Representación Impresa | F86: El sistema muestra la representación impresa del comprobante Esta descarga se realiza uno a uno, contemplando el límite diario establecido para los archivos PDF en su RI. (Aplica las Reglas de Negocio 07, 08 y 14)
D87: 7 | E87: Da clic en cerrar sesión | F87: Cierra la aplicación y se direcciona a la pantalla de autenticación.
C88: CP13-Masiva UUID/Ver detalle RI
D89: 1 | E89: Usuario ingresa al Portal Empleados Consulta Central Retenciones | F89: El sistema despliega las siguientes opciones de búsqueda: - Folio Fiscal - Fecha Inicial y Final de Emisión - Masiva UUID El Usuario previamente se autenticó y accedió al portal Empleados-Consulta Central Retenciones
D90: 2 | E90: Selecciona la opción Masiva UUID | F90: El sistema despliega las siguientes opciones de búsqueda: - *Seleccionar Archivo Botón Enviar
D91: 3 | E91: Selecciona el archivo(txt) mediante el explorador de Windows. | F91: El aplicativo ejecuta la consulta y arroja el resultado conforme a los UUID definidos en el archivo. Archivo TXT con distintos UUID
D92: 4 | E92: Da clic en el botón buscar CFDI | F92: En caso de no encontrar información ir al CP "Sin Resultados" En caso contrario el sistema muestra: Botón Recuperar descargas de CFDI Tabla con el encabezado y los datos siguientes: + Acciones • Descargar.(XML) • Ver Detalle.(RI) Columnas: • Folio Fiscal • RFC Emisor • Nombre o Razón Social del Emisor • RFC Receptor • Nombre o Razón Social del Receptor • Fecha de Emisión • Fecha de Certificación • Monto Total Retenido • Monto Total de la Operación • Estado del Comprobante • Clave de la retención • Fecha de Cancelación • PAC que Certificó • Motivo de cancelación • Folio de sustitución + Botones: 1)Descargar Seleccionados XML. 2)Descargas RI. 3)Descargar Metadata. 4)Exportar Resultados a PDF. 5)Exportar Resultados a CSV. El aplicativo realiza la consulta masiva de esos UUID y se muestra el detalle de los CFDI de Retenciones con las funcionalidades que actualmente existen • El servicio solo permite la consulta a través de archivos de texto plano (.txt).
D93: 5 | E93: Selecciona un folio fiscal (UUID) de la tabla “Resultados” | F93: En la columna de acciones se desplegaran los botones: • Acuse de Cancelación •Recuperar Representación Impresa • Descargar XML
D94: 6 | E94: Da clic en el la opción Recuperar Representación Impresa | F94: El sistema muestra la representación impresa del comprobante Esta descarga se realiza uno a uno, contemplando el límite diario establecido para los archivos PDF en su RI. (Aplica las Reglas de Negocio 07, 08 y 14)
D95: 7 | E95: Da clic en cerrar sesión | F95: Cierra la aplicación y se direcciona a la pantalla de autenticación.
C96: CP14-Folio Fiscal/Descargar XML
D97: 1 | E97: Usuario ingresa al Portal Empleados Consulta Central Retenciones | F97: El sistema despliega las siguientes opciones de búsqueda: - Folio Fiscal - Fecha Inicial y Final de Emisión - Masiva UUID El Usuario previamente se autenticó y accedió al portal Empleados-Consulta Central Retenciones
D98: 2 | E98: Selecciona la opción Folio Fiscal | F98: El sistema despliega cuadro de texto para incorporar el número de Folio Fiscal que se requiere buscar
D99: 3 | E99: Ingresa los datos del Folio Fiscal | F99: El sistema muestra los datos que se van ingresando del folio fiscal
D100: 4 | E100: Da clic en el botón buscar CFDI | F100: En caso de no encontrar información ir al CP "Sin Resultados" En caso contrario el sistema muestra: Tabla con el encabezado y los datos siguientes: + Acciones • Descargar.(XML) • Ver Detalle.(RI) Columnas: • Folio Fiscal • RFC Emisor • Nombre o Razón Social del Emisor • RFC Receptor • Nombre o Razón Social del Receptor • Fecha de Emisión • Fecha de Certificación • Monto Total Retenido • Monto Total de la Operación • Estado del Comprobante • Clave de la retención • Fecha de Cancelación • PAC que Certificó • Motivo de cancelación • Folio de sustitución + Botones: 1)Descargar Metadata. 2)Exportar Resultados a PDF. 3)Exportar Resultados a CSV. En pantalla se deben visualizar 100 registros por página con un máximo de 10 bloques. (Aplica la Regla de Negocio 05) En caso de que no se tenga información, el aplicativo dejará en blanco la sección que corresponda en la tabla de resultados. (Aplica la Regla de Negocio 06)
...

Sheet Firmas Conformidad
B2: El uso de la siguiente Sección de Firmas de Conformidad es opcional, dependiendo de la necesidad del consumidor de la información.
B3: Instrucciones:
B4: Registrar en la tabla la información de los participantes en la elaboración, revisión, aprobación, etc. del artefacto.
B7: FIRMAS DE CONFORMIDAD
B8: Autorizó | C8: Autorizó
B9: Nombre: Pedro López Bernal. | C9: Nombre: Diana Maribel Velazquez Barroso
B10: Puesto: Administrador de Gestión de Servicios y Trámites con Medios Electrónicos 3 | C10: Puesto: Administradora de Soluciones de Negocio 3
B11: Fecha: | C11: Fecha:
B13: Revisó | C13: Revisó
B14: Nombre: Mario Alberto Huerta Velazquez | C14: Nombre: Roberto Benjamín Monroy Vargas
B15: Puesto: Subadministrador de Gestión de Servicios y Trámites con Medios Electrónicos | C15: Puesto: Subadministrador de Soluciones de Negocio
B16: Fecha: | C16: Fecha:
B18: Revisó | C18: Elaboró
B19: Nombre: Nadia Anahí Ortega Nava | C19: Nombre: Alma Quetzabeth Torres González
B20: Puesto: Jefe de Departamento de Gestión de Servicios y Trámites con Medios Electrónicos | C20: Puesto: Jefe de Departamento de Soluciones de Negocio
B22: Fecha: | C22: Fecha:

Sheet Encabezado
C1: Tomar como referencia el siguiente Encabezado para edición:
H4: Administración General de Comunicaciones y Tecnologías de la Información
H6: Marco Documental 7.0
C7: Fecha de aprobación del Template: 01/11/2021 | E7: Requerimientos de Pruebas Clave del Documento XX_RDP_REQPRUEBAS.xlsx [Nomenclatura del artefacto, punto, extensión del archivo actual] Servicio Administración del Ciclo de Vida de Aplicaciones de TIC Central Dueña: Administración Central de Soluciones de Negocio (ACSN) Central que Elabora: ACSN Central Consumidora: ACDMA | J7: Versión del template: 7.00
H13: Administración General de Comunicaciones y Tecnologías de la Información
H15: Marco Documental 7.0
C16: Fecha de aprobación del Template: 01/11/2021 | E16: Requerimientos de Pruebas RDP Consulta Central CFDI Retenciones.xlsx | J16: Versión del template: 7.00
