Workbook

Sheet Instrucciones
B15: Objetivo: Identificar los insumos necesarios para pruebas de aceptación de usuario, a través de los casos de prueba, ambientes requeridos, especificación de los datos, cobertura de escenarios y atributos relacionados, a fin de contar con la integración de datos suficientes para la ejecución de las pruebas de la solución tecnológica con el usuario.
B17: Guía de Uso: 1.- Las pestañas "Casos de Prueba" y "Ambientes Requeridos" serán llenadas por la Administración Central de Soluciones de Negocio (ACSN), en la Fase Análisis, Etapa Especificación Funcional. 2.- Las pestañas "Interfaz de Usuario" y "Cobertura" serán llenadas en la Fase Desarrollo por las áreas ténicas que deban participar. En la primera también participará la ACSN en la Fase Pruebas, Etapa Pruebas Funcionales (AVL), por tema de Lineamientos Gráficos del SIAT, y para reflejar resultado de dichas pruebas. 3.- El documento está firmado por los responsables del llenado, incluyendo por el negocio cuando participa en la autorización. 4.- Si la pestaña "Casos de Prueba" incluye varias páginas, debe imprimirse sólo la página que contienen las firmas. Una vez firmado, debe digitalizarse y almacenarse en el repositorio como sustento junto con el archivo de Excel que corresponda a todo el documento. 5.- Si fuera necesario reservar información generada en esta plantilla, se hará bajo lo estipulado en la Ley General de Transparencia y Acceso a la Información Pública vigente (LGTAIP), pudiendo consultar a la ACPPI para su aplicación. (Ver abajo "Nota acerca de Irformación Reservada"). 6.- La aplicación de la sección de Firmas es opcional,dependiendo de las necesidades del consumidor, pero al contener temas de usuario de Negocio es importante la firma de éste.
B18: Nota acerca de Información Reservada Es reponsabilidad de cada requisitador la identificación de la información que se genere en este formato y así determinar si se cuenta con causas que originen la reserva de la misma, apegándose estrictamente a lo señalado en los ordenamientos jurídicos vigentes en materia de Transparencia. En caso de detectar información sensible (Reservada), se tendrá que indicar en la sección u hoja que lo amerite de este documento, en la parte inferior del texto, con la siguiente señalización: [Área dueña de la Información XX, clasificada como Reservada con Fundamento Legal XX, Motivación XX, Fecha de clasificación XX y Periodo de la reserva XX]. Ejemplo: "La información contenida en este documento pertenece a la Administración Central de Soluciones de Negocio, teniendo carácter de Reservada a partir del 01 de abril de 2018, con un periodo de reserva de 5 años, por tratarse de información que de revelarse puede causar un serio perjuicio a la recaudación de las contribuciones. Lo anterior tiene su fundamento en el artículo 113, fracción IV, de la Ley General de Transparencia y Acceso a la Información Pública."
B20: Hoja | D20: Descripción
B21: Casos de Prueba | D21: Esta hoja se utiliza para la documentación detallada de los casos de pruebas que serán utilizados en la ejecución de pruebas.
D22: Registra varios casos de prueba, con la finalidad de agrupar en un solo documento una cantidad suficiente de casos que pueda ser aprovechada para la importación de casos de prueba en alguna herramienta automatizada, o bien, para obtener de ella la información de casos de prueba. También se utiliza para especificar los elementos donde se emplearán los datos (Datos de Prueba)
D23: Criterios de Aceptación
D24: • El documento es utilizado de acuerdo al formato establecido. El documento cumple con el Marco Documental vigente. • El documento no contiene faltas de ortografía. • Cuando no se llene un renglón-columna, se deberá especificar el motivo por el cual no se registra la información, conteniendo al menos un "N/A". Ningún campo debe estar vacío. ●No se combinan celdas (exceptuando la sección de firmas) ●No incluye fórmulas en ningún renglón-columna • El documento describe detalladamente paso a paso las actividades a seguir para la validación de requerimientos del sistema. • El documento describe en cada paso una acción y una respuesta esperada que puede ser evaluada. El documento está firmado por los responsables del llenado, incluyendo por el negocio cuando participa en la autorización.
B26: Hoja | D26: Descripción
B27: Ambientes Requeridos | D27: Registra elementos de información sobre repositorios y ambientes necesarios para las pruebas y sus características, relacionadas con criterios que debe cubrir la información que se requiere para las pruebas; cantidad de datos requeridos para la ejecución de la prueba; datos o campos solicitados; condiciones que se deben cubrir para la extracción de datos y comentarios adicionales.
D28: Criterios de Aceptación
D29: * El documento es utilizado de acuerdo al formato establecido. * El documento cumple con el Marco Documental vigente. * El documento no contiene faltas de ortografía. * Cuando no se llene un renglón-columna, se deberá especificar el motivo por el cual no se registra la información, conteniendo al menos un "N/A". Ningún campo debe estar vacío. * El documento está firmado por los responsables del llenado, incluyendo por el negocio cuando participa en la autorización.
B31: Hoja | D31: Descripción
B32: Interfaz de Usuario | D32: Esta hoja aplica por la naturaleza de la solución tecnológica integrada que haya sido requerida. Se utiliza para validar que se cumplan los criterios definidos para la Interfaz de Usuario, incluyendo la aplicación y verificación de los Lineamientos Gráficos del SIAT, cuando sea el caso.
D33: Se detallan los puntos a validar de interfaz de usuario (interfaz gráfica) de las aplicaciones, como encabezados, pie de página, colores, alineación, etiquetas, listas desplegables, áreas de búsqueda, etc, etc.
D34: Criterios de Aceptación
D35: • El documento es utilizado de acuerdo al formato establecido. • El documento no contiene faltas de ortografía. • Cuando no se llene un renglón-columna, se deberá especificar el motivo por el cual no se registra la información. • Cada una de las características consideradas en esta pestaña estarán asociadas al contenido del artefacto "Especificación de Interacción de Usuario", en caso de ajustes o situaciones que expongan desviación al documento en comento, deberá ajustarse. • Cada defecto detectado deberá registrarse en la herramienta correspondiente para su atención y cierre.
B37: Hoja | D37: Descripción
B38: Cobertura | D38: Esta hoja se utiliza para identificar y detallar la cobertura de la prueba basada en complejidad ciclomática, para asegurar que se diseñen tantos casos de prueba como sean necesarios para que cada condición se ejecute al menos una vez con un valor verdadero, y al menos una vez uno falso.
D40: Criterios de Aceptación
D41: • El documento es utilizado de acuerdo al formato establecido. • El documento no contiene faltas de ortografía. • Cuando no se llene un renglón-columna, se deberá especificar el motivo por el cual no se registra la información. • El documento describe detalladamente los escenarios de prueba necesarios para que cada condición se ejecute al menos una vez con un valor verdadero y al menos una vez uno falso.
B43: Hoja | D43: Descripción
B44: Encabezado_Imagen | D44: En artefactos tipo Excel, la inserción del Encabezado como imagen en el mismo documento, puede hacerse como una alternativa cuando por la naturaleza y cantidad de información registrada en él, se hace necesario ampliar significativamente el tamaño de las celdas, ocasionando con ello distorsión o inadecuada distribución de la estructura del Encabezado del artefacto. Si ese fuera el caso, en esta hoja puede configurarse el Encabezado del artefacto y después insertarlo como imagen en cualquier otra sección del mismo, siguiendo las instrucciones allí descritas.
B46: Hoja | D46: Descripción
B47: Firmas Conformidad_Imagen | D47: En artefactos tipo Excel, la inserción de la Sección FIRMAS DE CONFORMIDAD como imagen en el mismo documento, puede hacerse como una alternativa cuando por la naturaleza y cantidad de información registrada en él, se hace necesario ampliar significativamente el tamaño de las celdas, ocasionando con ello distorsión o inadecuada distribución de la estructura de la sección de firmas localizada en la parte inferior del artefacto. Si ese fuera el caso, en esta hoja puede capturarse la información de las personas que participan en la elaboración y aprobación del artefacto, y después insertarla como imagen en cualquier otra sección del documento, siguiendo los pasos que allí se describen.

Sheet Versionamiento
B12: Tabla de Versiones y Modificaciones
B13: En la tabla siguiente se deben listar las versiones y descripciones hechas a este documento, desde el momento de su creación y cada vez que se llene y/o actualice alguna de sus pestañas. La descripción debe incluir una síntesis del cambio hecho.
B14: Para la Versión, especificar un número entero consecutivo, iniciando con 1 para la creación del documento e incrementar en decimales conforme se actualice (1.1, 1.2, 1.3, Etc.). Al terminarlo, especificar la versión final para firma, en caso necesario.
B15: Para futuros proyectos donde este documento se reutilice, el versionamiento reiniciará en versión 2, incrementando las actualizaciones igualmente con decimales (2.1, 2.2, 2.3, etc.). Posteriores reutilizaciones iniciarían entonces con versión 3, 4, etc.
C18: Versión | D18: Descripción del Cambio | E18: Responsable de la Versión | F18: Fecha
C19: 0.1 | D19: Creación del documento. | E19: Alma Q. Torres González | F19: 45652
C20: 1.1 | D20: Se complementaron los casos de prueba por revisión con el Negocio (Ejemplo)
C21: 2 | D21: Se reutiliza el documento para actualizaciones. (Ejemplo)
C22: 2.1 | D22: Versión aprobada para firma.
C23: 0.2 | D23: Ajustes: CC083 Masiva UUID CC084 Descargar acuse de cancelación | E23: Alma Q. Torres González Nadia Anahí Ortega Nava | F23: 45652
C24: 0.3 | D24: Ajustes: Ajustar RDP de acuerdo a los ajustes de la Narrativa | E24: Alma Q. Torres González | F24: 45820
C25: 0.4 | D25: Ajustes: -Se generar CP30 conforme CC120 – Incorporar Folios relacionados -Se generar CP31 conforme CC121 – Descargar RI Complemento Carta Porte -Actualizar CP07, CP08, CP09 y CP10 relacionados al Acuse de cancelación | E25: Alma Q. Torres González | F25: 45821
C26: 0.5 | D26: CC120 – (punto 5) Agregar columnas en acuse de cancelación: -Motivo de Cancelación -Número de serie de la e.firma o CSD -Fecha de solicitud de la cancelación Actualizar CP07, CP08, CP09 y CP10 | E26: Alma Q. Torres González | F26: 45854
C27: 1.0 | D27: Versión aprobada para firma | E27: Roberto Monroy Vargas Mario Alberto Huerta Velázquez

Sheet ListadoCP
C10: Portal Consulta Central CFDI
C11: Casos de Prueba | D11: Rol
B13: CP01 | C13: ConsultaCentral_CFDI_Búsqueda/FolioFiscal | D13: CFDI01 CFDI02 CFDI03 CFDI04 CFDI05
B14: CP02 | C14: ConsultaCentral_CFDI_Búsqueda/Fecha/RFCEmisor | D14: CFDI01 CFDI02 CFDI03 CFDI04 CFDI05
B15: CP03 | C15: ConsultaCentral_CFDI_Búsqueda/Fecha/RFCReceptor | D15: CFDI01 CFDI02 CFDI03 CFDI04 CFDI05
B16: CP04 | C16: ConsultaCentral_CFDI_Búsqueda/Fecha/RFCTercero | D16: CFDI01 CFDI02 CFDI03 CFDI04 CFDI05
B17: CP05 | C17: ConsultaCentral_CFDI_Búsqueda/ResultadodeConsulta/Sin Resultados | D17: CFDI01 CFDI02 CFDI03 CFDI04 CFDI05
B18: CP06 | C18: ConsultaCentral_CFDI_Búsqueda/Masiva UUID | D18: CFDI01 CFDI02 CFDI03 CFDI04 CFDI05
B19: CP07 | C19: ConsultaCentral_CFDI_Búsqueda/FolioFiscal/Acuse de Cancelación | D19: CFDI01 CFDI02 CFDI04
B20: CP08 | C20: ConsultaCentral_CFDI_Búsqueda/RFCEmisor/Acuse de Cancelación | D20: CFDI01 CFDI02 CFDI04
B21: CP09 | C21: ConsultaCentral_CFDI_Búsqueda/RFCReceptor/Acuse de Cancelación | D21: CFDI01 CFDI02 CFDI04
B22: CP10 | C22: ConsultaCentral_CFDI_Búsqueda/Masiva UUID/Acuse de Cancelación | D22: CFDI01 CFDI02 CFDI04
B23: CP11 | C23: ConsultaCentral_CFDI_Búsqueda/FolioFiscal/Descargar RI | D23: CFDI01 CFDI02 CFDI04
B24: CP12 | C24: ConsultaCentral_CFDI_Búsqueda/RFCEmisor/Descargar RI | D24: CFDI01 CFDI02 CFDI04
... B46: CP34 | C46: Busqueda/Tipo de Comprobante (Complemento) | D46: CFDI01 CFDI02 CFDI03 CFDI04 CFDI05

Sheet Casos de Prueba
D10: Casos de Prueba
A12: Código del Aplicativo:
A13: ID de Requerimiento: | C13: POL 8211
A14: Nombre de Requerimiento: | C14: FE – Servicios Gratuitos – Realizar la actualización del Complemento de CartaPorte y de Comercio Exterior, así como, a los Servicios de Consulta del Empleado
A15: [Fase: Análisis] [Etapa: Especificación Funcional] (ACSN)
A17: ID del Caso | B17: CP | C17: Nombre del Caso | D17: Paso | E17: Descripción de Paso | F17: Resultado Esperado | G17: Comentarios | H17: Perfil de usuario para su ejecución | I17: Datos de Prueba
A18: Identificador del caso de prueba que se integrará en Quality Center (QC). El ID del caso NO debe contener espacios en blanco. La diagonal debe ser “\”. La nomenclatura estándar es: PPMC_Número\Componente Tecnológico o Aplicativo(ya que ésta es la estructura o ruta de carpetas para almacenar y agrupar los objetos creados para contener la información de los Casos de Prueba y Escenarios de Pruebas). (Ejemplo: PPMC_56124\Juicios de Nulidad) | C18: Nombre completo representativo del Caso asociado a la funcionalidad a probar. Ejemplo de nombre: "Validación de la Fecha Notificación de la Demanda" El Nombre del Caso no debe contener caracteres especiales (\/:%’*?<>|”@, , etc.) y debe tener longitud máxima de 85 caracteres. Si son más de un caso de prueba y tienen un orden de ejecución entonces, antes del nombre, debe estar acompañado de un número consecutivo del caso de prueba, anteponiendo las siglas "CP": CP1_Nombre del Caso CP2_Nombre del Caso CP3_Nombre del Caso Etc. (Si no se requiere un orden de ejecución, no es necesario ordenarlos de esta forma.) | D18: Identificador secuencial de los pasos que sigue el caso de prueba. La información de todos los pasos de un Caso de Prueba debe ser consistente. | E18: Narración detallada del paso a ejecutar. Se deben evitar paréntesis y/o corchetes seguidos "{{..[[..((…))..]]..]]". No dejar en blanco, escribir N/A en caso de que no aplique. | F18: Narración detallada del resultado esperado, dada la ejecución del paso. Se deben evitar paréntesis y/o corchetes seguidos "{{..[[..((…))..]]..]]". No dejar en blanco, escribir N/A en caso de que no aplique. | G18: Anotaciones sobre lo que deba considerarse en forma adicional para la ejecución del Caso (descripción de los prerrequisitos que deben ser cubiertos para la ejecución del caso de prueba, identificación de las entradas requeridas del caso de prueba ). Se deben evitar paréntesis y/o corchetes seguidos "{{..[[..((…))..]]..]]". No dejar en blanco, escribir N/A en caso de que no aplique. | H18: Descripción del Perfil de usuario que se utilizará para la ejecución del Caso de Prueba. No dejar en blanco, escribir N/A en caso de que no aplique | I18: Para indicar los casos prueba y descripción de los elementos donde se emplearán los datos. Indicar el nombre del Dato de Prueba (RFC, Periodo,…) Ejemplos: Indicar el contenido del dato (AAAA790909JN6, 2010-01, …) Indicar el contenido del dato (AAAA790909JN6, 2010-02, …)
B19: CP01 | C19: Busqueda/Folio Fiscal
A20: POL_8214 /PortalEmpleado/ConsultaCentralCFDI | D20: 1 | E20: Usuario ingresa al Portal Empleados Consulta Central | F20: El sistema muestra las siguientes opciones de búsqueda: - Folio Fiscal - Masiva UUID - Fecha Inicial y Final de Emisión | G20: El Usuario previamente se autenticó y accedió al portal Empleados-Consulta Central | H20: Rol CFDI01 Rol CFDI02 Rol CFDI03 Rol CFDI04 Rol CFDI05 | I20: Firma Electrónica del Usuario. El Usuario debe tener asignado cualquiera de los roles | J20: {=LEN(F20:G20)} -> 120 | K20: 83 | L20: =+J20+K20 -> 203
A21: POL_8214 /PortalEmpleado/ConsultaCentralCFDI | D21: 2 | E21: Selecciona la opción Folio Fiscal | F21: El sistema muestra cuadro de texto para incorporar el número de Folio Fiscal que se requiere buscar. | G21: Al seleccionar el botón de folio fiscal se deben deshabilitar los campos de la sección Fecha Inicial y Final de Emisión (Aplica la Regla de Negocio 01) | J21: {=LEN(F21:G21)} -> 101 | K21: 152 | L21: =+J21+K21 -> 253
A22: POL_8214 /PortalEmpleado/ConsultaCentralCFDI | D22: 3 | E22: Ingresa los datos del Folio Fiscal | F22: El sistema muestra los datos que se van ingresando del folio fiscal | J22: {=LEN(F22:G22)} -> 68 | K22: 0 | L22: =+J22+K22 -> 68
A23: POL_8214 /PortalEmpleado/ConsultaCentralCFDI | D23: 4 | E23: Da clic en el botón buscar CFDI | F23: Si la petición es correcta, el sistema muestra: A. Casilla Acciones 1) Seleccionar. 2) Descargar. 3) Recuperar Representación Impresa. 4) Recuperar Representacion Impresa Carta Porte. B. Datos de la Metadata del CFDI. • Folio Fiscal • RFC Emisor • Nombre o Razón Social del Emisor • RFC Receptor • Nombre o Razón Social del Receptor • Fecha de Emisión • Fecha de Certificación • Subtotal • Total • Estado del Comprobante • Efecto del Comprobante • Fecha de Cancelación • PAC que Certificó • Estatus de Cancelación • Estatus de Proceso de Cancelación • Fecha de Solicitud de la cancelación • Motivo • Folio de sustitución • RFC a cuenta de terceros C. Botones: 1) Descargar Metadata. 2) Exportar Resultados a PDF. 3) Exportar Resultados a CSV. | G23: El aplicativo debe realizar la búsqueda de todas las versiones del CFDI (3.2, 3.3 y 4.0), de acuerdo a los criterios de búsqueda seleccionados previamente. En caso de no encontrar información ir al Caso de Prueba "Sin Resultados" En una consulta por Folio fiscal o cuando se realice la c onsulta por periodo de fecha y el resultado sea uno: (Aplica la Regla de Negocio 15) *Descargar metadata *Exportar Resultados a PDF *Exportar Resultados a CSV | J23: {=LEN(F23:G23)} -> 748 | K23: 452 | L23: =+J23+K23 -> 1200
A24: POL_8214 /PortalEmpleado/ConsultaCentralCFDI | D24: 5 | E24: Da clic en cerrar sesión | F24: Cierra la aplicación y se direcciona a la pantalla de autenticación. | J24: {=LEN(F24:G24)} -> 68 | K24: 0 | L24: =+J24+K24 -> 68
B25: CP02 | C25: Busqueda/RFC Emisor | J25: {=LEN(F25:G25)} -> 0 | K25: 0 | L25: =+J25+K25 -> 0
A26: POL_8214 /PortalEmpleado/ConsultaCentralCFDI | D26: 1 | E26: Usuario ingresa al Portal Empleados Consulta Central | F26: El sistema muestra las siguientes opciones de búsqueda: - Folio Fiscal - Masiva UUID - Fecha Inicial y Final de Emisión | G26: El Usuario previamente se autenticó y accedió al portal Empleados-Consulta Central | H26: Rol CFDI01 Rol CFDI02 Rol CFDI03 Rol CFDI04 Rol CFDI05 | I26: Firma Electrónica del Usuario. El Usuario debe tener asignado cualquiera de los roles Para este caso de prueba se debe agregar el valor de un RFC Emisor. | J26: {=LEN(F26:G26)} -> 120 | K26: 83 | L26: =+J26+K26 -> 203
A27: POL_8214 /PortalEmpleado/ConsultaCentralCFDI | D27: 2 | E27: Selecciona la opción Fecha Inicial y Final de Emisión | F27: El sistema habilita los siguientes campos: • Fecha Inicial de Emisión (*). • Fecha Final de Emisión (*). • RFC Emisor. • RFC Receptor. • RFC a cuenta terceros. • Tipo de Comprobante. • Estado del Comprobante. • Tipo de Comprobante (Complemento) (RN17). • Estatus Cancelación (Campo condicional). | J27: {=LEN(F27:G27)} -> 295 | K27: 0 | L27: =+J27+K27 -> 295
A28: POL_8214 /PortalEmpleado/ConsultaCentralCFDI | D28: 3 | E28: Ingresa los datos: • Fecha Inicial de Emisión (*). • Fecha Final de Emisión (*). • RFC Emisor. • RFC Receptor. • RFC a cuenta de terceros. • Tipo de Comprobante. • Estado del Comprobante. • Tipo de Comprobante (Complemento) (RN17). • Estatus Cancelación (Campo condicional). Campo obligarorio (*) Nota: Para realizar la búsqueda se debe proporcionar al menos un RFC como parámetro de búsqueda(RFC Emisor, RFC Receptor o RFC a cuenta terceros | F28: El sistema muestra los datos que se van ingresando . | J28: {=LEN(F28:G28)} -> 52 | K28: 0 | L28: =+J28+K28 -> 52
A29: POL_8214 /PortalEmpleado/ConsultaCentralCFDI | D29: 4 | E29: Da clic en el botón buscar CFDI | F29: Si la petición es correcta, el sistema muestra: A. Casilla Acciones 1) Seleccionar. 2) Descargar 3) Recuperar Representacion Impresa. 4) Recuperar Representacion Impresa Carta Porte. B. Datos de la Metadata del CFDI. • Folio Fiscal • RFC Emisor • Nombre o Razón Social del Emisor • RFC Receptor • Nombre o Razón Social del Receptor • Fecha de Emisión • Fecha de Certificación • Subtotal • Total • Estado del Comprobante • Efecto del Comprobante • Fecha de Cancelación • PAC que Certificó • Estatus de Cancelación • Estatus de Proceso de Cancelación • Fecha de Solicitud de la cancelación • Motivo • Folio de sustitución • RFC a cuenta de terceros C. Botones: 1) Descargar Seleccionados XML. 2) Descargas RI. 3) Descargar Metadata. 4) Exportar Resultados a PDF. 5) Exportar Resultados a CSV. D. Paginador. | G29: En una consulta por Folio fiscal o cuando se realice la c onsulta por periodo de fecha y el resultado sea uno: (Aplica la Regla de Negocio 15) *Descargar metadata *Exportar Resultados a PDF *Exportar Resultados a CSV | J29: {=LEN(F29:G29)} -> 810 | K29: 220 | L29: =+J29+K29 -> 1030
A30: POL_8214 /PortalEmpleado/ConsultaCentralCFDI | D30: 5 | E30: Da clic en cerrar sesión | F30: Cierra la aplicación y se direcciona a la pantalla de autenticación. | J30: {=LEN(F30:G30)} -> 68 | K30: 0 | L30: =+J30+K30 -> 68
B31: CP03 | C31: Busqueda/RFC Receptor | J31: {=LEN(F31:G31)} -> 0 | K31: 0 | L31: =+J31+K31 -> 0
A32: POL_8214 /PortalEmpleado/ConsultaCentralCFDI | D32: 1 | E32: Usuario ingresa al Portal Empleados Consulta Central | F32: El sistema muestra las siguientes opciones de búsqueda: - Folio Fiscal - Masiva UUID - Fecha Inicial y Final de Emisión | G32: El Usuario previamente se autenticó y accedió al portal Empleados-Consulta Central | H32: Rol CFDI01 Rol CFDI02 Rol CFDI03 Rol CFDI04 Rol CFDI05 | I32: Firma Electrónica del Usuario. El Usuario debe tener asignado cualquiera de los roles Ingresa el valor de un RFC Receptor. | J32: {=LEN(F32:G32)} -> 120 | K32: 83 | L32: =+J32+K32 -> 203
A33: POL_8214 /PortalEmpleado/ConsultaCentralCFDI | D33: 2 | E33: Selecciona la opción Fecha Inicial y Final de Emisión | F33: El sistema habilita los siguientes campos: • Fecha Inicial de Emisión (*). • Fecha Final de Emisión (*). • RFC Emisor. • RFC Receptor. • RFC a cuenta de terceros. • Tipo de Comprobante. • Estado del Comprobante. • Tipo de Comprobante (Complemento) (RN17). • Estatus Cancelación (Campo condicional). | J33: {=LEN(F33:G33)} -> 298 | K33: 0 | L33: =+J33+K33 -> 298
A34: POL_8214 /PortalEmpleado/ConsultaCentralCFDI | D34: 3 | E34: Ingresa los datos: • Fecha Inicial de Emisión (*). • Fecha Final de Emisión (*). • RFC Emisor. • RFC Receptor. • RFC a cuenta de terceros. • Tipo de Comprobante. • Estado del Comprobante. • Tipo de Comprobante (Complemento) (RN17). • Estatus Cancelación (Campo condicional). Campo obligarorio (*) Nota: Para realizar la búsqueda se debe proporcionar al menos un RFC como parámetro de búsqueda(RFC Emisor, RFC Receptor o RFC a cuenta terceros | F34: El sistema muestra los datos que se van ingresando . | J34: {=LEN(F34:G34)} -> 52 | K34: 0 | L34: =+J34+K34 -> 52
A35: POL_8214 /PortalEmpleado/ConsultaCentralCFDI | D35: 4 | E35: Da clic en el botón buscar CFDI | F35: Si la petición es correcta, el sistema muestra: A. Casilla Acciones 1) Seleccionar. 2) Descargar 3) Recuperar Representacion Impresa. 4) Recuperar Representacion Impresa Carta Porte. B. Datos de la Metadata del CFDI. • Folio Fiscal • RFC Emisor • Nombre o Razón Social del Emisor • RFC Receptor • Nombre o Razón Social del Receptor • Fecha de Emisión • Fecha de Certificación • Subtotal • Total • Estado del Comprobante • Efecto del Comprobante • Fecha de Cancelación • PAC que Certificó • Estatus de Cancelación • Estatus de Proceso de Cancelación • Fecha de Solicitud de la cancelación • Motivo • Folio de sustitución • RFC a cuenta de terceros C. Botones: 1) Descargar Seleccionados XML. 2) Descargas RI. 3) Descargar Metadata. 4) Exportar Resultados a PDF. 5) Exportar Resultados a CSV. D. Paginador. | G35: En una consulta por Folio fiscal o cuando se realice la c onsulta por periodo de fecha y el resultado sea uno: (Aplica la Regla de Negocio 15) *Descargar metadata *Exportar Resultados a PDF *Exportar Resultados a CSV | J35: {=LEN(F35:G35)} -> 810 | K35: 220 | L35: =+J35+K35 -> 1030
A36: POL_8214 /PortalEmpleado/ConsultaCentralCFDI | D36: 5 | E36: Da clic en cerrar sesión | F36: Cierra la aplicación y se direcciona a la pantalla de autenticación. | J36: {=LEN(F36:G36)} -> 68 | K36: 0 | L36: =+J36+K36 -> 68
B37: CP04 | C37: Busqueda/RFC Tercero | J37: {=LEN(F37:G37)} -> 0 | K37: 0 | L37: =+J37+K37 -> 0
A38: POL_8214 /PortalEmpleado/ConsultaCentralCFDI | D38: 1 | E38: Usuario ingresa al Portal Empleados Consulta Central | F38: El sistema muestra las siguientes opciones de búsqueda: - Folio Fiscal - Masiva UUID - Fecha Inicial y Final de Emisión | G38: El Usuario previamente se autenticó y accedió al portal Empleados-Consulta Central | H38: Rol CFDI01 Rol CFDI02 Rol CFDI03 Rol CFDI04 Rol CFDI05 | I38: Firma Electrónica del Usuario. El Usuario debe tener asignado cualquiera de los roles Ingresa el valor de un RFC a cuenta de terceros. | J38: {=LEN(F38:G38)} -> 120 | K38: 83 | L38: =+J38+K38 -> 203
A39: POL_8214 /PortalEmpleado/ConsultaCentralCFDI | D39: 2 | E39: Selecciona la opción Fecha Inicial y Final de Emisión | F39: El sistema habilita los siguientes campos: • Fecha Inicial de Emisión (*). • Fecha Final de Emisión (*). • RFC Emisor. • RFC Receptor. • RFC a cuenta de terceros. • Tipo de Comprobante. • Estado del Comprobante. • Tipo de Comprobante (Complemento) (RN17). • Estatus Cancelación (Campo condicional). | J39: {=LEN(F39:G39)} -> 298 | K39: 0 | L39: =+J39+K39 -> 298
A40: POL_8214 /PortalEmpleado/ConsultaCentralCFDI | D40: 3 | E40: Ingresa los datos: • Fecha Inicial de Emisión (*). • Fecha Final de Emisión (*). • RFC Emisor. • RFC Receptor. • RFC a cuenta de terceros. • Tipo de Comprobante. • Estado del Comprobante. • Tipo de Comprobante (Complemento) (RN17). • Estatus Cancelación (Campo condicional). Campo obligarorio (*) Nota: Para realizar la búsqueda se debe proporcionar al menos un RFC como parámetro de búsqueda(RFC Emisor, RFC Receptor o RFC a cuenta terceros | F40: El sistema muestra los datos que se van ingresando . | J40: {=LEN(F40:G40)} -> 52 | K40: 0 | L40: =+J40+K40 -> 52
A41: POL_8214 /PortalEmpleado/ConsultaCentralCFDI | D41: 4 | E41: Da clic en el botón buscar CFDI | F41: Si la petición es correcta, el sistema muestra: A. Casilla Acciones 1) Seleccionar. 2) Descargar 3) Recuperar Representacion Impresa. 4) Recuperar Representacion Impresa Carta Porte. B. Datos de la Metadata del CFDI. • Folio Fiscal • RFC Emisor • Nombre o Razón Social del Emisor • RFC Receptor • Nombre o Razón Social del Receptor • Fecha de Emisión • Fecha de Certificación • Subtotal • Total • Estado del Comprobante • Efecto del Comprobante • Fecha de Cancelación • PAC que Certificó • Estatus de Cancelación • Estatus de Proceso de Cancelación • Fecha de Solicitud de la cancelación • Motivo • Folio de sustitución • RFC a cuenta de terceros C. Botones: 1) Descargar Seleccionados XML. 2) Descargas RI. 3) Descargar Metadata. 4) Exportar Resultados a PDF. 5) Exportar Resultados a CSV. D. Paginador. | G41: En una consulta por Folio fiscal o cuando se realice la c onsulta por periodo de fecha y el resultado sea uno: (Aplica la Regla de Negocio 15) *Descargar metadata *Exportar Resultados a PDF *Exportar Resultados a CSV | J41: {=LEN(F41:G41)} -> 810 | K41: 220 | L41: =+J41+K41 -> 1030
A42: POL_8214 /PortalEmpleado/ConsultaCentralCFDI | D42: 5 | E42: Da clic en cerrar sesión | F42: Cierra la aplicación y se direcciona a la pantalla de autenticación. | J42: {=LEN(F42:G42)} -> 68 | K42: 0 | L42: =+J42+K42 -> 68
B43: CP05 | C43: Sin Resultados | J43: {=LEN(F43:G43)} -> 0 | K43: 0 | L43: =+J43+K43 -> 0
A44: POL_8214 /PortalEmpleado/ConsultaCentralCFDI | D44: 1 | E44: Da clic en el botón buscar | F44: En caso de que no se encuentre información con los parámetros de búsqueda ingresados, el sistema muestra el siguiente mensaje: “No existen registros que cumplan con los criterios de búsqueda ingresados, intentar nuevamente” | G44: Viene de los Casos de Prueba: - CP01_ConsultaCentral_CFDI_Búsqueda/Folio Fiscal - CP02_ConsultaCentral_CFDI_Búsqueda/RFCEmisor - CP03_ConsultaCentral_CFDI_Búsqueda/RFCReceptor - CP04_ConsultaCentral_CFDI_Búsqueda/RFCTercero | H44: Rol CFDI01 Rol CFDI02 Rol CFDI03 Rol CFDI04 Rol CFDI05 | J44: {=LEN(F44:G44)} -> 223 | K44: 225 | L44: =+J44+K44 -> 448
A45: POL_8214 /PortalEmpleado/ConsultaCentralCFDI | D45: 2 | E45: Da clic en cerrar sesión | F45: Cierra la aplicación y se direcciona a la pantalla de autenticación. | J45: {=LEN(F45:G45)} -> 68 | K45: 0 | L45: =+J45+K45 -> 68
B46: CP06 | C46: Busqueda/Masiva UUID | J46: {=LEN(F46:G46)} -> 0 | K46: 0 | L46: =+J46+K46 -> 0
A47: POL_8214 /PortalEmpleado/ConsultaCentralCFDI | D47: 1 | E47: Usuario ingresa al Portal Empleados Consulta Central | F47: El sistema muestra las siguientes opciones de búsqueda: - Folio Fiscal - Masiva UUID - Fecha Inicial y Final de Emisión | G47: El Usuario previamente se autenticó y accedió al portal Empleados-Consulta Central | H47: Rol CFDI01 Rol CFDI02 Rol CFDI03 Rol CFDI04 Rol CFDI05 | I47: Firma Electrónica del Usuario. El Usuario debe tener asignado cualquiera de los roles Archivo con UUID correctos | J47: {=LEN(F47:G47)} -> 120 | K47: 83 | L47: =+J47+K47 -> 203
A48: POL_8214 /PortalEmpleado/ConsultaCentralCFDI | D48: 2 | E48: Selecciona la opción Masiva UUID | F48: El sistema muestra las siguientes opciones de búsqueda: - *Seleccionar Archivo Botón Enviar | G48: En caso de no seleccionar un archivo El sistema muestra el siguiente mensaje: "Debe seleccionar un archivo .txt que contenga información para continuar." | J48: {=LEN(F48:G48)} -> 91 | K48: 154 | L48: =+J48+K48 -> 245
A49: POL_8214 /PortalEmpleado/ConsultaCentralCFDI | D49: 3 | E49: Selecciona el archivo(txt) mediante el explorador de Windows. | F49: El aplicativo ejecuta la consulta y arroja el resultado conforme a los UUID definidos en el archivo. | G49: Archivo TXT con distintos UUID | J49: {=LEN(F49:G49)} -> 104 | K49: 30 | L49: =+J49+K49 -> 134
A50: POL_8214 /PortalEmpleado/ConsultaCentralCFDI | D50: 4 | E50: Da clic en el botón Enviar | F50: El sistema realiza la petición y si contiene folios correctos los muestra en la sección de resultados: A. Casilla Acciones 1) Seleccionar. 2) Descargar 3) Recuperar Representacion Impresa. 4) Recuperar Representacion Impresa Carta Porte B. Datos de la Metadata del CFDI. • Folio Fiscal • RFC Emisor • Nombre o Razón Social del Emisor • RFC Receptor • Nombre o Razón Social del Receptor • Fecha de Emisión • Fecha de Certificación • Subtotal • Total • Estado del Comprobante • Efecto del Comprobante • Fecha de Cancelación • PAC que Certificó • Estatus de Cancelación • Estatus de Proceso de Cancelación • Fecha de Solicitud de la cancelación • Motivo • Folio de sustitución • RFC a cuenta de terceros C. Botones: Para la consulta Masiva UUID cuando el resultado contiene mas de un folio fiscal se mostrarán los botones: 1) Descargar seleccionados XML 2) Exportar resultados a PDF 3) Exportar resultados a CSV Cuando el resultado solo contiene un resultado se mostrarán los botones: 1. Exportar resultados a PDF 2. Exportar resultados a CSV | G50: • La consulta masiva esta limitada a 1,000 registros de UUID. • El servicio solo permite la consulta a través de archivos de texto plano (.txt) • Si el sistema no encuentra folios válidos ver el caso de prueba CP28 | J50: {=LEN(F50:G50)} -> 1046 | K50: 218 | L50: =+J50+K50 -> 1264
A51: POL_8214 /PortalEmpleado/ConsultaCentralCFDI | D51: 5 | E51: Da clic en Cerrar Sesión | F51: Cierra la aplicación y se direcciona a la pantalla de autenticación. | J51: {=LEN(F51:G51)} -> 68 | K51: 0 | L51: =+J51+K51 -> 68
B52: CP07 | C52: Folio Fiscal/Acuse de cancelación | J52: {=LEN(F52:G52)} -> 0 | K52: 0 | L52: =+J52+K52 -> 0
A53: POL_8214 /PortalEmpleado/ConsultaCentralCFDI | D53: 1 | E53: Usuario ingresa al Portal Empleados Consulta Central | F53: El sistema muestra las siguientes opciones de búsqueda: - Folio Fiscal - Masiva UUID - Fecha Inicial y Final de Emisión | G53: El Usuario previamente se autenticó y accedió al portal Empleados-Consulta Central | H53: Rol CFDI01 Rol CFDI02 Rol CFDI04 | I53: Firma Electrónica del Usuario. El Usuario debe tener asignado cualquiera de los roles Solicitud en estado cancelado | J53: {=LEN(F53:G53)} -> 120 | K53: 83 | L53: =+J53+K53 -> 203
A54: POL_8214 /PortalEmpleado/ConsultaCentralCFDI | D54: 2 | E54: Selecciona la opción Folio Fiscal | F54: El sistema muestra cuadro de texto para incorporar el número de Folio Fiscal que se requiere buscar. | G54: Al seleccionar el botón de folio fiscal se deben deshabilitar los campos de la sección Fecha Inicial y Final de Emisión (Aplica la Regla de Negocio 01) | J54: {=LEN(F54:G54)} -> 101 | K54: 152 | L54: =+J54+K54 -> 253
A55: POL_8214 /PortalEmpleado/ConsultaCentralCFDI | D55: 3 | E55: Ingresa los datos del Folio Fiscal | F55: El sistema muestra los datos que se van ingresando del folio fiscal | J55: {=LEN(F55:G55)} -> 68 | K55: 0 | L55: =+J55+K55 -> 68
A56: POL_8214 /PortalEmpleado/ConsultaCentralCFDI | D56: 4 | E56: Da clic en el botón buscar CFDI | F56: Si la petición es correcta, el sistema muestra: A. Casilla Acciones 1) Seleccionar. 2) Descargar. 3) Recuperar Representación Impresa. 4) Recuperar Representacion Impresa Carta Porte. B. Datos de la Metadata del CFDI. • Folio Fiscal • RFC Emisor • Nombre o Razón Social del Emisor • RFC Receptor • Nombre o Razón Social del Receptor • Fecha de Emisión • Fecha de Certificación • Subtotal • Total • Estado del Comprobante • Efecto del Comprobante • Fecha de Cancelación • PAC que Certificó • Estatus de Cancelación • Estatus de Proceso de Cancelación • Fecha de Solicitud de la cancelación • Motivo • Folio de sustitución • RFC a cuenta de terceros C. Botones: 1) Descargar Metadata. 2) Exportar Resultados a PDF. 3) Exportar Resultados a CSV. | G56: El aplicativo debe realizar la búsqueda de todas las versiones del CFDI (3.2, 3.3 y 4.0), de acuerdo a los criterios de búsqueda seleccionados previamente. En caso de no encontrar información ir al Caso de Prueba "Sin Resultados" En una consulta por Folio fiscal o cuando se realice la c onsulta por periodo de fecha y el resultado sea uno: (Aplica la Regla de Negocio 15) *Descargar metadata *Exportar Resultados a PDF *Exportar Resultados a CSV | J56: {=LEN(F56:G56)} -> 748 | K56: 452 | L56: =+J56+K56 -> 1200
A57: POL_8214 /PortalEmpleado/ConsultaCentralCFDI | D57: 5 | E57: El usuario selecciona un folio fiscal (UUID) de la tabla “Resultados” y ubica la columna “Estado del Comprobante” que tenga el valor “Cancelado” y da clic en el hipervinculo para descargar el acuse de cancelación | F57: El sistema abre una ventana emergente y comienza con la descarga del acuse de cancelación en formato PDF. - Datos del Acuse de Cancelación de CFDI • Folio Fiscal • RFC Receptor • RFC Emisor • Estado CFDI • Estado Cancelación • Motivo Cancelación • Número de serie de la e.firma o CSD (RN21) • Fecha de Solicitud de Cancelación (RN19) • Mensaje de Error • Fecha • Sello digital SAT | G57: Esta opción solo será visible en la columna “Estado del Comprobante, cuando exista una solicitud de la cancelación asociada al CFDI. Se podrá realizar la descarga del acuse en formato PDF, recuperando el acuse con el estatus final. | J57: {=LEN(F57:G57)} -> 381 | K57: 231 | L57: =+J57+K57 -> 612
A58: POL_8214 /PortalEmpleado/ConsultaCentralCFDI | D58: 6 | E58: Da clic en cerrar sesión | F58: Cierra la aplicación y se direcciona a la pantalla de autenticación. | J58: {=LEN(F58:G58)} -> 68 | K58: 0 | L58: =+J58+K58 -> 68
B59: CP08 | C59: RFC Emisor/Acuse de Cancelación | J59: {=LEN(F59:G59)} -> 0 | K59: 0 | L59: =+J59+K59 -> 0
A60: POL_8214 /PortalEmpleado/ConsultaCentralCFDI | D60: 1 | E60: Usuario ingresa al Portal Empleados Consulta Central | F60: El sistema muestra las siguientes opciones de búsqueda: - Folio Fiscal - Masiva UUID - Fecha Inicial y Final de Emisión | G60: El Usuario previamente se autenticó y accedió al portal Empleados-Consulta Central | H60: Rol CFDI01 Rol CFDI02 Rol CFDI04 | I60: Firma Electrónica del Usuario. El Usuario debe tener asignado cualquiera de los roles Solicitud en estado cancelado | J60: {=LEN(F60:G60)} -> 120 | K60: 83 | L60: =+J60+K60 -> 203
A61: POL_8214 /PortalEmpleado/ConsultaCentralCFDI | D61: 2 | E61: Selecciona la opción Fecha Inicial y Final de Emisión | F61: El sistema habilita los siguientes campos: • Fecha Inicial de Emisión (*). • Fecha Final de Emisión (*). • RFC Emisor. • RFC Receptor. • RFC a cuenta de terceros. • Tipo de Comprobante. • Estado del Comprobante. • Tipo de Comprobante (Complemento) (RN17). • Estatus Cancelación (Campo condicional). | J61: {=LEN(F61:G61)} -> 298 | K61: 0 | L61: =+J61+K61 -> 298
A62: POL_8214 /PortalEmpleado/ConsultaCentralCFDI | D62: 3 | E62: Ingresa los datos: • Fecha Inicial de Emisión (*). • Fecha Final de Emisión (*). • RFC Emisor. • RFC Receptor. • RFC a cuenta de terceros. • Tipo de Comprobante. • Estado del Comprobante. • Tipo de Comprobante (Complemento) (RN17). • Estatus Cancelación (Campo condicional). Campo obligarorio (*) Nota: Para realizar la búsqueda se debe proporcionar al menos un RFC como parámetro de búsqueda(RFC Emisor, RFC Receptor o RFC a cuenta terceros | F62: El sistema muestra los datos que se van ingresando . | J62: {=LEN(F62:G62)} -> 52 | K62: 0 | L62: =+J62+K62 -> 52
A63: POL_8214 /PortalEmpleado/ConsultaCentralCFDI | D63: 4 | E63: Da clic en el botón buscar CFDI | F63: Si la petición es correcta, el sistema muestra: A. Casilla Acciones 1) Seleccionar. 2) Descargar 3) Recuperar Representacion Impresa. 4) Recuperar Representacion Impresa Carta Porte. B. Datos de la Metadata del CFDI. • Folio Fiscal • RFC Emisor • Nombre o Razón Social del Emisor • RFC Receptor • Nombre o Razón Social del Receptor • Fecha de Emisión • Fecha de Certificación • Subtotal • Total • Estado del Comprobante • Efecto del Comprobante • Fecha de Cancelación • PAC que Certificó • Estatus de Cancelación • Estatus de Proceso de Cancelación • Fecha de Solicitud de la cancelación • Motivo • Folio de sustitución • RFC a cuenta de terceros C. Botones: 1) Descargar Seleccionados XML. 2) Descargas RI. 3) Descargar Metadata. 4) Exportar Resultados a PDF. 5) Exportar Resultados a CSV. D. Paginador. | G63: En una consulta por Folio fiscal o cuando se realice la c onsulta por periodo de fecha y el resultado sea uno: (Aplica la Regla de Negocio 15) * Descargar metadata *Exportar Resultados a PDF *Exportar Resultados a CSV | J63: {=LEN(F63:G63)} -> 810 | K63: 221 | L63: =+J63+K63 -> 1031
A64: POL_8214 /PortalEmpleado/ConsultaCentralCFDI | D64: 5 | E64: El usuario selecciona un folio fiscal (UUID) de la tabla “Resultados” y ubica la columna “Estado del Comprobante” que tenga el valor “Cancelado” y da clic en el hipervinculo para descargar el acuse de cancelación | F64: El sistema abre una ventana emergente y comienza con la descarga del acuse de cancelación en formato PDF. - Datos del Acuse de Cancelación de CFDI • Folio Fiscal • RFC Receptor • RFC Emisor • Estado CFDI • Estado Cancelación • Motivo Cancelación • Número de serie de la e.firma o CSD (RN21) • Fecha de Solicitud de Cancelación (RN19) • Mensaje de Error • Fecha • Sello digital SAT | G64: Esta opción solo será visible en la columna “Estado del Comprobante, cuando exista una solicitud de la cancelación asociada al CFDI. Se podrá realizar la descarga del acuse en formato PDF, recuperando el acuse con el estatus final. | J64: {=LEN(F64:G64)} -> 381 | K64: 231 | L64: =+J64+K64 -> 612
A65: POL_8214 /PortalEmpleado/ConsultaCentralCFDI | D65: 6 | E65: Da clic en cerrar sesión | F65: Cierra la aplicación y se direcciona a la pantalla de autenticación. | J65: {=LEN(F65:G65)} -> 68 | K65: 0 | L65: =+J65+K65 -> 68
B66: CP09 | C66: RFC Receptor/Acuse de Cancelación | J66: {=LEN(F66:G66)} -> 0 | K66: 0 | L66: =+J66+K66 -> 0
A67: POL_8214 /PortalEmpleado/ConsultaCentralCFDI | D67: 1 | E67: Usuario ingresa al Portal Empleados Consulta Central | F67: El sistema muestra las siguientes opciones de búsqueda: - Folio Fiscal - Masiva UUID - Fecha Inicial y Final de Emisión | G67: El Usuario previamente se autenticó y accedió al portal Empleados-Consulta Central | H67: Rol CFDI01 Rol CFDI02 Rol CFDI04 | I67: Firma Electrónica del Usuario. El Usuario debe tener asignado cualquiera de los roles Solicitud en estado cancelado | J67: {=LEN(F67:G67)} -> 120 | K67: 83 | L67: =+J67+K67 -> 203
A68: POL_8214 /PortalEmpleado/ConsultaCentralCFDI | D68: 2 | E68: Selecciona la opción Fecha Inicial y Final de Emisión | F68: El sistema habilita los siguientes campos: • Fecha Inicial de Emisión (*). • Fecha Final de Emisión (*). • RFC Emisor. • RFC Receptor. • RFC a cuenta de terceros. • Tipo de Comprobante. • Estado del Comprobante. • Tipo de Comprobante (Complemento) (RN17). • Estatus Cancelación (Campo condicional). | J68: {=LEN(F68:G68)} -> 298 | K68: 0 | L68: =+J68+K68 -> 298
A69: POL_8214 /PortalEmpleado/ConsultaCentralCFDI | D69: 3 | E69: Ingresa los datos: • Fecha Inicial de Emisión (*). • Fecha Final de Emisión (*). • RFC Emisor. • RFC Receptor. • RFC a cuenta de terceros. • Tipo de Comprobante. • Estado del Comprobante. • Tipo de Comprobante (Complemento) (RN17). • Estatus Cancelación (Campo condicional). Campo obligarorio (*) Nota: Para realizar la búsqueda se debe proporcionar al menos un RFC como parámetro de búsqueda(RFC Emisor, RFC Receptor o RFC a cuenta terceros | F69: El sistema muestra los datos que se van ingresando . | J69: {=LEN(F69:G69)} -> 52 | K69: 0 | L69: =+J69+K69 -> 52
A70: POL_8214 /PortalEmpleado/ConsultaCentralCFDI | D70: 4 | E70: Da clic en el botón buscar CFDI | F70: Si la petición es correcta, el sistema muestra: A. Casilla Acciones 1) Seleccionar. 2) Descargar 3) Recuperar Representacion Impresa. 4) Recuperar Representacion Impresa Carta Porte. B. Datos de la Metadata del CFDI. • Folio Fiscal • RFC Emisor • Nombre o Razón Social del Emisor • RFC Receptor • Nombre o Razón Social del Receptor • Fecha de Emisión • Fecha de Certificación • Subtotal • Total • Estado del Comprobante • Efecto del Comprobante • Fecha de Cancelación • PAC que Certificó • Estatus de Cancelación • Estatus de Proceso de Cancelación • Fecha de Solicitud de la cancelación • Motivo • Folio de sustitución • RFC a cuenta de terceros C. Botones: 1) Descargar Seleccionados XML. 2) Descargas RI. 3) Descargar Metadata. 4) Exportar Resultados a PDF. 5) Exportar Resultados a CSV. D. Paginador. | G70: En una consulta por Folio fiscal o cuando se realice la c onsulta por periodo de fecha y el resultado sea uno: (Aplica la Regla de Negocio 15) * Descargar metadata *Exportar Resultados a PDF *Exportar Resultados a CSV | J70: {=LEN(F70:G70)} -> 810 | K70: 221 | L70: =+J70+K70 -> 1031
A71: POL_8214 /PortalEmpleado/ConsultaCentralCFDI | D71: 5 | E71: El usuario selecciona un folio fiscal (UUID) de la tabla “Resultados” y ubica la columna “Estado del Comprobante” que tenga el valor “Cancelado” y da clic en el hipervinculo para descargar el acuse de cancelación | F71: El sistema abre una ventana emergente y comienza con la descarga del acuse de cancelación en formato PDF. - Datos del Acuse de Cancelación de CFDI • Folio Fiscal • RFC Receptor • RFC Emisor • Estado CFDI • Estado Cancelación • Motivo Cancelación • Número de serie de la e.firma o CSD (RN21) • Fecha de Solicitud de Cancelación (RN19) • Mensaje de Error • Fecha • Sello digital SAT | G71: Esta opción solo será visible en la columna “Estado del Comprobante, cuando exista una solicitud de la cancelación asociada al CFDI. Se podrá realizar la descarga del acuse en formato PDF, recuperando el acuse con el estatus final. | J71: {=LEN(F71:G71)} -> 381 | K71: 231 | L71: =+J71+K71 -> 612
A72: POL_8214 /PortalEmpleado/ConsultaCentralCFDI | D72: 6 | E72: Da clic en cerrar sesión | F72: Cierra la aplicación y se direcciona a la pantalla de autenticación. | J72: {=LEN(F72:G72)} -> 68 | K72: 0 | L72: =+J72+K72 -> 68
B73: CP10 | C73: Masiva UUID/Acuse de Cancelación | J73: {=LEN(F73:G73)} -> 0 | K73: 0 | L73: =+J73+K73 -> 0
A74: POL_8214 /PortalEmpleado/ConsultaCentralCFDI | D74: 1 | E74: Usuario ingresa al Portal Empleados Consulta Central | F74: El sistema muestra las siguientes opciones de búsqueda: - Folio Fiscal - Masiva UUID - Fecha Inicial y Final de Emisión | G74: El Usuario previamente se autenticó y accedió al portal Empleados-Consulta Central | H74: Rol CFDI01 Rol CFDI02 Rol CFDI03 Rol CFDI04 Rol CFDI05 | I74: Firma Electrónica del Usuario. El Usuario debe tener asignado cualquiera de los roles Solicitud en estado cancelado | J74: {=LEN(F74:G74)} -> 120 | K74: 83 | L74: =+J74+K74 -> 203
A75: POL_8214 /PortalEmpleado/ConsultaCentralCFDI | D75: 2 | E75: Selecciona la opción Masiva UUID | F75: El sistema muestra las siguientes opciones de búsqueda: - *Seleccionar Archivo Botón Enviar | G75: En caso de no seleccionar un archivo El sistema muestra el siguiente mensaje: "Debe seleccionar un archivo .txt que contenga información para continuar." | J75: {=LEN(F75:G75)} -> 91 | K75: 154 | L75: =+J75+K75 -> 245
A76: POL_8214 /PortalEmpleado/ConsultaCentralCFDI | D76: 3 | E76: Selecciona el archivo(txt) mediante el explorador de Windows. | F76: El aplicativo ejecuta la consulta y arroja el resultado conforme a los UUID definidos en el archivo. | G76: Archivo TXT con distintos UUID | J76: {=LEN(F76:G76)} -> 104 | K76: 30 | L76: =+J76+K76 -> 134
A77: POL_8214 /PortalEmpleado/ConsultaCentralCFDI | D77: 4 | E77: Da clic en el botón Enviar | F77: El sistema realiza la petición y si contiene folios correctos los muestra en la sección de resultados: A. Casilla Acciones 1) Seleccionar. 2) Descargar 3) Recuperar Representacion Impresa. 4) Recuperar Representacion Impresa Carta Porte B. Datos de la Metadata del CFDI. • Folio Fiscal • RFC Emisor • Nombre o Razón Social del Emisor • RFC Receptor • Nombre o Razón Social del Receptor • Fecha de Emisión • Fecha de Certificación • Subtotal • Total • Estado del Comprobante • Efecto del Comprobante • Fecha de Cancelación • PAC que Certificó • Estatus de Cancelación • Estatus de Proceso de Cancelación • Fecha de Solicitud de la cancelación • Motivo • Folio de sustitución • RFC a cuenta de terceros C. Botones: Para la consulta Masiva UUID cuando el resultado contiene mas de un folio fiscal se mostrarán los botones: 1) Descargar seleccionados XML 2) Exportar resultados a PDF 3) Exportar resultados a CSV Cuando el resultado solo contiene un resultado se mostrarán los botones: 1. Exportar resultados a PDF 2. Exportar resultados a CSV | G77: • La consulta masiva esta limitada a 1,000 registros de UUID. • El servicio solo permite la consulta a través de archivos de texto plano (.txt) • Si el sistema no encuentra folios válidos ver el caso de prueba CP29 | J77: {=LEN(F77:G77)} -> 1046 | K77: 219 | L77: =+J77+K77 -> 1265
A78: POL_8214 /PortalEmpleado/ConsultaCentralCFDI | D78: 5 | E78: El usuario selecciona un folio fiscal (UUID) de la tabla “Resultados” y ubica la columna “Estado del Comprobante” que tenga el valor “Cancelado” y da clic en el hipervinculo para descargar el acuse de cancelación | F78: El sistema abre una ventana emergente y comienza con la descarga del acuse de cancelación en formato PDF. - Datos del Acuse de Cancelación de CFDI • Folio Fiscal • RFC Receptor • RFC Emisor • Estado CFDI • Estado Cancelación • Motivo Cancelación • Número de serie de la e.firma o CSD (RN21) • Fecha de Solicitud de Cancelación (RN19) • Mensaje de Error • Fecha • Sello digital SAT | G78: Esta opción solo será visible en la columna “Estado del Comprobante, cuando exista una solicitud de la cancelación asociada al CFDI. Se podrá realizar la descarga del acuse en formato PDF, recuperando el acuse con el estatus final. | J78: {=LEN(F78:G78)} -> 381 | K78: 231 | L78: =+J78+K78 -> 612
A79: POL_8214 /PortalEmpleado/ConsultaCentralCFDI | D79: 6 | E79: Da clic en cerrar sesión | F79: Cierra la aplicación y se direcciona a la pantalla de autenticación. | J79: {=LEN(F79:G79)} -> 68 | K79: 0 | L79: =+J79+K79 -> 68
B80: CP11 | C80: Folio Fiscal/Descargar RI | J80: {=LEN(F80:G80)} -> 0 | K80: 0 | L80: =+J80+K80 -> 0
A81: POL_8214 /PortalEmpleado/ConsultaCentralCFDI | D81: 1 | E81: Usuario ingresa al Portal Empleados Consulta Central | F81: El sistema muestra las siguientes opciones de búsqueda: - Folio Fiscal - Masiva UUID - Fecha Inicial y Final de Emisión | G81: El Usuario previamente se autenticó y accedió al portal Empleados-Consulta Central | H81: Rol CFDI01 Rol CFDI02 Rol CFDI04 | I81: Firma Electrónica del Usuario. El Usuario debe tener asignado cualquiera de los roles | J81: {=LEN(F81:G81)} -> 120 | K81: 83 | L81: =+J81+K81 -> 203
A82: POL_8214 /PortalEmpleado/ConsultaCentralCFDI | D82: 2 | E82: Selecciona la opción Folio Fiscal | F82: El sistema muestra cuadro de texto para incorporar el número de Folio Fiscal que se requiere buscar. | G82: Al seleccionar el botón de folio fiscal se deben deshabilitar los campos de la sección Fecha Inicial y Final de Emisión (Aplica la Regla de Negocio 01) | J82: {=LEN(F82:G82)} -> 101 | K82: 152 | L82: =+J82+K82 -> 253
A83: POL_8214 /PortalEmpleado/ConsultaCentralCFDI | D83: 3 | E83: Ingresa los datos del Folio Fiscal | F83: El sistema muestra los datos que se van ingresando del folio fiscal | J83: {=LEN(F83:G83)} -> 68 | K83: 0 | L83: =+J83+K83 -> 68
A84: POL_8214 /PortalEmpleado/ConsultaCentralCFDI | D84: 4 | E84: Da clic en el botón buscar CFDI | F84: Si la petición es correcta, el sistema muestra: A. Casilla Acciones 1) Seleccionar. 2) Descargar. 3) Recuperar Representación Impresa. 4) Recuperar Representacion Impresa Carta Porte. B. Datos de la Metadata del CFDI. • Folio Fiscal • RFC Emisor • Nombre o Razón Social del Emisor • RFC Receptor • Nombre o Razón Social del Receptor • Fecha de Emisión • Fecha de Certificación • Subtotal • Total • Estado del Comprobante • Efecto del Comprobante • Fecha de Cancelación • PAC que Certificó • Estatus de Cancelación • Estatus de Proceso de Cancelación • Fecha de Solicitud de la cancelación • Motivo • Folio de sustitución • RFC a cuenta de terceros C. Botones: 1) Descargar Metadata. 2) Exportar Resultados a PDF. 3) Exportar Resultados a CSV. | G84: El aplicativo debe realizar la búsqueda de todas las versiones del CFDI (3.2, 3.3 y 4.0), de acuerdo a los criterios de búsqueda seleccionados previamente. En caso de no encontrar información ir al Caso de Prueba "Sin Resultados" En una consulta por Folio fiscal o cuando se realice la c onsulta por periodo de fecha y el resultado sea uno: (Aplica la Regla de Negocio 15) * Descargar metadata *Exportar Resultados a PDF *Exportar Resultados a CSV | J84: {=LEN(F84:G84)} -> 748 | K84: 453 | L84: =+J84+K84 -> 1201
A85: POL_8214 /PortalEmpleado/ConsultaCentralCFDI | D85: 5 | E85: Selecciona un folio fiscal (UUID) de la tabla “Resultados” | F85: En la columna de acciones se desplegaran los botones • Descargar • Recuperar Representación Impresa • Recuperar RI Complemento Carta Porte (Condicional) | J85: {=LEN(F85:G85)} -> 156 | K85: 0 | L85: =+J85+K85 -> 156
A86: POL_8214 /PortalEmpleado/ConsultaCentralCFDI | D86: 6 | E86: Da clic en el la opción Recuperar Representación Impresa | F86: El sistema muestra la representación impresa del comprobante | G86: La descarga se realiza uno a uno, contemplando el límite diario establecido para los archivos PDF en su RI. (Aplica las Reglas de Negocio 07, 08 y 14) | J86: {=LEN(F86:G86)} -> 60 | K86: 150 | L86: =+J86+K86 -> 210
A87: POL_8214 /PortalEmpleado/ConsultaCentralCFDI | D87: 7 | E87: Da clic en cerrar sesión | F87: Cierra la aplicación y se direcciona a la pantalla de autenticación. | J87: {=LEN(F87:G87)} -> 68 | K87: 0 | L87: =+J87+K87 -> 68
B88: CP12 | C88: RFC Emisor/Descargar RI | J88: {=LEN(F88:G88)} -> 0 | K88: 0 | L88: =+J88+K88 -> 0
A89: POL_8214 /PortalEmpleado/ConsultaCentralCFDI | D89: 1 | E89: Usuario ingresa al Portal Empleados Consulta Central | F89: El sistema muestra las siguientes opciones de búsqueda: - Folio Fiscal - Masiva UUID - Fecha Inicial y Final de Emisión | G89: El Usuario previamente se autenticó y accedió al portal Empleados-Consulta Central | H89: Rol CFDI01 Rol CFDI02 Rol CFDI04 | I89: Firma Electrónica del Usuario. El Usuario debe tener asignado cualquiera de los roles Ingresa el valor de un RFC Emisor. | J89: {=LEN(F89:G89)} -> 120 | K89: 83 | L89: =+J89+K89 -> 203
A90: POL_8214 /PortalEmpleado/ConsultaCentralCFDI | D90: 2 | E90: Selecciona la opción Fecha Inicial y Final de Emisión | F90: El sistema habilita los siguientes campos: • Fecha Inicial de Emisión (*). • Fecha Final de Emisión (*). • RFC Emisor. • RFC Receptor. • RFC a cuenta de terceros. • Tipo de Comprobante. • Estado del Comprobante. • Tipo de Comprobante (Complemento) (RN17). • Estatus Cancelación (Campo condicional). | J90: {=LEN(F90:G90)} -> 298 | K90: 0 | L90: =+J90+K90 -> 298
A91: POL_8214 /PortalEmpleado/ConsultaCentralCFDI | D91: 3 | E91: Ingresa los datos: • Fecha Inicial de Emisión (*). • Fecha Final de Emisión (*). • RFC Emisor. • RFC Receptor. • RFC a cuenta de terceros. • Tipo de Comprobante. • Estado del Comprobante. • Tipo de Comprobante (Complemento) (RN17). • Estatus Cancelación (Campo condicional). Campo obligarorio (*) Nota: Para realizar la búsqueda se debe proporcionar al menos un RFC como parámetro de búsqueda(RFC Emisor, RFC Receptor o RFC a cuenta terceros | F91: El sistema muestra los datos que se van ingresando . | J91: {=LEN(F91:G91)} -> 52 | K91: 0 | L91: =+J91+K91 -> 52
A92: POL_8214 /PortalEmpleado/ConsultaCentralCFDI | D92: 4 | E92: Da clic en el botón buscar CFDI | F92: Si la petición es correcta, el sistema muestra: A. Casilla Acciones 1) Seleccionar. 2) Descargar 3) Recuperar Representacion Impresa. 4) Recuperar Representacion Impresa Carta Porte. B. Datos de la Metadata del CFDI. • Folio Fiscal • RFC Emisor • Nombre o Razón Social del Emisor • RFC Receptor • Nombre o Razón Social del Receptor • Fecha de Emisión • Fecha de Certificación • Subtotal • Total • Estado del Comprobante • Efecto del Comprobante • Fecha de Cancelación • PAC que Certificó • Estatus de Cancelación • Estatus de Proceso de Cancelación • Fecha de Solicitud de la cancelación • Motivo • Folio de sustitución • RFC a cuenta de terceros C. Botones: 1) Descargar Seleccionados XML. 2) Descargas RI. 3) Descargar Metadata. 4) Exportar Resultados a PDF. 5) Exportar Resultados a CSV. D. Paginador. | G92: En una consulta por Folio fiscal o cuando se realice la c onsulta por periodo de fecha y el resultado sea uno: (Aplica la Regla de Negocio 15) *Descargar metadata *Exportar Resultados a PDF *Exportar Resultados a CSV | J92: {=LEN(F92:G92)} -> 810 | K92: 220 | L92: =+J92+K92 -> 1030
A93: POL_8214 /PortalEmpleado/ConsultaCentralCFDI | D93: 5 | E93: Selecciona un folio fiscal (UUID) de la tabla “Resultados” | F93: En la columna de acciones se desplegaran los botones • Descargar • Recuperar Representación Impresa • Recuperar RI Complemento Carta Porte (Condicional) | J93: {=LEN(F93:G93)} -> 156 | K93: 0 | L93: =+J93+K93 -> 156
A94: POL_8214 /PortalEmpleado/ConsultaCentralCFDI | D94: 6 | E94: Da clic en el la opción Recuperar Representación Impresa | F94: El sistema muestra la representación impresa del comprobante | G94: La descarga se realiza uno a uno, contemplando el límite diario establecido para los archivos PDF en su RI. (Aplica las Reglas de Negocio 07, 08 y 14) | J94: {=LEN(F94:G94)} -> 60 | K94: 150 | L94: =+J94+K94 -> 210
A95: POL_8214 /PortalEmpleado/ConsultaCentralCFDI | D95: 7 | E95: Da clic en cerrar sesión | F95: Cierra la aplicación y se direcciona a la pantalla de autenticación. | J95: {=LEN(F95:G95)} -> 68 | K95: 0 | L95: =+J95+K95 -> 68
B96: CP13 | C96: RFC Receptor/Descargar RI | J96: {=LEN(F96:G96)} -> 0 | K96: 0 | L96: =+J96+K96 -> 0
A97: POL_8214 /PortalEmpleado/ConsultaCentralCFDI | D97: 1 | E97: Usuario ingresa al Portal Empleados Consulta Central | F97: El sistema muestra las siguientes opciones de búsqueda: - Folio Fiscal - Masiva UUID - Fecha Inicial y Final de Emisión | G97: El Usuario previamente se autenticó y accedió al portal Empleados-Consulta Central | H97: Rol CFDI01 Rol CFDI02 Rol CFDI04 | I97: Firma Electrónica del Usuario. El Usuario debe tener asignado cualquiera de los roles Ingresa el valor de un RFC Receptor. | J97: {=LEN(F97:G97)} -> 120 | K97: 83 | L97: =+J97+K97 -> 203
A98: POL_8214 /PortalEmpleado/ConsultaCentralCFDI | D98: 2 | E98: Selecciona la opción Fecha Inicial y Final de Emisión | F98: El sistema habilita los siguientes campos: • Fecha Inicial de Emisión (*). • Fecha Final de Emisión (*). • RFC Emisor. • RFC Receptor. • RFC a cuenta de terceros. • Tipo de Comprobante. • Estado del Comprobante. • Tipo de Comprobante (Complemento) (RN17). • Estatus Cancelación (Campo condicional). | J98: {=LEN(F98:G98)} -> 298 | K98: 0 | L98: =+J98+K98 -> 298
A99: POL_8214 /PortalEmpleado/ConsultaCentralCFDI | D99: 3 | E99: Ingresa los datos: • Fecha Inicial de Emisión (*). • Fecha Final de Emisión (*). • RFC Emisor. • RFC Receptor. • RFC a cuenta de terceros. • Tipo de Comprobante. • Estado del Comprobante. • Tipo de Comprobante (Complemento) (RN17). • Estatus Cancelación (Campo condicional). Campo obligarorio (*) Nota: Para realizar la búsqueda se debe proporcionar al menos un RFC como parámetro de búsqueda(RFC Emisor, RFC Receptor o RFC a cuenta terceros | F99: El sistema muestra los datos que se van ingresando . | J99: {=LEN(F99:G99)} -> 52 | K99: 0 | L99: =+J99+K99 -> 52
A100: POL_8214 /PortalEmpleado/ConsultaCentralCFDI | D100: 4 | E100: Da clic en el botón buscar CFDI | F100: Si la petición es correcta, el sistema muestra: A. Casilla Acciones 1) Seleccionar. 2) Descargar 3) Recuperar Representacion Impresa. 4) Recuperar Representacion Impresa Carta Porte. B. Datos de la Metadata del CFDI. • Folio Fiscal • RFC Emisor • Nombre o Razón Social del Emisor • RFC Receptor • Nombre o Razón Social del Receptor • Fecha de Emisión • Fecha de Certificación • Subtotal • Total • Estado del Comprobante • Efecto del Comprobante • Fecha de Cancelación • PAC que Certificó • Estatus de Cancelación • Estatus de Proceso de Cancelación • Fecha de Solicitud de la cancelación • Motivo • Folio de sustitución • RFC a cuenta de terceros C. Botones: 1) Descargar Seleccionados XML. 2) Descargas RI. 3) Descargar Metadata. 4) Exportar Resultados a PDF. 5) Exportar Resultados a CSV. D. Paginador. | G100: En una consulta por Folio fiscal o cuando se realice la c onsulta por periodo de fecha y el resultado sea uno: (Aplica la Regla de Negocio 15) * Descargar metadata *Exportar Resultados a PDF *Exportar Resultados a CSV | J100: {=LEN(F100:G100)} -> 810 | K100: 221 | L100: =+J100+K100 -> 1031
A101: POL_8214 /PortalEmpleado/ConsultaCentralCFDI | D101: 5 | E101: Selecciona un folio fiscal (UUID) de la tabla “Resultados” | F101: En la columna de acciones se desplegaran los botones • Descargar • Recuperar Representación Impresa • Recuperar RI Complemento Carta Porte (Condicional) | J101: {=LEN(F101:G101)} -> 156 | K101: 0 | L101: =+J101+K101 -> 156
A102: POL_8214 /PortalEmpleado/ConsultaCentralCFDI | D102: 6 | E102: Da clic en el la opción Recuperar Representación Impresa | F102: El sistema muestra la representación impresa del comprobante | G102: La descarga se realiza uno a uno, contemplando el límite diario establecido para los archivos PDF en su RI. (Aplica las Reglas de Negocio 07, 08 y 14) | J102: {=LEN(F102:G102)} -> 60 | K102: 150 | L102: =+J102+K102 -> 210
A103: POL_8214 /PortalEmpleado/ConsultaCentralCFDI | D103: 7 | E103: Da clic en cerrar sesión | F103: Cierra la aplicación y se direcciona a la pantalla de autenticación. | J103: {=LEN(F103:G103)} -> 68 | K103: 0 | L103: =+J103+K103 -> 68
B104: CP14 | C104: Masiva UUID/Descargar RI | J104: {=LEN(F104:G104)} -> 0 | K104: 0 | L104: =+J104+K104 -> 0
A105: POL_8214 /PortalEmpleado/ConsultaCentralCFDI | D105: 1 | E105: Usuario ingresa al Portal Empleados Consulta Central | F105: El sistema muestra las siguientes opciones de búsqueda: - Folio Fiscal - Masiva UUID - Fecha Inicial y Final de Emisión | G105: El Usuario previamente se autenticó y accedió al portal Empleados-Consulta Central | H105: Rol CFDI01 Rol CFDI02 Rol CFDI03 Rol CFDI04 Rol CFDI05 | I105: Firma Electrónica del Usuario. El Usuario debe tener asignado cualquiera de los roles Ingresa el valor de un RFC a cuenta de terceros. | J105: {=LEN(F105:G105)} -> 120 | K105: 83 | L105: =+J105+K105 -> 203
A106: POL_8214 /PortalEmpleado/ConsultaCentralCFDI | D106: 2 | E106: Selecciona la opción Masiva UUID | F106: El sistema muestra las siguientes opciones de búsqueda: - *Seleccionar Archivo Botón Enviar | G106: En caso de no seleccionar un archivo El sistema muestra el siguiente mensaje: "Debe seleccionar un archivo .txt que contenga información para continuar." | J106: {=LEN(F106:G106)} -> 91 | K106: 154 | L106: =+J106+K106 -> 245
A107: POL_8214 /PortalEmpleado/ConsultaCentralCFDI | D107: 3 | E107: Selecciona el archivo(txt) mediante el explorador de Windows. | F107: El aplicativo ejecuta la consulta y arroja el resultado conforme a los UUID definidos en el archivo. | G107: Archivo TXT con distintos UUID | J107: {=LEN(F107:G107)} -> 104 | K107: 30 | L107: =+J107+K107 -> 134
A108: POL_8214 /PortalEmpleado/ConsultaCentralCFDI | D108: 4 | E108: Da clic en el botón Enviar | F108: El sistema realiza la petición y si contiene folios correctos los muestra en la sección de resultados: A. Casilla Acciones 1) Seleccionar. 2) Descargar 3) Recuperar Representacion Impresa. 4) Recuperar Representacion Impresa Carta Porte B. Datos de la Metadata del CFDI. • Folio Fiscal • RFC Emisor • Nombre o Razón Social del Emisor • RFC Receptor • Nombre o Razón Social del Receptor • Fecha de Emisión • Fecha de Certificación • Subtotal • Total • Estado del Comprobante • Efecto del Comprobante • Fecha de Cancelación • PAC que Certificó • Estatus de Cancelación • Estatus de Proceso de Cancelación • Fecha de Solicitud de la cancelación • Motivo • Folio de sustitución • RFC a cuenta de terceros C. Botones: Para la consulta Masiva UUID cuando el resultado contiene mas de un folio fiscal se mostrarán los botones: 1) Descargar seleccionados XML 2) Exportar resultados a PDF 3) Exportar resultados a CSV Cuando el resultado solo contiene un resultado se mostrarán los botones: 1. Exportar resultados a PDF 2. Exportar resultados a CSV | G108: • La consulta masiva esta limitada a 1,000 registros de UUID. • El servicio solo permite la consulta a través de archivos de texto plano (.txt) • Si el sistema no encuentra folios válidos ver el caso de prueba CP29 | J108: {=LEN(F108:G108)} -> 1046 | K108: 219 | L108: =+J108+K108 -> 1265
A109: POL_8214 /PortalEmpleado/ConsultaCentralCFDI | D109: 5 | E109: Selecciona un folio fiscal (UUID) de la tabla “Resultados” | F109: En la columna de acciones se desplegaran los botones • Descargar • Recuperar Representación Impresa • Recuperar RI Complemento Carta Porte (Condicional) | J109: {=LEN(F109:G109)} -> 156 | K109: 0 | L109: =+J109+K109 -> 156
A110: POL_8214 /PortalEmpleado/ConsultaCentralCFDI | D110: 6 | E110: Da clic en el la opción Recuperar Representación Impresa | F110: El sistema muestra la representación impresa del comprobante | G110: La descarga se realiza uno a uno, contemplando el límite diario establecido para los archivos PDF en su RI. (Aplica las Reglas de Negocio 07, 08 y 14) | J110: {=LEN(F110:G110)} -> 60 | K110: 150 | L110: =+J110+K110 -> 210
A111: POL_8214 /PortalEmpleado/ConsultaCentralCFDI | D111: 7 | E111: Da clic en Cerrar Sesión | F111: Cierra la aplicación y se direcciona a la pantalla de autenticación. | J111: {=LEN(F111:G111)} -> 68 | K111: 0 | L111: =+J111+K111 -> 68
...

Sheet Devops
C19: Test Case | D19: =IF('Casos de Prueba'!B19<>0,'Casos de Prueba'!B19&"-"&_xlfn.SINGLE('Casos de Prueba'!C19),"") -> CP01-Busqueda/Folio Fiscal | E19: =IF(LEN($D19)>0,"",'Casos de Prueba'!D19) | F19: =IF(LEN($C19)>0,"",'Casos de Prueba'!E19) | G19: =IF(LEN($C19)>0,"",'Casos de Prueba'!F19) | H19: =IF(LEN($C19)>0,"",'Casos de Prueba'!G19&CHAR(10)&'Casos de Prueba'!H19)
D20: =IF('Casos de Prueba'!B20<>0,'Casos de Prueba'!B20&"-"&_xlfn.SINGLE('Casos de Prueba'!C20),"") | E20: =IF(LEN($C20)>0,"",'Casos de Prueba'!D20) -> 1 | F20: =IF(LEN($C20)>0,"",'Casos de Prueba'!E20) -> Usuario ingresa al Portal Empleados Consulta Central | G20: =IF(LEN($C20)>0,"",'Casos de Prueba'!F20&CHAR(10)&'Casos de Prueba'!G20) -> El sistema muestra las siguientes opciones de búsqueda: - Folio Fiscal - Masiva UUID - Fecha Inicial y Final de Emisión El Usuario previamente se autenticó y accedió al portal Empleados-Consulta Central | H20: =+LEN(G20) -> 204
D21: =IF('Casos de Prueba'!B21<>0,'Casos de Prueba'!B21&"-"&_xlfn.SINGLE('Casos de Prueba'!C21),"") | E21: =IF(LEN($D21)>0,"",'Casos de Prueba'!D21) -> 2 | F21: =IF(LEN($C21)>0,"",'Casos de Prueba'!E21) -> Selecciona la opción Folio Fiscal | G21: =IF(LEN($C21)>0,"",'Casos de Prueba'!F21&CHAR(10)&'Casos de Prueba'!G21) -> El sistema muestra cuadro de texto para incorporar el número de Folio Fiscal que se requiere buscar. Al seleccionar el botón de folio fiscal se deben deshabilitar los campos de la sección Fecha Inicial y Final de Emisión (Aplica la Regla de Negocio 01) | H21: =+LEN(G21) -> 254
D22: =IF('Casos de Prueba'!B22<>0,'Casos de Prueba'!B22&"-"&_xlfn.SINGLE('Casos de Prueba'!C22),"") | E22: =IF(LEN($D22)>0,"",'Casos de Prueba'!D22) -> 3 | F22: =IF(LEN($C22)>0,"",'Casos de Prueba'!E22) -> Ingresa los datos del Folio Fiscal | G22: =IF(LEN($C22)>0,"",'Casos de Prueba'!F22&CHAR(10)&'Casos de Prueba'!G22) -> El sistema muestra los datos que se van ingresando del folio fiscal | H22: =+LEN(G22) -> 69
D23: =IF('Casos de Prueba'!B23<>0,'Casos de Prueba'!B23&"-"&_xlfn.SINGLE('Casos de Prueba'!C23),"") | E23: =IF(LEN($D23)>0,"",'Casos de Prueba'!D23) -> 4 | F23: =IF(LEN($C23)>0,"",'Casos de Prueba'!E23) -> Da clic en el botón buscar CFDI | G23: =IF(LEN($C23)>0,"",'Casos de Prueba'!F23&CHAR(10)&'Casos de Prueba'!G23) -> Si la petición es correcta, el sistema muestra: A. Casilla Acciones 1) Seleccionar. 2) Descargar. 3) Recuperar Representación Impresa. 4) Recuperar Representacion Impresa Carta Porte. B. Datos de la Metadata del CFDI. • Folio Fiscal • RFC Emisor • Nombre o Razón Social del Emisor • RFC Receptor • Nombre o Razón Social del Receptor • Fecha de Emisión • Fecha de Certificación • Subtotal • Total • Estado del Comprobante • Efecto del Comprobante • Fecha de Cancelación • PAC que Certificó • Estatus de Cancelación • Estatus de Proceso de Cancelación • Fecha de Solicitud de la cancelación • Motivo • Folio de sustitución • RFC a cuenta de terceros C. Botones: 1) Descargar Metadata. 2) Exportar Resultados a PDF. 3) Exportar Resultados a CSV. El aplicativo debe realizar la búsqueda de todas las versiones del CFDI (3.2, 3.3 y 4.0), de acuerdo a los criterios de búsqueda seleccionados previamente. En caso de no encontrar información ir al Caso de Prueba "Sin Resultados" En una consulta por Folio fiscal o cuando se realice la c onsulta por periodo de fecha y el resultado sea uno: (Aplica la Regla de Negocio 15) *Descargar metadata *Exportar Resultados a PDF *Exportar Resultados a CSV | H23: =+LEN(G23) -> 1201
D24: =IF('Casos de Prueba'!B24<>0,'Casos de Prueba'!B24&"-"&_xlfn.SINGLE('Casos de Prueba'!C24),"") | E24: =IF(LEN($D24)>0,"",'Casos de Prueba'!D24) -> 5 | F24: =IF(LEN($C24)>0,"",'Casos de Prueba'!E24) -> Da clic en cerrar sesión | G24: =IF(LEN($C24)>0,"",'Casos de Prueba'!F24&CHAR(10)&'Casos de Prueba'!G24) -> Cierra la aplicación y se direcciona a la pantalla de autenticación. | H24: =+LEN(G24) -> 69
D25: =IF('Casos de Prueba'!B25<>0,'Casos de Prueba'!B25&"-"&_xlfn.SINGLE('Casos de Prueba'!C25),"") -> CP02-Busqueda/RFC Emisor | E25: =IF(LEN($D25)>0,"",'Casos de Prueba'!D25) | G25: =IF(LEN($C25)>0,"",'Casos de Prueba'!F25&CHAR(10)&'Casos de Prueba'!G25) | H25: =+LEN(G25) -> 1
D26: =IF('Casos de Prueba'!B26<>0,'Casos de Prueba'!B26&"-"&_xlfn.SINGLE('Casos de Prueba'!C26),"") | E26: =IF(LEN($D26)>0,"",'Casos de Prueba'!D26) -> 1 | F26: =IF(LEN($C26)>0,"",'Casos de Prueba'!E26) -> Usuario ingresa al Portal Empleados Consulta Central | G26: =IF(LEN($C26)>0,"",'Casos de Prueba'!F26&CHAR(10)&'Casos de Prueba'!G26) -> El sistema muestra las siguientes opciones de búsqueda: - Folio Fiscal - Masiva UUID - Fecha Inicial y Final de Emisión El Usuario previamente se autenticó y accedió al portal Empleados-Consulta Central | H26: =+LEN(G26) -> 204
D27: =IF('Casos de Prueba'!B27<>0,'Casos de Prueba'!B27&"-"&_xlfn.SINGLE('Casos de Prueba'!C27),"") | E27: =IF(LEN($D27)>0,"",'Casos de Prueba'!D27) -> 2 | F27: =IF(LEN($C27)>0,"",'Casos de Prueba'!E27) -> Selecciona la opción Fecha Inicial y Final de Emisión | G27: =IF(LEN($C27)>0,"",'Casos de Prueba'!F27&CHAR(10)&'Casos de Prueba'!G27) -> El sistema habilita los siguientes campos: • Fecha Inicial de Emisión (*). • Fecha Final de Emisión (*). • RFC Emisor. • RFC Receptor. • RFC a cuenta terceros. • Tipo de Comprobante. • Estado del Comprobante. • Tipo de Comprobante (Complemento) (RN17). • Estatus Cancelación (Campo condicional). | H27: =+LEN(G27) -> 296
D28: =IF('Casos de Prueba'!B28<>0,'Casos de Prueba'!B28&"-"&_xlfn.SINGLE('Casos de Prueba'!C28),"") | E28: =IF(LEN($D28)>0,"",'Casos de Prueba'!D28) -> 3 | F28: =IF(LEN($C28)>0,"",'Casos de Prueba'!E28) -> Ingresa los datos: • Fecha Inicial de Emisión (*). • Fecha Final de Emisión (*). • RFC Emisor. • RFC Receptor. • RFC a cuenta de terceros. • Tipo de Comprobante. • Estado del Comprobante. • Tipo de Comprobante (Complemento) (RN17). • Estatus Cancelación (Campo condicional). Campo obligarorio (*) Nota: Para realizar la búsqueda se debe proporcionar al menos un RFC como parámetro de búsqueda(RFC Emisor, RFC Receptor o RFC a cuenta terceros | G28: =IF(LEN($C28)>0,"",'Casos de Prueba'!F28&CHAR(10)&'Casos de Prueba'!G28) -> El sistema muestra los datos que se van ingresando . | H28: =+LEN(G28) -> 53
D29: =IF('Casos de Prueba'!B29<>0,'Casos de Prueba'!B29&"-"&_xlfn.SINGLE('Casos de Prueba'!C29),"") | E29: =IF(LEN($D29)>0,"",'Casos de Prueba'!D29) -> 4 | F29: =IF(LEN($C29)>0,"",'Casos de Prueba'!E29) -> Da clic en el botón buscar CFDI | G29: =IF(LEN($C29)>0,"",'Casos de Prueba'!F29&CHAR(10)&'Casos de Prueba'!G29) -> Si la petición es correcta, el sistema muestra: A. Casilla Acciones 1) Seleccionar. 2) Descargar 3) Recuperar Representacion Impresa. 4) Recuperar Representacion Impresa Carta Porte. B. Datos de la Metadata del CFDI. • Folio Fiscal • RFC Emisor • Nombre o Razón Social del Emisor • RFC Receptor • Nombre o Razón Social del Receptor • Fecha de Emisión • Fecha de Certificación • Subtotal • Total • Estado del Comprobante • Efecto del Comprobante • Fecha de Cancelación • PAC que Certificó • Estatus de Cancelación • Estatus de Proceso de Cancelación • Fecha de Solicitud de la cancelación • Motivo • Folio de sustitución • RFC a cuenta de terceros C. Botones: 1) Descargar Seleccionados XML. 2) Descargas RI. 3) Descargar Metadata. 4) Exportar Resultados a PDF. 5) Exportar Resultados a CSV. D. Paginador. En una consulta por Folio fiscal o cuando se realice la c onsulta por periodo de fecha y el resultado sea uno: (Aplica la Regla de Negocio 15) *Descargar metadata *Exportar Resultados a PDF *Exportar Resultados a CSV | H29: =+LEN(G29) -> 1031
D30: =IF('Casos de Prueba'!B30<>0,'Casos de Prueba'!B30&"-"&_xlfn.SINGLE('Casos de Prueba'!C30),"") | E30: =IF(LEN($D30)>0,"",'Casos de Prueba'!D30) -> 5 | F30: =IF(LEN($C30)>0,"",'Casos de Prueba'!E30) -> Da clic en cerrar sesión | G30: =IF(LEN($C30)>0,"",'Casos de Prueba'!F30&CHAR(10)&'Casos de Prueba'!G30) -> Cierra la aplicación y se direcciona a la pantalla de autenticación. | H30: =+LEN(G30) -> 69
D31: =IF('Casos de Prueba'!B31<>0,'Casos de Prueba'!B31&"-"&_xlfn.SINGLE('Casos de Prueba'!C31),"") -> CP03-Busqueda/RFC Receptor | E31: =IF(LEN($D31)>0,"",'Casos de Prueba'!D31) | G31: =IF(LEN($C31)>0,"",'Casos de Prueba'!F31&CHAR(10)&'Casos de Prueba'!G31) | H31: =+LEN(G31) -> 1
D32: =IF('Casos de Prueba'!B32<>0,'Casos de Prueba'!B32&"-"&_xlfn.SINGLE('Casos de Prueba'!C32),"") | E32: =IF(LEN($D32)>0,"",'Casos de Prueba'!D32) -> 1 | F32: =IF(LEN($C32)>0,"",'Casos de Prueba'!E32) -> Usuario ingresa al Portal Empleados Consulta Central | G32: =IF(LEN($C32)>0,"",'Casos de Prueba'!F32&CHAR(10)&'Casos de Prueba'!G32) -> El sistema muestra las siguientes opciones de búsqueda: - Folio Fiscal - Masiva UUID - Fecha Inicial y Final de Emisión El Usuario previamente se autenticó y accedió al portal Empleados-Consulta Central | H32: =+LEN(G32) -> 204
D33: =IF('Casos de Prueba'!B33<>0,'Casos de Prueba'!B33&"-"&_xlfn.SINGLE('Casos de Prueba'!C33),"") | E33: =IF(LEN($D33)>0,"",'Casos de Prueba'!D33) -> 2 | F33: =IF(LEN($C33)>0,"",'Casos de Prueba'!E33) -> Selecciona la opción Fecha Inicial y Final de Emisión | G33: =IF(LEN($C33)>0,"",'Casos de Prueba'!F33&CHAR(10)&'Casos de Prueba'!G33) -> El sistema habilita los siguientes campos: • Fecha Inicial de Emisión (*). • Fecha Final de Emisión (*). • RFC Emisor. • RFC Receptor. • RFC a cuenta de terceros. • Tipo de Comprobante. • Estado del Comprobante. • Tipo de Comprobante (Complemento) (RN17). • Estatus Cancelación (Campo condicional). | H33: =+LEN(G33) -> 299
D34: =IF('Casos de Prueba'!B34<>0,'Casos de Prueba'!B34&"-"&_xlfn.SINGLE('Casos de Prueba'!C34),"") | E34: =IF(LEN($D34)>0,"",'Casos de Prueba'!D34) -> 3 | F34: =IF(LEN($C34)>0,"",'Casos de Prueba'!E34) -> Ingresa los datos: • Fecha Inicial de Emisión (*). • Fecha Final de Emisión (*). • RFC Emisor. • RFC Receptor. • RFC a cuenta de terceros. • Tipo de Comprobante. • Estado del Comprobante. • Tipo de Comprobante (Complemento) (RN17). • Estatus Cancelación (Campo condicional). Campo obligarorio (*) Nota: Para realizar la búsqueda se debe proporcionar al menos un RFC como parámetro de búsqueda(RFC Emisor, RFC Receptor o RFC a cuenta terceros | G34: =IF(LEN($C34)>0,"",'Casos de Prueba'!F34&CHAR(10)&'Casos de Prueba'!G34) -> El sistema muestra los datos que se van ingresando . | H34: =+LEN(G34) -> 53
D35: =IF('Casos de Prueba'!B35<>0,'Casos de Prueba'!B35&"-"&_xlfn.SINGLE('Casos de Prueba'!C35),"") | E35: =IF(LEN($D35)>0,"",'Casos de Prueba'!D35) -> 4 | F35: =IF(LEN($C35)>0,"",'Casos de Prueba'!E35) -> Da clic en el botón buscar CFDI | G35: =IF(LEN($C35)>0,"",'Casos de Prueba'!F35&CHAR(10)&'Casos de Prueba'!G35) -> Si la petición es correcta, el sistema muestra: A. Casilla Acciones 1) Seleccionar. 2) Descargar 3) Recuperar Representacion Impresa. 4) Recuperar Representacion Impresa Carta Porte. B. Datos de la Metadata del CFDI. • Folio Fiscal • RFC Emisor • Nombre o Razón Social del Emisor • RFC Receptor • Nombre o Razón Social del Receptor • Fecha de Emisión • Fecha de Certificación • Subtotal • Total • Estado del Comprobante • Efecto del Comprobante • Fecha de Cancelación • PAC que Certificó • Estatus de Cancelación • Estatus de Proceso de Cancelación • Fecha de Solicitud de la cancelación • Motivo • Folio de sustitución • RFC a cuenta de terceros C. Botones: 1) Descargar Seleccionados XML. 2) Descargas RI. 3) Descargar Metadata. 4) Exportar Resultados a PDF. 5) Exportar Resultados a CSV. D. Paginador. En una consulta por Folio fiscal o cuando se realice la c onsulta por periodo de fecha y el resultado sea uno: (Aplica la Regla de Negocio 15) *Descargar metadata *Exportar Resultados a PDF *Exportar Resultados a CSV | H35: =+LEN(G35) -> 1031
D36: =IF('Casos de Prueba'!B36<>0,'Casos de Prueba'!B36&"-"&_xlfn.SINGLE('Casos de Prueba'!C36),"") | E36: =IF(LEN($D36)>0,"",'Casos de Prueba'!D36) -> 5 | F36: =IF(LEN($C36)>0,"",'Casos de Prueba'!E36) -> Da clic en cerrar sesión | G36: =IF(LEN($C36)>0,"",'Casos de Prueba'!F36&CHAR(10)&'Casos de Prueba'!G36) -> Cierra la aplicación y se direcciona a la pantalla de autenticación. | H36: =+LEN(G36) -> 69
D37: =IF('Casos de Prueba'!B37<>0,'Casos de Prueba'!B37&"-"&_xlfn.SINGLE('Casos de Prueba'!C37),"") -> CP04-Busqueda/RFC Tercero | E37: =IF(LEN($D37)>0,"",'Casos de Prueba'!D37) | G37: =IF(LEN($C37)>0,"",'Casos de Prueba'!F37&CHAR(10)&'Casos de Prueba'!G37) | H37: =+LEN(G37) -> 1
D38: =IF('Casos de Prueba'!B38<>0,'Casos de Prueba'!B38&"-"&_xlfn.SINGLE('Casos de Prueba'!C38),"") | E38: =IF(LEN($D38)>0,"",'Casos de Prueba'!D38) -> 1 | F38: =IF(LEN($C38)>0,"",'Casos de Prueba'!E38) -> Usuario ingresa al Portal Empleados Consulta Central | G38: =IF(LEN($C38)>0,"",'Casos de Prueba'!F38&CHAR(10)&'Casos de Prueba'!G38) -> El sistema muestra las siguientes opciones de búsqueda: - Folio Fiscal - Masiva UUID - Fecha Inicial y Final de Emisión El Usuario previamente se autenticó y accedió al portal Empleados-Consulta Central | H38: =+LEN(G38) -> 204
D39: =IF('Casos de Prueba'!B39<>0,'Casos de Prueba'!B39&"-"&_xlfn.SINGLE('Casos de Prueba'!C39),"") | E39: =IF(LEN($D39)>0,"",'Casos de Prueba'!D39) -> 2 | F39: =IF(LEN($C39)>0,"",'Casos de Prueba'!E39) -> Selecciona la opción Fecha Inicial y Final de Emisión | G39: =IF(LEN($C39)>0,"",'Casos de Prueba'!F39&CHAR(10)&'Casos de Prueba'!G39) -> El sistema habilita los siguientes campos: • Fecha Inicial de Emisión (*). • Fecha Final de Emisión (*). • RFC Emisor. • RFC Receptor. • RFC a cuenta de terceros. • Tipo de Comprobante. • Estado del Comprobante. • Tipo de Comprobante (Complemento) (RN17). • Estatus Cancelación (Campo condicional). | H39: =+LEN(G39) -> 299
D40: =IF('Casos de Prueba'!B40<>0,'Casos de Prueba'!B40&"-"&_xlfn.SINGLE('Casos de Prueba'!C40),"") | E40: =IF(LEN($D40)>0,"",'Casos de Prueba'!D40) -> 3 | F40: =IF(LEN($C40)>0,"",'Casos de Prueba'!E40) -> Ingresa los datos: • Fecha Inicial de Emisión (*). • Fecha Final de Emisión (*). • RFC Emisor. • RFC Receptor. • RFC a cuenta de terceros. • Tipo de Comprobante. • Estado del Comprobante. • Tipo de Comprobante (Complemento) (RN17). • Estatus Cancelación (Campo condicional). Campo obligarorio (*) Nota: Para realizar la búsqueda se debe proporcionar al menos un RFC como parámetro de búsqueda(RFC Emisor, RFC Receptor o RFC a cuenta terceros | G40: =IF(LEN($C40)>0,"",'Casos de Prueba'!F40&CHAR(10)&'Casos de Prueba'!G40) -> El sistema muestra los datos que se van ingresando . | H40: =+LEN(G40) -> 53
D41: =IF('Casos de Prueba'!B41<>0,'Casos de Prueba'!B41&"-"&_xlfn.SINGLE('Casos de Prueba'!C41),"") | E41: =IF(LEN($D41)>0,"",'Casos de Prueba'!D41) -> 4 | F41: =IF(LEN($C41)>0,"",'Casos de Prueba'!E41) -> Da clic en el botón buscar CFDI | G41: =IF(LEN($C41)>0,"",'Casos de Prueba'!F41&CHAR(10)&'Casos de Prueba'!G41) -> Si la petición es correcta, el sistema muestra: A. Casilla Acciones 1) Seleccionar. 2) Descargar 3) Recuperar Representacion Impresa. 4) Recuperar Representacion Impresa Carta Porte. B. Datos de la Metadata del CFDI. • Folio Fiscal • RFC Emisor • Nombre o Razón Social del Emisor • RFC Receptor • Nombre o Razón Social del Receptor • Fecha de Emisión • Fecha de Certificación • Subtotal • Total • Estado del Comprobante • Efecto del Comprobante • Fecha de Cancelación • PAC que Certificó • Estatus de Cancelación • Estatus de Proceso de Cancelación • Fecha de Solicitud de la cancelación • Motivo • Folio de sustitución • RFC a cuenta de terceros C. Botones: 1) Descargar Seleccionados XML. 2) Descargas RI. 3) Descargar Metadata. 4) Exportar Resultados a PDF. 5) Exportar Resultados a CSV. D. Paginador. En una consulta por Folio fiscal o cuando se realice la c onsulta por periodo de fecha y el resultado sea uno: (Aplica la Regla de Negocio 15) *Descargar metadata *Exportar Resultados a PDF *Exportar Resultados a CSV | H41: =+LEN(G41) -> 1031
D42: =IF('Casos de Prueba'!B42<>0,'Casos de Prueba'!B42&"-"&_xlfn.SINGLE('Casos de Prueba'!C42),"") | E42: =IF(LEN($D42)>0,"",'Casos de Prueba'!D42) -> 5 | F42: =IF(LEN($C42)>0,"",'Casos de Prueba'!E42) -> Da clic en cerrar sesión | G42: =IF(LEN($C42)>0,"",'Casos de Prueba'!F42&CHAR(10)&'Casos de Prueba'!G42) -> Cierra la aplicación y se direcciona a la pantalla de autenticación. | H42: =+LEN(G42) -> 69
D43: =IF('Casos de Prueba'!B43<>0,'Casos de Prueba'!B43&"-"&_xlfn.SINGLE('Casos de Prueba'!C43),"") -> CP05-Sin Resultados | E43: =IF(LEN($D43)>0,"",'Casos de Prueba'!D43) | G43: =IF(LEN($C43)>0,"",'Casos de Prueba'!F43&CHAR(10)&'Casos de Prueba'!G43) | H43: =+LEN(G43) -> 1
D44: =IF('Casos de Prueba'!B44<>0,'Casos de Prueba'!B44&"-"&_xlfn.SINGLE('Casos de Prueba'!C44),"") | E44: =IF(LEN($D44)>0,"",'Casos de Prueba'!D44) -> 1 | F44: =IF(LEN($C44)>0,"",'Casos de Prueba'!E44) -> Da clic en el botón buscar | G44: =IF(LEN($C44)>0,"",'Casos de Prueba'!F44&CHAR(10)&'Casos de Prueba'!G44) -> En caso de que no se encuentre información con los parámetros de búsqueda ingresados, el sistema muestra el siguiente mensaje: “No existen registros que cumplan con los criterios de búsqueda ingresados, intentar nuevamente” Viene de los Casos de Prueba: - CP01_ConsultaCentral_CFDI_Búsqueda/Folio Fiscal - CP02_ConsultaCentral_CFDI_Búsqueda/RFCEmisor - CP03_ConsultaCentral_CFDI_Búsqueda/RFCReceptor - CP04_ConsultaCentral_CFDI_Búsqueda/RFCTercero | H44: =+LEN(G44) -> 449
D45: =IF('Casos de Prueba'!B45<>0,'Casos de Prueba'!B45&"-"&_xlfn.SINGLE('Casos de Prueba'!C45),"") | E45: =IF(LEN($D45)>0,"",'Casos de Prueba'!D45) -> 2 | F45: =IF(LEN($C45)>0,"",'Casos de Prueba'!E45) -> Da clic en cerrar sesión | G45: =IF(LEN($C45)>0,"",'Casos de Prueba'!F45&CHAR(10)&'Casos de Prueba'!G45) -> Cierra la aplicación y se direcciona a la pantalla de autenticación. | H45: =+LEN(G45) -> 69
D46: =IF('Casos de Prueba'!B46<>0,'Casos de Prueba'!B46&"-"&_xlfn.SINGLE('Casos de Prueba'!C46),"") -> CP06-Busqueda/Masiva UUID | E46: =IF(LEN($D46)>0,"",'Casos de Prueba'!D46) | G46: =IF(LEN($C46)>0,"",'Casos de Prueba'!F46&CHAR(10)&'Casos de Prueba'!G46) | H46: =+LEN(G46) -> 1
D47: =IF('Casos de Prueba'!B47<>0,'Casos de Prueba'!B47&"-"&_xlfn.SINGLE('Casos de Prueba'!C47),"") | E47: =IF(LEN($D47)>0,"",'Casos de Prueba'!D47) -> 1 | F47: =IF(LEN($C47)>0,"",'Casos de Prueba'!E47) -> Usuario ingresa al Portal Empleados Consulta Central | G47: =IF(LEN($C47)>0,"",'Casos de Prueba'!F47&CHAR(10)&'Casos de Prueba'!G47) -> El sistema muestra las siguientes opciones de búsqueda: - Folio Fiscal - Masiva UUID - Fecha Inicial y Final de Emisión El Usuario previamente se autenticó y accedió al portal Empleados-Consulta Central | H47: =+LEN(G47) -> 204
D48: =IF('Casos de Prueba'!B48<>0,'Casos de Prueba'!B48&"-"&_xlfn.SINGLE('Casos de Prueba'!C48),"") | E48: =IF(LEN($D48)>0,"",'Casos de Prueba'!D48) -> 2 | F48: =IF(LEN($C48)>0,"",'Casos de Prueba'!E48) -> Selecciona la opción Masiva UUID | G48: =IF(LEN($C48)>0,"",'Casos de Prueba'!F48&CHAR(10)&'Casos de Prueba'!G48) -> El sistema muestra las siguientes opciones de búsqueda: - *Seleccionar Archivo Botón Enviar En caso de no seleccionar un archivo El sistema muestra el siguiente mensaje: "Debe seleccionar un archivo .txt que contenga información para continuar." | H48: =+LEN(G48) -> 246
D49: =IF('Casos de Prueba'!B49<>0,'Casos de Prueba'!B49&"-"&_xlfn.SINGLE('Casos de Prueba'!C49),"") | E49: =IF(LEN($D49)>0,"",'Casos de Prueba'!D49) -> 3 | F49: =IF(LEN($C49)>0,"",'Casos de Prueba'!E49) -> Selecciona el archivo(txt) mediante el explorador de Windows. | G49: =IF(LEN($C49)>0,"",'Casos de Prueba'!F49&CHAR(10)&'Casos de Prueba'!G49) -> El aplicativo ejecuta la consulta y arroja el resultado conforme a los UUID definidos en el archivo. Archivo TXT con distintos UUID | H49: =+LEN(G49) -> 135
D50: =IF('Casos de Prueba'!B50<>0,'Casos de Prueba'!B50&"-"&_xlfn.SINGLE('Casos de Prueba'!C50),"") | E50: =IF(LEN($D50)>0,"",'Casos de Prueba'!D50) -> 4 | F50: =IF(LEN($C50)>0,"",'Casos de Prueba'!E50) -> Da clic en el botón Enviar | G50: =IF(LEN($C50)>0,"",'Casos de Prueba'!F50&CHAR(10)&'Casos de Prueba'!G50) -> El sistema realiza la petición y si contiene folios correctos los muestra en la sección de resultados: A. Casilla Acciones 1) Seleccionar. 2) Descargar 3) Recuperar Representacion Impresa. 4) Recuperar Representacion Impresa Carta Porte B. Datos de la Metadata del CFDI. • Folio Fiscal • RFC Emisor • Nombre o Razón Social del Emisor • RFC Receptor • Nombre o Razón Social del Receptor • Fecha de Emisión • Fecha de Certificación • Subtotal • Total • Estado del Comprobante • Efecto del Comprobante • Fecha de Cancelación • PAC que Certificó • Estatus de Cancelación • Estatus de Proceso de Cancelación • Fecha de Solicitud de la cancelación • Motivo • Folio de sustitución • RFC a cuenta de terceros C. Botones: Para la consulta Masiva UUID cuando el resultado contiene mas de un folio fiscal se mostrarán los botones: 1) Descargar seleccionados XML 2) Exportar resultados a PDF 3) Exportar resultados a CSV Cuando el resultado solo contiene un resultado se mostrarán los botones: 1. Exportar resultados a PDF 2. Exportar resultados a CSV • La consulta masiva esta limitada a 1,000 registros de UUID. • El servicio solo permite la consulta a través de archivos de texto plano (.txt) • Si el sistema no encuentra folios válidos ver el caso de prueba CP28 | H50: =+LEN(G50) -> 1265
D51: =IF('Casos de Prueba'!B51<>0,'Casos de Prueba'!B51&"-"&_xlfn.SINGLE('Casos de Prueba'!C51),"") | E51: =IF(LEN($D51)>0,"",'Casos de Prueba'!D51) -> 5 | F51: =IF(LEN($C51)>0,"",'Casos de Prueba'!E51) -> Da clic en Cerrar Sesión | G51: =IF(LEN($C51)>0,"",'Casos de Prueba'!F51&CHAR(10)&'Casos de Prueba'!G51) -> Cierra la aplicación y se direcciona a la pantalla de autenticación. | H51: =+LEN(G51) -> 69
D52: =IF('Casos de Prueba'!B52<>0,'Casos de Prueba'!B52&"-"&_xlfn.SINGLE('Casos de Prueba'!C52),"") -> CP07-Folio Fiscal/Acuse de cancelación | E52: =IF(LEN($D52)>0,"",'Casos de Prueba'!D52) | G52: =IF(LEN($C52)>0,"",'Casos de Prueba'!F52&CHAR(10)&'Casos de Prueba'!G52) | H52: =+LEN(G52) -> 1
D53: =IF('Casos de Prueba'!B53<>0,'Casos de Prueba'!B53&"-"&_xlfn.SINGLE('Casos de Prueba'!C53),"") | E53: =IF(LEN($D53)>0,"",'Casos de Prueba'!D53) -> 1 | F53: =IF(LEN($C53)>0,"",'Casos de Prueba'!E53) -> Usuario ingresa al Portal Empleados Consulta Central | G53: =IF(LEN($C53)>0,"",'Casos de Prueba'!F53&CHAR(10)&'Casos de Prueba'!G53) -> El sistema muestra las siguientes opciones de búsqueda: - Folio Fiscal - Masiva UUID - Fecha Inicial y Final de Emisión El Usuario previamente se autenticó y accedió al portal Empleados-Consulta Central | H53: =+LEN(G53) -> 204
D54: =IF('Casos de Prueba'!B54<>0,'Casos de Prueba'!B54&"-"&_xlfn.SINGLE('Casos de Prueba'!C54),"") | E54: =IF(LEN($D54)>0,"",'Casos de Prueba'!D54) -> 2 | F54: =IF(LEN($C54)>0,"",'Casos de Prueba'!E54) -> Selecciona la opción Folio Fiscal | G54: =IF(LEN($C54)>0,"",'Casos de Prueba'!F54&CHAR(10)&'Casos de Prueba'!G54) -> El sistema muestra cuadro de texto para incorporar el número de Folio Fiscal que se requiere buscar. Al seleccionar el botón de folio fiscal se deben deshabilitar los campos de la sección Fecha Inicial y Final de Emisión (Aplica la Regla de Negocio 01) | H54: =+LEN(G54) -> 254
D55: =IF('Casos de Prueba'!B55<>0,'Casos de Prueba'!B55&"-"&_xlfn.SINGLE('Casos de Prueba'!C55),"") | E55: =IF(LEN($D55)>0,"",'Casos de Prueba'!D55) -> 3 | F55: =IF(LEN($C55)>0,"",'Casos de Prueba'!E55) -> Ingresa los datos del Folio Fiscal | G55: =IF(LEN($C55)>0,"",'Casos de Prueba'!F55&CHAR(10)&'Casos de Prueba'!G55) -> El sistema muestra los datos que se van ingresando del folio fiscal | H55: =+LEN(G55) -> 69
D56: =IF('Casos de Prueba'!B56<>0,'Casos de Prueba'!B56&"-"&_xlfn.SINGLE('Casos de Prueba'!C56),"") | E56: =IF(LEN($D56)>0,"",'Casos de Prueba'!D56) -> 4 | F56: =IF(LEN($C56)>0,"",'Casos de Prueba'!E56) -> Da clic en el botón buscar CFDI | G56: =IF(LEN($C56)>0,"",'Casos de Prueba'!F56&CHAR(10)&'Casos de Prueba'!G56) -> Si la petición es correcta, el sistema muestra: A. Casilla Acciones 1) Seleccionar. 2) Descargar. 3) Recuperar Representación Impresa. 4) Recuperar Representacion Impresa Carta Porte. B. Datos de la Metadata del CFDI. • Folio Fiscal • RFC Emisor • Nombre o Razón Social del Emisor • RFC Receptor • Nombre o Razón Social del Receptor • Fecha de Emisión • Fecha de Certificación • Subtotal • Total • Estado del Comprobante • Efecto del Comprobante • Fecha de Cancelación • PAC que Certificó • Estatus de Cancelación • Estatus de Proceso de Cancelación • Fecha de Solicitud de la cancelación • Motivo • Folio de sustitución • RFC a cuenta de terceros C. Botones: 1) Descargar Metadata. 2) Exportar Resultados a PDF. 3) Exportar Resultados a CSV. El aplicativo debe realizar la búsqueda de todas las versiones del CFDI (3.2, 3.3 y 4.0), de acuerdo a los criterios de búsqueda seleccionados previamente. En caso de no encontrar información ir al Caso de Prueba "Sin Resultados" En una consulta por Folio fiscal o cuando se realice la c onsulta por periodo de fecha y el resultado sea uno: (Aplica la Regla de Negocio 15) *Descargar metadata *Exportar Resultados a PDF *Exportar Resultados a CSV | H56: =+LEN(G56) -> 1201
D57: =IF('Casos de Prueba'!B57<>0,'Casos de Prueba'!B57&"-"&_xlfn.SINGLE('Casos de Prueba'!C57),"") | E57: =IF(LEN($D57)>0,"",'Casos de Prueba'!D57) -> 5 | F57: =IF(LEN($C57)>0,"",'Casos de Prueba'!E57) -> El usuario selecciona un folio fiscal (UUID) de la tabla “Resultados” y ubica la columna “Estado del Comprobante” que tenga el valor “Cancelado” y da clic en el hipervinculo para descargar el acuse de cancelación | G57: =IF(LEN($C57)>0,"",'Casos de Prueba'!F57&CHAR(10)&'Casos de Prueba'!G57) -> El sistema abre una ventana emergente y comienza con la descarga del acuse de cancelación en formato PDF. - Datos del Acuse de Cancelación de CFDI • Folio Fiscal • RFC Receptor • RFC Emisor • Estado CFDI • Estado Cancelación • Motivo Cancelación • Número de serie de la e.firma o CSD (RN21) • Fecha de Solicitud de Cancelación (RN19) • Mensaje de Error • Fecha • Sello digital SAT Esta opción solo será visible en la columna “Estado del Comprobante, cuando exista una solicitud de la cancelación asociada al CFDI. Se podrá realizar la descarga del acuse en formato PDF, recuperando el acuse con el estatus final. | H57: =+LEN(G57) -> 613
D58: =IF('Casos de Prueba'!B58<>0,'Casos de Prueba'!B58&"-"&_xlfn.SINGLE('Casos de Prueba'!C58),"") | E58: =IF(LEN($D58)>0,"",'Casos de Prueba'!D58) -> 6 | F58: =IF(LEN($C58)>0,"",'Casos de Prueba'!E58) -> Da clic en cerrar sesión | G58: =IF(LEN($C58)>0,"",'Casos de Prueba'!F58&CHAR(10)&'Casos de Prueba'!G58) -> Cierra la aplicación y se direcciona a la pantalla de autenticación. | H58: =+LEN(G58) -> 69
D59: =IF('Casos de Prueba'!B59<>0,'Casos de Prueba'!B59&"-"&_xlfn.SINGLE('Casos de Prueba'!C59),"") -> CP08-RFC Emisor/Acuse de Cancelación | E59: =IF(LEN($D59)>0,"",'Casos de Prueba'!D59) | G59: =IF(LEN($C59)>0,"",'Casos de Prueba'!F59&CHAR(10)&'Casos de Prueba'!G59) | H59: =+LEN(G59) -> 1
D60: =IF('Casos de Prueba'!B60<>0,'Casos de Prueba'!B60&"-"&_xlfn.SINGLE('Casos de Prueba'!C60),"") | E60: =IF(LEN($D60)>0,"",'Casos de Prueba'!D60) -> 1 | F60: =IF(LEN($C60)>0,"",'Casos de Prueba'!E60) -> Usuario ingresa al Portal Empleados Consulta Central | G60: =IF(LEN($C60)>0,"",'Casos de Prueba'!F60&CHAR(10)&'Casos de Prueba'!G60) -> El sistema muestra las siguientes opciones de búsqueda: - Folio Fiscal - Masiva UUID - Fecha Inicial y Final de Emisión El Usuario previamente se autenticó y accedió al portal Empleados-Consulta Central | H60: =+LEN(G60) -> 204
D61: =IF('Casos de Prueba'!B61<>0,'Casos de Prueba'!B61&"-"&_xlfn.SINGLE('Casos de Prueba'!C61),"") | E61: =IF(LEN($D61)>0,"",'Casos de Prueba'!D61) -> 2 | F61: =IF(LEN($C61)>0,"",'Casos de Prueba'!E61) -> Selecciona la opción Fecha Inicial y Final de Emisión | G61: =IF(LEN($C61)>0,"",'Casos de Prueba'!F61&CHAR(10)&'Casos de Prueba'!G61) -> El sistema habilita los siguientes campos: • Fecha Inicial de Emisión (*). • Fecha Final de Emisión (*). • RFC Emisor. • RFC Receptor. • RFC a cuenta de terceros. • Tipo de Comprobante. • Estado del Comprobante. • Tipo de Comprobante (Complemento) (RN17). • Estatus Cancelación (Campo condicional). | H61: =+LEN(G61) -> 299
D62: =IF('Casos de Prueba'!B62<>0,'Casos de Prueba'!B62&"-"&_xlfn.SINGLE('Casos de Prueba'!C62),"") | E62: =IF(LEN($D62)>0,"",'Casos de Prueba'!D62) -> 3 | F62: =IF(LEN($C62)>0,"",'Casos de Prueba'!E62) -> Ingresa los datos: • Fecha Inicial de Emisión (*). • Fecha Final de Emisión (*). • RFC Emisor. • RFC Receptor. • RFC a cuenta de terceros. • Tipo de Comprobante. • Estado del Comprobante. • Tipo de Comprobante (Complemento) (RN17). • Estatus Cancelación (Campo condicional). Campo obligarorio (*) Nota: Para realizar la búsqueda se debe proporcionar al menos un RFC como parámetro de búsqueda(RFC Emisor, RFC Receptor o RFC a cuenta terceros | G62: =IF(LEN($C62)>0,"",'Casos de Prueba'!F62&CHAR(10)&'Casos de Prueba'!G62) -> El sistema muestra los datos que se van ingresando . | H62: =+LEN(G62) -> 53
D63: =IF('Casos de Prueba'!B63<>0,'Casos de Prueba'!B63&"-"&_xlfn.SINGLE('Casos de Prueba'!C63),"") | E63: =IF(LEN($D63)>0,"",'Casos de Prueba'!D63) -> 4 | F63: =IF(LEN($C63)>0,"",'Casos de Prueba'!E63) -> Da clic en el botón buscar CFDI | G63: =IF(LEN($C63)>0,"",'Casos de Prueba'!F63&CHAR(10)&'Casos de Prueba'!G63) -> Si la petición es correcta, el sistema muestra: A. Casilla Acciones 1) Seleccionar. 2) Descargar 3) Recuperar Representacion Impresa. 4) Recuperar Representacion Impresa Carta Porte. B. Datos de la Metadata del CFDI. • Folio Fiscal • RFC Emisor • Nombre o Razón Social del Emisor • RFC Receptor • Nombre o Razón Social del Receptor • Fecha de Emisión • Fecha de Certificación • Subtotal • Total • Estado del Comprobante • Efecto del Comprobante • Fecha de Cancelación • PAC que Certificó • Estatus de Cancelación • Estatus de Proceso de Cancelación • Fecha de Solicitud de la cancelación • Motivo • Folio de sustitución • RFC a cuenta de terceros C. Botones: 1) Descargar Seleccionados XML. 2) Descargas RI. 3) Descargar Metadata. 4) Exportar Resultados a PDF. 5) Exportar Resultados a CSV. D. Paginador. En una consulta por Folio fiscal o cuando se realice la c onsulta por periodo de fecha y el resultado sea uno: (Aplica la Regla de Negocio 15) * Descargar metadata *Exportar Resultados a PDF *Exportar Resultados a CSV | H63: =+LEN(G63) -> 1032
D64: =IF('Casos de Prueba'!B64<>0,'Casos de Prueba'!B64&"-"&_xlfn.SINGLE('Casos de Prueba'!C64),"") | E64: =IF(LEN($D64)>0,"",'Casos de Prueba'!D64) -> 5 | F64: =IF(LEN($C64)>0,"",'Casos de Prueba'!E64) -> El usuario selecciona un folio fiscal (UUID) de la tabla “Resultados” y ubica la columna “Estado del Comprobante” que tenga el valor “Cancelado” y da clic en el hipervinculo para descargar el acuse de cancelación | G64: =IF(LEN($C64)>0,"",'Casos de Prueba'!F64&CHAR(10)&'Casos de Prueba'!G64) -> El sistema abre una ventana emergente y comienza con la descarga del acuse de cancelación en formato PDF. - Datos del Acuse de Cancelación de CFDI • Folio Fiscal • RFC Receptor • RFC Emisor • Estado CFDI • Estado Cancelación • Motivo Cancelación • Número de serie de la e.firma o CSD (RN21) • Fecha de Solicitud de Cancelación (RN19) • Mensaje de Error • Fecha • Sello digital SAT Esta opción solo será visible en la columna “Estado del Comprobante, cuando exista una solicitud de la cancelación asociada al CFDI. Se podrá realizar la descarga del acuse en formato PDF, recuperando el acuse con el estatus final. | H64: =+LEN(G64) -> 613
D65: =IF('Casos de Prueba'!B65<>0,'Casos de Prueba'!B65&"-"&_xlfn.SINGLE('Casos de Prueba'!C65),"") | E65: =IF(LEN($D65)>0,"",'Casos de Prueba'!D65) -> 6 | F65: =IF(LEN($C65)>0,"",'Casos de Prueba'!E65) -> Da clic en cerrar sesión | G65: =IF(LEN($C65)>0,"",'Casos de Prueba'!F65&CHAR(10)&'Casos de Prueba'!G65) -> Cierra la aplicación y se direcciona a la pantalla de autenticación. | H65: =+LEN(G65) -> 69
D66: =IF('Casos de Prueba'!B66<>0,'Casos de Prueba'!B66&"-"&_xlfn.SINGLE('Casos de Prueba'!C66),"") -> CP09-RFC Receptor/Acuse de Cancelación | E66: =IF(LEN($D66)>0,"",'Casos de Prueba'!D66) | G66: =IF(LEN($C66)>0,"",'Casos de Prueba'!F66&CHAR(10)&'Casos de Prueba'!G66) | H66: =+LEN(G66) -> 1
D67: =IF('Casos de Prueba'!B67<>0,'Casos de Prueba'!B67&"-"&_xlfn.SINGLE('Casos de Prueba'!C67),"") | E67: =IF(LEN($D67)>0,"",'Casos de Prueba'!D67) -> 1 | F67: =IF(LEN($C67)>0,"",'Casos de Prueba'!E67) -> Usuario ingresa al Portal Empleados Consulta Central | G67: =IF(LEN($C67)>0,"",'Casos de Prueba'!F67&CHAR(10)&'Casos de Prueba'!G67) -> El sistema muestra las siguientes opciones de búsqueda: - Folio Fiscal - Masiva UUID - Fecha Inicial y Final de Emisión El Usuario previamente se autenticó y accedió al portal Empleados-Consulta Central | H67: =+LEN(G67) -> 204
D68: =IF('Casos de Prueba'!B68<>0,'Casos de Prueba'!B68&"-"&_xlfn.SINGLE('Casos de Prueba'!C68),"") | E68: =IF(LEN($D68)>0,"",'Casos de Prueba'!D68) -> 2 | F68: =IF(LEN($C68)>0,"",'Casos de Prueba'!E68) -> Selecciona la opción Fecha Inicial y Final de Emisión | G68: =IF(LEN($C68)>0,"",'Casos de Prueba'!F68&CHAR(10)&'Casos de Prueba'!G68) -> El sistema habilita los siguientes campos: • Fecha Inicial de Emisión (*). • Fecha Final de Emisión (*). • RFC Emisor. • RFC Receptor. • RFC a cuenta de terceros. • Tipo de Comprobante. • Estado del Comprobante. • Tipo de Comprobante (Complemento) (RN17). • Estatus Cancelación (Campo condicional). | H68: =+LEN(G68) -> 299
D69: =IF('Casos de Prueba'!B69<>0,'Casos de Prueba'!B69&"-"&_xlfn.SINGLE('Casos de Prueba'!C69),"") | E69: =IF(LEN($D69)>0,"",'Casos de Prueba'!D69) -> 3 | F69: =IF(LEN($C69)>0,"",'Casos de Prueba'!E69) -> Ingresa los datos: • Fecha Inicial de Emisión (*). • Fecha Final de Emisión (*). • RFC Emisor. • RFC Receptor. • RFC a cuenta de terceros. • Tipo de Comprobante. • Estado del Comprobante. • Tipo de Comprobante (Complemento) (RN17). • Estatus Cancelación (Campo condicional). Campo obligarorio (*) Nota: Para realizar la búsqueda se debe proporcionar al menos un RFC como parámetro de búsqueda(RFC Emisor, RFC Receptor o RFC a cuenta terceros | G69: =IF(LEN($C69)>0,"",'Casos de Prueba'!F69&CHAR(10)&'Casos de Prueba'!G69) -> El sistema muestra los datos que se van ingresando . | H69: =+LEN(G69) -> 53
D70: =IF('Casos de Prueba'!B70<>0,'Casos de Prueba'!B70&"-"&_xlfn.SINGLE('Casos de Prueba'!C70),"") | E70: =IF(LEN($D70)>0,"",'Casos de Prueba'!D70) -> 4 | F70: =IF(LEN($C70)>0,"",'Casos de Prueba'!E70) -> Da clic en el botón buscar CFDI | G70: =IF(LEN($C70)>0,"",'Casos de Prueba'!F70&CHAR(10)&'Casos de Prueba'!G70) -> Si la petición es correcta, el sistema muestra: A. Casilla Acciones 1) Seleccionar. 2) Descargar 3) Recuperar Representacion Impresa. 4) Recuperar Representacion Impresa Carta Porte. B. Datos de la Metadata del CFDI. • Folio Fiscal • RFC Emisor • Nombre o Razón Social del Emisor • RFC Receptor • Nombre o Razón Social del Receptor • Fecha de Emisión • Fecha de Certificación • Subtotal • Total • Estado del Comprobante • Efecto del Comprobante • Fecha de Cancelación • PAC que Certificó • Estatus de Cancelación • Estatus de Proceso de Cancelación • Fecha de Solicitud de la cancelación • Motivo • Folio de sustitución • RFC a cuenta de terceros C. Botones: 1) Descargar Seleccionados XML. 2) Descargas RI. 3) Descargar Metadata. 4) Exportar Resultados a PDF. 5) Exportar Resultados a CSV. D. Paginador. En una consulta por Folio fiscal o cuando se realice la c onsulta por periodo de fecha y el resultado sea uno: (Aplica la Regla de Negocio 15) * Descargar metadata *Exportar Resultados a PDF *Exportar Resultados a CSV | H70: =+LEN(G70) -> 1032
D71: =IF('Casos de Prueba'!B71<>0,'Casos de Prueba'!B71&"-"&_xlfn.SINGLE('Casos de Prueba'!C71),"") | E71: =IF(LEN($D71)>0,"",'Casos de Prueba'!D71) -> 5 | F71: =IF(LEN($C71)>0,"",'Casos de Prueba'!E71) -> El usuario selecciona un folio fiscal (UUID) de la tabla “Resultados” y ubica la columna “Estado del Comprobante” que tenga el valor “Cancelado” y da clic en el hipervinculo para descargar el acuse de cancelación | G71: =IF(LEN($C71)>0,"",'Casos de Prueba'!F71&CHAR(10)&'Casos de Prueba'!G71) -> El sistema abre una ventana emergente y comienza con la descarga del acuse de cancelación en formato PDF. - Datos del Acuse de Cancelación de CFDI • Folio Fiscal • RFC Receptor • RFC Emisor • Estado CFDI • Estado Cancelación • Motivo Cancelación • Número de serie de la e.firma o CSD (RN21) • Fecha de Solicitud de Cancelación (RN19) • Mensaje de Error • Fecha • Sello digital SAT Esta opción solo será visible en la columna “Estado del Comprobante, cuando exista una solicitud de la cancelación asociada al CFDI. Se podrá realizar la descarga del acuse en formato PDF, recuperando el acuse con el estatus final. | H71: =+LEN(G71) -> 613
D72: =IF('Casos de Prueba'!B72<>0,'Casos de Prueba'!B72&"-"&_xlfn.SINGLE('Casos de Prueba'!C72),"") | E72: =IF(LEN($D72)>0,"",'Casos de Prueba'!D72) -> 6 | F72: =IF(LEN($C72)>0,"",'Casos de Prueba'!E72) -> Da clic en cerrar sesión | G72: =IF(LEN($C72)>0,"",'Casos de Prueba'!F72&CHAR(10)&'Casos de Prueba'!G72) -> Cierra la aplicación y se direcciona a la pantalla de autenticación. | H72: =+LEN(G72) -> 69
D73: =IF('Casos de Prueba'!B73<>0,'Casos de Prueba'!B73&"-"&_xlfn.SINGLE('Casos de Prueba'!C73),"") -> CP10-Masiva UUID/Acuse de Cancelación | E73: =IF(LEN($D73)>0,"",'Casos de Prueba'!D73) | G73: =IF(LEN($C73)>0,"",'Casos de Prueba'!F73&CHAR(10)&'Casos de Prueba'!G73) | H73: =+LEN(G73) -> 1
D74: =IF('Casos de Prueba'!B74<>0,'Casos de Prueba'!B74&"-"&_xlfn.SINGLE('Casos de Prueba'!C74),"") | E74: =IF(LEN($D74)>0,"",'Casos de Prueba'!D74) -> 1 | F74: =IF(LEN($C74)>0,"",'Casos de Prueba'!E74) -> Usuario ingresa al Portal Empleados Consulta Central | G74: =IF(LEN($C74)>0,"",'Casos de Prueba'!F74&CHAR(10)&'Casos de Prueba'!G74) -> El sistema muestra las siguientes opciones de búsqueda: - Folio Fiscal - Masiva UUID - Fecha Inicial y Final de Emisión El Usuario previamente se autenticó y accedió al portal Empleados-Consulta Central | H74: =+LEN(G74) -> 204
D75: =IF('Casos de Prueba'!B75<>0,'Casos de Prueba'!B75&"-"&_xlfn.SINGLE('Casos de Prueba'!C75),"") | E75: =IF(LEN($D75)>0,"",'Casos de Prueba'!D75) -> 2 | F75: =IF(LEN($C75)>0,"",'Casos de Prueba'!E75) -> Selecciona la opción Masiva UUID | G75: =IF(LEN($C75)>0,"",'Casos de Prueba'!F75&CHAR(10)&'Casos de Prueba'!G75) -> El sistema muestra las siguientes opciones de búsqueda: - *Seleccionar Archivo Botón Enviar En caso de no seleccionar un archivo El sistema muestra el siguiente mensaje: "Debe seleccionar un archivo .txt que contenga información para continuar." | H75: =+LEN(G75) -> 246
D76: =IF('Casos de Prueba'!B76<>0,'Casos de Prueba'!B76&"-"&_xlfn.SINGLE('Casos de Prueba'!C76),"") | E76: =IF(LEN($D76)>0,"",'Casos de Prueba'!D76) -> 3 | F76: =IF(LEN($C76)>0,"",'Casos de Prueba'!E76) -> Selecciona el archivo(txt) mediante el explorador de Windows. | G76: =IF(LEN($C76)>0,"",'Casos de Prueba'!F76&CHAR(10)&'Casos de Prueba'!G76) -> El aplicativo ejecuta la consulta y arroja el resultado conforme a los UUID definidos en el archivo. Archivo TXT con distintos UUID | H76: =+LEN(G76) -> 135
D77: =IF('Casos de Prueba'!B77<>0,'Casos de Prueba'!B77&"-"&_xlfn.SINGLE('Casos de Prueba'!C77),"") | E77: =IF(LEN($D77)>0,"",'Casos de Prueba'!D77) -> 4 | F77: =IF(LEN($C77)>0,"",'Casos de Prueba'!E77) -> Da clic en el botón Enviar | G77: =IF(LEN($C77)>0,"",'Casos de Prueba'!F77&CHAR(10)&'Casos de Prueba'!G77) -> El sistema realiza la petición y si contiene folios correctos los muestra en la sección de resultados: A. Casilla Acciones 1) Seleccionar. 2) Descargar 3) Recuperar Representacion Impresa. 4) Recuperar Representacion Impresa Carta Porte B. Datos de la Metadata del CFDI. • Folio Fiscal • RFC Emisor • Nombre o Razón Social del Emisor • RFC Receptor • Nombre o Razón Social del Receptor • Fecha de Emisión • Fecha de Certificación • Subtotal • Total • Estado del Comprobante • Efecto del Comprobante • Fecha de Cancelación • PAC que Certificó • Estatus de Cancelación • Estatus de Proceso de Cancelación • Fecha de Solicitud de la cancelación • Motivo • Folio de sustitución • RFC a cuenta de terceros C. Botones: Para la consulta Masiva UUID cuando el resultado contiene mas de un folio fiscal se mostrarán los botones: 1) Descargar seleccionados XML 2) Exportar resultados a PDF 3) Exportar resultados a CSV Cuando el resultado solo contiene un resultado se mostrarán los botones: 1. Exportar resultados a PDF 2. Exportar resultados a CSV • La consulta masiva esta limitada a 1,000 registros de UUID. • El servicio solo permite la consulta a través de archivos de texto plano (.txt) • Si el sistema no encuentra folios válidos ver el caso de prueba CP29 | H77: =+LEN(G77) -> 1266
D78: =IF('Casos de Prueba'!B78<>0,'Casos de Prueba'!B78&"-"&_xlfn.SINGLE('Casos de Prueba'!C78),"") | E78: =IF(LEN($D78)>0,"",'Casos de Prueba'!D78) -> 5 | F78: =IF(LEN($C78)>0,"",'Casos de Prueba'!E78) -> El usuario selecciona un folio fiscal (UUID) de la tabla “Resultados” y ubica la columna “Estado del Comprobante” que tenga el valor “Cancelado” y da clic en el hipervinculo para descargar el acuse de cancelación | G78: =IF(LEN($C78)>0,"",'Casos de Prueba'!F78&CHAR(10)&'Casos de Prueba'!G78) -> El sistema abre una ventana emergente y comienza con la descarga del acuse de cancelación en formato PDF. - Datos del Acuse de Cancelación de CFDI • Folio Fiscal • RFC Receptor • RFC Emisor • Estado CFDI • Estado Cancelación • Motivo Cancelación • Número de serie de la e.firma o CSD (RN21) • Fecha de Solicitud de Cancelación (RN19) • Mensaje de Error • Fecha • Sello digital SAT Esta opción solo será visible en la columna “Estado del Comprobante, cuando exista una solicitud de la cancelación asociada al CFDI. Se podrá realizar la descarga del acuse en formato PDF, recuperando el acuse con el estatus final. | H78: =+LEN(G78) -> 613
D79: =IF('Casos de Prueba'!B79<>0,'Casos de Prueba'!B79&"-"&_xlfn.SINGLE('Casos de Prueba'!C79),"") | E79: =IF(LEN($D79)>0,"",'Casos de Prueba'!D79) -> 6 | F79: =IF(LEN($C79)>0,"",'Casos de Prueba'!E79) -> Da clic en cerrar sesión | G79: =IF(LEN($C79)>0,"",'Casos de Prueba'!F79&CHAR(10)&'Casos de Prueba'!G79) -> Cierra la aplicación y se direcciona a la pantalla de autenticación. | H79: =+LEN(G79) -> 69
D80: =IF('Casos de Prueba'!B80<>0,'Casos de Prueba'!B80&"-"&_xlfn.SINGLE('Casos de Prueba'!C80),"") -> CP11-Folio Fiscal/Descargar RI | E80: =IF(LEN($D80)>0,"",'Casos de Prueba'!D80) | G80: =IF(LEN($C80)>0,"",'Casos de Prueba'!F80&CHAR(10)&'Casos de Prueba'!G80) | H80: =+LEN(G80) -> 1
D81: =IF('Casos de Prueba'!B81<>0,'Casos de Prueba'!B81&"-"&_xlfn.SINGLE('Casos de Prueba'!C81),"") | E81: =IF(LEN($D81)>0,"",'Casos de Prueba'!D81) -> 1 | F81: =IF(LEN($C81)>0,"",'Casos de Prueba'!E81) -> Usuario ingresa al Portal Empleados Consulta Central | G81: =IF(LEN($C81)>0,"",'Casos de Prueba'!F81&CHAR(10)&'Casos de Prueba'!G81) -> El sistema muestra las siguientes opciones de búsqueda: - Folio Fiscal - Masiva UUID - Fecha Inicial y Final de Emisión El Usuario previamente se autenticó y accedió al portal Empleados-Consulta Central | H81: =+LEN(G81) -> 204
D82: =IF('Casos de Prueba'!B82<>0,'Casos de Prueba'!B82&"-"&_xlfn.SINGLE('Casos de Prueba'!C82),"") | E82: =IF(LEN($D82)>0,"",'Casos de Prueba'!D82) -> 2 | F82: =IF(LEN($C82)>0,"",'Casos de Prueba'!E82) -> Selecciona la opción Folio Fiscal | G82: =IF(LEN($C82)>0,"",'Casos de Prueba'!F82&CHAR(10)&'Casos de Prueba'!G82) -> El sistema muestra cuadro de texto para incorporar el número de Folio Fiscal que se requiere buscar. Al seleccionar el botón de folio fiscal se deben deshabilitar los campos de la sección Fecha Inicial y Final de Emisión (Aplica la Regla de Negocio 01) | H82: =+LEN(G82) -> 254
D83: =IF('Casos de Prueba'!B83<>0,'Casos de Prueba'!B83&"-"&_xlfn.SINGLE('Casos de Prueba'!C83),"") | E83: =IF(LEN($D83)>0,"",'Casos de Prueba'!D83) -> 3 | F83: =IF(LEN($C83)>0,"",'Casos de Prueba'!E83) -> Ingresa los datos del Folio Fiscal | G83: =IF(LEN($C83)>0,"",'Casos de Prueba'!F83&CHAR(10)&'Casos de Prueba'!G83) -> El sistema muestra los datos que se van ingresando del folio fiscal | H83: =+LEN(G83) -> 69
D84: =IF('Casos de Prueba'!B84<>0,'Casos de Prueba'!B84&"-"&_xlfn.SINGLE('Casos de Prueba'!C84),"") | E84: =IF(LEN($D84)>0,"",'Casos de Prueba'!D84) -> 4 | F84: =IF(LEN($C84)>0,"",'Casos de Prueba'!E84) -> Da clic en el botón buscar CFDI | G84: =IF(LEN($C84)>0,"",'Casos de Prueba'!F84&CHAR(10)&'Casos de Prueba'!G84) -> Si la petición es correcta, el sistema muestra: A. Casilla Acciones 1) Seleccionar. 2) Descargar. 3) Recuperar Representación Impresa. 4) Recuperar Representacion Impresa Carta Porte. B. Datos de la Metadata del CFDI. • Folio Fiscal • RFC Emisor • Nombre o Razón Social del Emisor • RFC Receptor • Nombre o Razón Social del Receptor • Fecha de Emisión • Fecha de Certificación • Subtotal • Total • Estado del Comprobante • Efecto del Comprobante • Fecha de Cancelación • PAC que Certificó • Estatus de Cancelación • Estatus de Proceso de Cancelación • Fecha de Solicitud de la cancelación • Motivo • Folio de sustitución • RFC a cuenta de terceros C. Botones: 1) Descargar Metadata. 2) Exportar Resultados a PDF. 3) Exportar Resultados a CSV. El aplicativo debe realizar la búsqueda de todas las versiones del CFDI (3.2, 3.3 y 4.0), de acuerdo a los criterios de búsqueda seleccionados previamente. En caso de no encontrar información ir al Caso de Prueba "Sin Resultados" En una consulta por Folio fiscal o cuando se realice la c onsulta por periodo de fecha y el resultado sea uno: (Aplica la Regla de Negocio 15) * Descargar metadata *Exportar Resultados a PDF *Exportar Resultados a CSV | H84: =+LEN(G84) -> 1202
D85: =IF('Casos de Prueba'!B85<>0,'Casos de Prueba'!B85&"-"&_xlfn.SINGLE('Casos de Prueba'!C85),"") | E85: =IF(LEN($D85)>0,"",'Casos de Prueba'!D85) -> 5 | F85: =IF(LEN($C85)>0,"",'Casos de Prueba'!E85) -> Selecciona un folio fiscal (UUID) de la tabla “Resultados” | G85: =IF(LEN($C85)>0,"",'Casos de Prueba'!F85&CHAR(10)&'Casos de Prueba'!G85) -> En la columna de acciones se desplegaran los botones • Descargar • Recuperar Representación Impresa • Recuperar RI Complemento Carta Porte (Condicional) | H85: =+LEN(G85) -> 157
D86: =IF('Casos de Prueba'!B86<>0,'Casos de Prueba'!B86&"-"&_xlfn.SINGLE('Casos de Prueba'!C86),"") | E86: =IF(LEN($D86)>0,"",'Casos de Prueba'!D86) -> 6 | F86: =IF(LEN($C86)>0,"",'Casos de Prueba'!E86) -> Da clic en el la opción Recuperar Representación Impresa | G86: =IF(LEN($C86)>0,"",'Casos de Prueba'!F86&CHAR(10)&'Casos de Prueba'!G86) -> El sistema muestra la representación impresa del comprobante La descarga se realiza uno a uno, contemplando el límite diario establecido para los archivos PDF en su RI. (Aplica las Reglas de Negocio 07, 08 y 14) | H86: =+LEN(G86) -> 211
D87: =IF('Casos de Prueba'!B87<>0,'Casos de Prueba'!B87&"-"&_xlfn.SINGLE('Casos de Prueba'!C87),"") | E87: =IF(LEN($D87)>0,"",'Casos de Prueba'!D87) -> 7 | F87: =IF(LEN($C87)>0,"",'Casos de Prueba'!E87) -> Da clic en cerrar sesión | G87: =IF(LEN($C87)>0,"",'Casos de Prueba'!F87&CHAR(10)&'Casos de Prueba'!G87) -> Cierra la aplicación y se direcciona a la pantalla de autenticación. | H87: =+LEN(G87) -> 69
D88: =IF('Casos de Prueba'!B88<>0,'Casos de Prueba'!B88&"-"&_xlfn.SINGLE('Casos de Prueba'!C88),"") -> CP12-RFC Emisor/Descargar RI | E88: =IF(LEN($D88)>0,"",'Casos de Prueba'!D88) | G88: =IF(LEN($C88)>0,"",'Casos de Prueba'!F88&CHAR(10)&'Casos de Prueba'!G88) | H88: =+LEN(G88) -> 1
D89: =IF('Casos de Prueba'!B89<>0,'Casos de Prueba'!B89&"-"&_xlfn.SINGLE('Casos de Prueba'!C89),"") | E89: =IF(LEN($D89)>0,"",'Casos de Prueba'!D89) -> 1 | F89: =IF(LEN($C89)>0,"",'Casos de Prueba'!E89) -> Usuario ingresa al Portal Empleados Consulta Central | G89: =IF(LEN($C89)>0,"",'Casos de Prueba'!F89&CHAR(10)&'Casos de Prueba'!G89) -> El sistema muestra las siguientes opciones de búsqueda: - Folio Fiscal - Masiva UUID - Fecha Inicial y Final de Emisión El Usuario previamente se autenticó y accedió al portal Empleados-Consulta Central | H89: =+LEN(G89) -> 204
D90: =IF('Casos de Prueba'!B90<>0,'Casos de Prueba'!B90&"-"&_xlfn.SINGLE('Casos de Prueba'!C90),"") | E90: =IF(LEN($D90)>0,"",'Casos de Prueba'!D90) -> 2 | F90: =IF(LEN($C90)>0,"",'Casos de Prueba'!E90) -> Selecciona la opción Fecha Inicial y Final de Emisión | G90: =IF(LEN($C90)>0,"",'Casos de Prueba'!F90&CHAR(10)&'Casos de Prueba'!G90) -> El sistema habilita los siguientes campos: • Fecha Inicial de Emisión (*). • Fecha Final de Emisión (*). • RFC Emisor. • RFC Receptor. • RFC a cuenta de terceros. • Tipo de Comprobante. • Estado del Comprobante. • Tipo de Comprobante (Complemento) (RN17). • Estatus Cancelación (Campo condicional). | H90: =+LEN(G90) -> 299
D91: =IF('Casos de Prueba'!B91<>0,'Casos de Prueba'!B91&"-"&_xlfn.SINGLE('Casos de Prueba'!C91),"") | E91: =IF(LEN($D91)>0,"",'Casos de Prueba'!D91) -> 3 | F91: =IF(LEN($C91)>0,"",'Casos de Prueba'!E91) -> Ingresa los datos: • Fecha Inicial de Emisión (*). • Fecha Final de Emisión (*). • RFC Emisor. • RFC Receptor. • RFC a cuenta de terceros. • Tipo de Comprobante. • Estado del Comprobante. • Tipo de Comprobante (Complemento) (RN17). • Estatus Cancelación (Campo condicional). Campo obligarorio (*) Nota: Para realizar la búsqueda se debe proporcionar al menos un RFC como parámetro de búsqueda(RFC Emisor, RFC Receptor o RFC a cuenta terceros | G91: =IF(LEN($C91)>0,"",'Casos de Prueba'!F91&CHAR(10)&'Casos de Prueba'!G91) -> El sistema muestra los datos que se van ingresando . | H91: =+LEN(G91) -> 53
D92: =IF('Casos de Prueba'!B92<>0,'Casos de Prueba'!B92&"-"&_xlfn.SINGLE('Casos de Prueba'!C92),"") | E92: =IF(LEN($D92)>0,"",'Casos de Prueba'!D92) -> 4 | F92: =IF(LEN($C92)>0,"",'Casos de Prueba'!E92) -> Da clic en el botón buscar CFDI | G92: =IF(LEN($C92)>0,"",'Casos de Prueba'!F92&CHAR(10)&'Casos de Prueba'!G92) -> Si la petición es correcta, el sistema muestra: A. Casilla Acciones 1) Seleccionar. 2) Descargar 3) Recuperar Representacion Impresa. 4) Recuperar Representacion Impresa Carta Porte. B. Datos de la Metadata del CFDI. • Folio Fiscal • RFC Emisor • Nombre o Razón Social del Emisor • RFC Receptor • Nombre o Razón Social del Receptor • Fecha de Emisión • Fecha de Certificación • Subtotal • Total • Estado del Comprobante • Efecto del Comprobante • Fecha de Cancelación • PAC que Certificó • Estatus de Cancelación • Estatus de Proceso de Cancelación • Fecha de Solicitud de la cancelación • Motivo • Folio de sustitución • RFC a cuenta de terceros C. Botones: 1) Descargar Seleccionados XML. 2) Descargas RI. 3) Descargar Metadata. 4) Exportar Resultados a PDF. 5) Exportar Resultados a CSV. D. Paginador. En una consulta por Folio fiscal o cuando se realice la c onsulta por periodo de fecha y el resultado sea uno: (Aplica la Regla de Negocio 15) *Descargar metadata *Exportar Resultados a PDF *Exportar Resultados a CSV | H92: =+LEN(G92) -> 1031
D93: =IF('Casos de Prueba'!B93<>0,'Casos de Prueba'!B93&"-"&_xlfn.SINGLE('Casos de Prueba'!C93),"") | E93: =IF(LEN($D93)>0,"",'Casos de Prueba'!D93) -> 5 | F93: =IF(LEN($C93)>0,"",'Casos de Prueba'!E93) -> Selecciona un folio fiscal (UUID) de la tabla “Resultados” | G93: =IF(LEN($C93)>0,"",'Casos de Prueba'!F93&CHAR(10)&'Casos de Prueba'!G93) -> En la columna de acciones se desplegaran los botones • Descargar • Recuperar Representación Impresa • Recuperar RI Complemento Carta Porte (Condicional) | H93: =+LEN(G93) -> 157
D94: =IF('Casos de Prueba'!B94<>0,'Casos de Prueba'!B94&"-"&_xlfn.SINGLE('Casos de Prueba'!C94),"") | E94: =IF(LEN($D94)>0,"",'Casos de Prueba'!D94) -> 6 | F94: =IF(LEN($C94)>0,"",'Casos de Prueba'!E94) -> Da clic en el la opción Recuperar Representación Impresa | G94: =IF(LEN($C94)>0,"",'Casos de Prueba'!F94&CHAR(10)&'Casos de Prueba'!G94) -> El sistema muestra la representación impresa del comprobante La descarga se realiza uno a uno, contemplando el límite diario establecido para los archivos PDF en su RI. (Aplica las Reglas de Negocio 07, 08 y 14) | H94: =+LEN(G94) -> 211
D95: =IF('Casos de Prueba'!B95<>0,'Casos de Prueba'!B95&"-"&_xlfn.SINGLE('Casos de Prueba'!C95),"") | E95: =IF(LEN($D95)>0,"",'Casos de Prueba'!D95) -> 7 | F95: =IF(LEN($C95)>0,"",'Casos de Prueba'!E95) -> Da clic en cerrar sesión | G95: =IF(LEN($C95)>0,"",'Casos de Prueba'!F95&CHAR(10)&'Casos de Prueba'!G95) -> Cierra la aplicación y se direcciona a la pantalla de autenticación. | H95: =+LEN(G95) -> 69
D96: =IF('Casos de Prueba'!B96<>0,'Casos de Prueba'!B96&"-"&_xlfn.SINGLE('Casos de Prueba'!C96),"") -> CP13-RFC Receptor/Descargar RI | E96: =IF(LEN($D96)>0,"",'Casos de Prueba'!D96) | G96: =IF(LEN($C96)>0,"",'Casos de Prueba'!F96&CHAR(10)&'Casos de Prueba'!G96) | H96: =+LEN(G96) -> 1
D97: =IF('Casos de Prueba'!B97<>0,'Casos de Prueba'!B97&"-"&_xlfn.SINGLE('Casos de Prueba'!C97),"") | E97: =IF(LEN($D97)>0,"",'Casos de Prueba'!D97) -> 1 | F97: =IF(LEN($C97)>0,"",'Casos de Prueba'!E97) -> Usuario ingresa al Portal Empleados Consulta Central | G97: =IF(LEN($C97)>0,"",'Casos de Prueba'!F97&CHAR(10)&'Casos de Prueba'!G97) -> El sistema muestra las siguientes opciones de búsqueda: - Folio Fiscal - Masiva UUID - Fecha Inicial y Final de Emisión El Usuario previamente se autenticó y accedió al portal Empleados-Consulta Central | H97: =+LEN(G97) -> 204
D98: =IF('Casos de Prueba'!B98<>0,'Casos de Prueba'!B98&"-"&_xlfn.SINGLE('Casos de Prueba'!C98),"") | E98: =IF(LEN($D98)>0,"",'Casos de Prueba'!D98) -> 2 | F98: =IF(LEN($C98)>0,"",'Casos de Prueba'!E98) -> Selecciona la opción Fecha Inicial y Final de Emisión | G98: =IF(LEN($C98)>0,"",'Casos de Prueba'!F98&CHAR(10)&'Casos de Prueba'!G98) -> El sistema habilita los siguientes campos: • Fecha Inicial de Emisión (*). • Fecha Final de Emisión (*). • RFC Emisor. • RFC Receptor. • RFC a cuenta de terceros. • Tipo de Comprobante. • Estado del Comprobante. • Tipo de Comprobante (Complemento) (RN17). • Estatus Cancelación (Campo condicional). | H98: =+LEN(G98) -> 299
D99: =IF('Casos de Prueba'!B99<>0,'Casos de Prueba'!B99&"-"&_xlfn.SINGLE('Casos de Prueba'!C99),"") | E99: =IF(LEN($D99)>0,"",'Casos de Prueba'!D99) -> 3 | F99: =IF(LEN($C99)>0,"",'Casos de Prueba'!E99) -> Ingresa los datos: • Fecha Inicial de Emisión (*). • Fecha Final de Emisión (*). • RFC Emisor. • RFC Receptor. • RFC a cuenta de terceros. • Tipo de Comprobante. • Estado del Comprobante. • Tipo de Comprobante (Complemento) (RN17). • Estatus Cancelación (Campo condicional). Campo obligarorio (*) Nota: Para realizar la búsqueda se debe proporcionar al menos un RFC como parámetro de búsqueda(RFC Emisor, RFC Receptor o RFC a cuenta terceros | G99: =IF(LEN($C99)>0,"",'Casos de Prueba'!F99&CHAR(10)&'Casos de Prueba'!G99) -> El sistema muestra los datos que se van ingresando . | H99: =+LEN(G99) -> 53
D100: =IF('Casos de Prueba'!B100<>0,'Casos de Prueba'!B100&"-"&_xlfn.SINGLE('Casos de Prueba'!C100),"") | E100: =IF(LEN($D100)>0,"",'Casos de Prueba'!D100) -> 4 | F100: =IF(LEN($C100)>0,"",'Casos de Prueba'!E100) -> Da clic en el botón buscar CFDI | G100: =IF(LEN($C100)>0,"",'Casos de Prueba'!F100&CHAR(10)&'Casos de Prueba'!G100) -> Si la petición es correcta, el sistema muestra: A. Casilla Acciones 1) Seleccionar. 2) Descargar 3) Recuperar Representacion Impresa. 4) Recuperar Representacion Impresa Carta Porte. B. Datos de la Metadata del CFDI. • Folio Fiscal • RFC Emisor • Nombre o Razón Social del Emisor • RFC Receptor • Nombre o Razón Social del Receptor • Fecha de Emisión • Fecha de Certificación • Subtotal • Total • Estado del Comprobante • Efecto del Comprobante • Fecha de Cancelación • PAC que Certificó • Estatus de Cancelación • Estatus de Proceso de Cancelación • Fecha de Solicitud de la cancelación • Motivo • Folio de sustitución • RFC a cuenta de terceros C. Botones: 1) Descargar Seleccionados XML. 2) Descargas RI. 3) Descargar Metadata. 4) Exportar Resultados a PDF. 5) Exportar Resultados a CSV. D. Paginador. En una consulta por Folio fiscal o cuando se realice la c onsulta por periodo de fecha y el resultado sea uno: (Aplica la Regla de Negocio 15) * Descargar metadata *Exportar Resultados a PDF *Exportar Resultados a CSV | H100: =+LEN(G100) -> 1032
D101: =IF('Casos de Prueba'!B101<>0,'Casos de Prueba'!B101&"-"&_xlfn.SINGLE('Casos de Prueba'!C101),"") | E101: =IF(LEN($D101)>0,"",'Casos de Prueba'!D101) -> 5 | F101: =IF(LEN($C101)>0,"",'Casos de Prueba'!E101) -> Selecciona un folio fiscal (UUID) de la tabla “Resultados” | G101: =IF(LEN($C101)>0,"",'Casos de Prueba'!F101&CHAR(10)&'Casos de Prueba'!G101) -> En la columna de acciones se desplegaran los botones • Descargar • Recuperar Representación Impresa • Recuperar RI Complemento Carta Porte (Condicional) | H101: =+LEN(G101) -> 157
D102: =IF('Casos de Prueba'!B102<>0,'Casos de Prueba'!B102&"-"&_xlfn.SINGLE('Casos de Prueba'!C102),"") | E102: =IF(LEN($D102)>0,"",'Casos de Prueba'!D102) -> 6 | F102: =IF(LEN($C102)>0,"",'Casos de Prueba'!E102) -> Da clic en el la opción Recuperar Representación Impresa | G102: =IF(LEN($C102)>0,"",'Casos de Prueba'!F102&CHAR(10)&'Casos de Prueba'!G102) -> El sistema muestra la representación impresa del comprobante La descarga se realiza uno a uno, contemplando el límite diario establecido para los archivos PDF en su RI. (Aplica las Reglas de Negocio 07, 08 y 14) | H102: =+LEN(G102) -> 211
D103: =IF('Casos de Prueba'!B103<>0,'Casos de Prueba'!B103&"-"&_xlfn.SINGLE('Casos de Prueba'!C103),"") | E103: =IF(LEN($D103)>0,"",'Casos de Prueba'!D103) -> 7 | F103: =IF(LEN($C103)>0,"",'Casos de Prueba'!E103) -> Da clic en cerrar sesión | G103: =IF(LEN($C103)>0,"",'Casos de Prueba'!F103&CHAR(10)&'Casos de Prueba'!G103) -> Cierra la aplicación y se direcciona a la pantalla de autenticación. | H103: =+LEN(G103) -> 69
D104: =IF('Casos de Prueba'!B104<>0,'Casos de Prueba'!B104&"-"&_xlfn.SINGLE('Casos de Prueba'!C104),"") -> CP14-Masiva UUID/Descargar RI | E104: =IF(LEN($D104)>0,"",'Casos de Prueba'!D104) | G104: =IF(LEN($C104)>0,"",'Casos de Prueba'!F104&CHAR(10)&'Casos de Prueba'!G104) | H104: =+LEN(G104) -> 1
D105: =IF('Casos de Prueba'!B105<>0,'Casos de Prueba'!B105&"-"&_xlfn.SINGLE('Casos de Prueba'!C105),"") | E105: =IF(LEN($D105)>0,"",'Casos de Prueba'!D105) -> 1 | F105: =IF(LEN($C105)>0,"",'Casos de Prueba'!E105) -> Usuario ingresa al Portal Empleados Consulta Central | G105: =IF(LEN($C105)>0,"",'Casos de Prueba'!F105&CHAR(10)&'Casos de Prueba'!G105) -> El sistema muestra las siguientes opciones de búsqueda: - Folio Fiscal - Masiva UUID - Fecha Inicial y Final de Emisión El Usuario previamente se autenticó y accedió al portal Empleados-Consulta Central | H105: =+LEN(G105) -> 204
D106: =IF('Casos de Prueba'!B106<>0,'Casos de Prueba'!B106&"-"&_xlfn.SINGLE('Casos de Prueba'!C106),"") | E106: =IF(LEN($D106)>0,"",'Casos de Prueba'!D106) -> 2 | F106: =IF(LEN($C106)>0,"",'Casos de Prueba'!E106) -> Selecciona la opción Masiva UUID | G106: =IF(LEN($C106)>0,"",'Casos de Prueba'!F106&CHAR(10)&'Casos de Prueba'!G106) -> El sistema muestra las siguientes opciones de búsqueda: - *Seleccionar Archivo Botón Enviar En caso de no seleccionar un archivo El sistema muestra el siguiente mensaje: "Debe seleccionar un archivo .txt que contenga información para continuar." | H106: =+LEN(G106) -> 246
D107: =IF('Casos de Prueba'!B107<>0,'Casos de Prueba'!B107&"-"&_xlfn.SINGLE('Casos de Prueba'!C107),"") | E107: =IF(LEN($D107)>0,"",'Casos de Prueba'!D107) -> 3 | F107: =IF(LEN($C107)>0,"",'Casos de Prueba'!E107) -> Selecciona el archivo(txt) mediante el explorador de Windows. | G107: =IF(LEN($C107)>0,"",'Casos de Prueba'!F107&CHAR(10)&'Casos de Prueba'!G107) -> El aplicativo ejecuta la consulta y arroja el resultado conforme a los UUID definidos en el archivo. Archivo TXT con distintos UUID | H107: =+LEN(G107) -> 135
D108: =IF('Casos de Prueba'!B108<>0,'Casos de Prueba'!B108&"-"&_xlfn.SINGLE('Casos de Prueba'!C108),"") | E108: =IF(LEN($D108)>0,"",'Casos de Prueba'!D108) -> 4 | F108: =IF(LEN($C108)>0,"",'Casos de Prueba'!E108) -> Da clic en el botón Enviar | G108: =IF(LEN($C108)>0,"",'Casos de Prueba'!F108&CHAR(10)&'Casos de Prueba'!G108) -> El sistema realiza la petición y si contiene folios correctos los muestra en la sección de resultados: A. Casilla Acciones 1) Seleccionar. 2) Descargar 3) Recuperar Representacion Impresa. 4) Recuperar Representacion Impresa Carta Porte B. Datos de la Metadata del CFDI. • Folio Fiscal • RFC Emisor • Nombre o Razón Social del Emisor • RFC Receptor • Nombre o Razón Social del Receptor • Fecha de Emisión • Fecha de Certificación • Subtotal • Total • Estado del Comprobante • Efecto del Comprobante • Fecha de Cancelación • PAC que Certificó • Estatus de Cancelación • Estatus de Proceso de Cancelación • Fecha de Solicitud de la cancelación • Motivo • Folio de sustitución • RFC a cuenta de terceros C. Botones: Para la consulta Masiva UUID cuando el resultado contiene mas de un folio fiscal se mostrarán los botones: 1) Descargar seleccionados XML 2) Exportar resultados a PDF 3) Exportar resultados a CSV Cuando el resultado solo contiene un resultado se mostrarán los botones: 1. Exportar resultados a PDF 2. Exportar resultados a CSV • La consulta masiva esta limitada a 1,000 registros de UUID. • El servicio solo permite la consulta a través de archivos de texto plano (.txt) • Si el sistema no encuentra folios válidos ver el caso de prueba CP29 | H108: =+LEN(G108) -> 1266
D109: =IF('Casos de Prueba'!B109<>0,'Casos de Prueba'!B109&"-"&_xlfn.SINGLE('Casos de Prueba'!C109),"") | E109: =IF(LEN($D109)>0,"",'Casos de Prueba'!D109) -> 5 | F109: =IF(LEN($C109)>0,"",'Casos de Prueba'!E109) -> Selecciona un folio fiscal (UUID) de la tabla “Resultados” | G109: =IF(LEN($C109)>0,"",'Casos de Prueba'!F109&CHAR(10)&'Casos de Prueba'!G109) -> En la columna de acciones se desplegaran los botones • Descargar • Recuperar Representación Impresa • Recuperar RI Complemento Carta Porte (Condicional) | H109: =+LEN(G109) -> 157
D110: =IF('Casos de Prueba'!B110<>0,'Casos de Prueba'!B110&"-"&_xlfn.SINGLE('Casos de Prueba'!C110),"") | E110: =IF(LEN($D110)>0,"",'Casos de Prueba'!D110) -> 6 | F110: =IF(LEN($C110)>0,"",'Casos de Prueba'!E110) -> Da clic en el la opción Recuperar Representación Impresa | G110: =IF(LEN($C110)>0,"",'Casos de Prueba'!F110&CHAR(10)&'Casos de Prueba'!G110) -> El sistema muestra la representación impresa del comprobante La descarga se realiza uno a uno, contemplando el límite diario establecido para los archivos PDF en su RI. (Aplica las Reglas de Negocio 07, 08 y 14) | H110: =+LEN(G110) -> 211
D111: =IF('Casos de Prueba'!B111<>0,'Casos de Prueba'!B111&"-"&_xlfn.SINGLE('Casos de Prueba'!C111),"") | E111: =IF(LEN($D111)>0,"",'Casos de Prueba'!D111) -> 7 | F111: =IF(LEN($C111)>0,"",'Casos de Prueba'!E111) -> Da clic en Cerrar Sesión | G111: =IF(LEN($C111)>0,"",'Casos de Prueba'!F111&CHAR(10)&'Casos de Prueba'!G111) -> Cierra la aplicación y se direcciona a la pantalla de autenticación. | H111: =+LEN(G111) -> 69
D112: =IF('Casos de Prueba'!#REF!<>0,'Casos de Prueba'!#REF!&"-"&_xlfn.SINGLE('Casos de Prueba'!#REF!),"") -> #REF! | E112: =IF(LEN($D112)>0,"",'Casos de Prueba'!#REF!) -> #REF! | G112: =IF(LEN($C112)>0,"",'Casos de Prueba'!#REF!&CHAR(10)&'Casos de Prueba'!#REF!) -> #REF! | H112: =+LEN(G112) -> #REF!
D113: =IF('Casos de Prueba'!#REF!<>0,'Casos de Prueba'!#REF!&"-"&_xlfn.SINGLE('Casos de Prueba'!#REF!),"") -> #REF! | E113: =IF(LEN($D113)>0,"",'Casos de Prueba'!#REF!) -> #REF! | F113: =IF(LEN($C113)>0,"",'Casos de Prueba'!#REF!) -> #REF! | G113: =IF(LEN($C113)>0,"",'Casos de Prueba'!#REF!&CHAR(10)&'Casos de Prueba'!#REF!) -> #REF! | H113: =+LEN(G113) -> #REF!
D114: =IF('Casos de Prueba'!#REF!<>0,'Casos de Prueba'!#REF!&"-"&_xlfn.SINGLE('Casos de Prueba'!#REF!),"") -> #REF! | E114: =IF(LEN($D114)>0,"",'Casos de Prueba'!#REF!) -> #REF! | F114: =IF(LEN($C114)>0,"",'Casos de Prueba'!#REF!) -> #REF! | G114: =IF(LEN($C114)>0,"",'Casos de Prueba'!#REF!&CHAR(10)&'Casos de Prueba'!#REF!) -> #REF! | H114: =+LEN(G114) -> #REF!
D115: =IF('Casos de Prueba'!#REF!<>0,'Casos de Prueba'!#REF!&"-"&_xlfn.SINGLE('Casos de Prueba'!#REF!),"") -> #REF! | E115: =IF(LEN($D115)>0,"",'Casos de Prueba'!#REF!) -> #REF! | F115: =IF(LEN($C115)>0,"",'Casos de Prueba'!#REF!) -> #REF! | G115: =IF(LEN($C115)>0,"",'Casos de Prueba'!#REF!&CHAR(10)&'Casos de Prueba'!#REF!) -> #REF! | H115: =+LEN(G115) -> #REF!
D116: =IF('Casos de Prueba'!#REF!<>0,'Casos de Prueba'!#REF!&"-"&_xlfn.SINGLE('Casos de Prueba'!#REF!),"") -> #REF! | E116: =IF(LEN($D116)>0,"",'Casos de Prueba'!#REF!) -> #REF! | F116: =IF(LEN($C116)>0,"",'Casos de Prueba'!#REF!) -> #REF! | G116: =IF(LEN($C116)>0,"",'Casos de Prueba'!#REF!&CHAR(10)&'Casos de Prueba'!#REF!) -> #REF! | H116: =+LEN(G116) -> #REF!
D117: =IF('Casos de Prueba'!#REF!<>0,'Casos de Prueba'!#REF!&"-"&_xlfn.SINGLE('Casos de Prueba'!#REF!),"") -> #REF! | E117: =IF(LEN($D117)>0,"",'Casos de Prueba'!#REF!) -> #REF! | F117: =IF(LEN($C117)>0,"",'Casos de Prueba'!#REF!) -> #REF! | G117: =IF(LEN($C117)>0,"",'Casos de Prueba'!#REF!&CHAR(10)&'Casos de Prueba'!#REF!) -> #REF! | H117: =+LEN(G117) -> #REF!
D118: =IF('Casos de Prueba'!#REF!<>0,'Casos de Prueba'!#REF!&"-"&_xlfn.SINGLE('Casos de Prueba'!#REF!),"") -> #REF! | E118: =IF(LEN($D118)>0,"",'Casos de Prueba'!#REF!) -> #REF! | F118: =IF(LEN($C118)>0,"",'Casos de Prueba'!#REF!) -> #REF! | G118: =IF(LEN($C118)>0,"",'Casos de Prueba'!#REF!&CHAR(10)&'Casos de Prueba'!#REF!) -> #REF! | H118: =+LEN(G118) -> #REF!
...

Sheet Devops_Carga
B1: Work Item type | C1: Title | D1: Step Action | E1: Step expected
C2: CP01-Busqueda/Folio Fiscal
D3: Usuario ingresa al Portal Empleados Consulta Central | E3: El sistema muestra las siguientes opciones de búsqueda: - Folio Fiscal - Masiva UUID - Fecha Inicial y Final de Emisión El Usuario previamente se autenticó y accedió al portal Empleados-Consulta Central
D4: Selecciona la opción Folio Fiscal | E4: El sistema muestra cuadro de texto para incorporar el número de Folio Fiscal que se requiere buscar. Al seleccionar el botón de folio fiscal se deben deshabilitar los campos de la sección Fecha Inicial y Final de Emisión (Aplica la Regla de Negocio 01)
D5: Ingresa los datos del Folio Fiscal | E5: El sistema muestra los datos que se van ingresando del folio fiscal
D6: Da clic en el botón buscar CFDI | E6: Si la petición es correcta, el sistema muestra: A. Casilla Acciones 1) Seleccionar. 2) Descargar Acuse de cancelación. 3) Descargar XML. 4) Recuperar Representación Impresa. B. Datos de la Metadata del CFDI. • Folio Fiscal • RFC Emisor • Nombre o Razón Social del Emisor • RFC Receptor • Nombre o Razón Social del Receptor • Fecha de Emisión • Fecha de Certificación • Subtotal • Total • Estado del Comprobante • Efecto del Comprobante • Fecha de Cancelación • PAC que Certificó • Estatus Cancelación • Estatus Proceso de Cancelación • Fecha de Solicitud de la cancelación • Motivo • Folio de sustitución • RFC a cuenta de terceros C. Botones: 1) Descargar Seleccionados XML. 2) Descargas RI. 3) Descargar Metadata. El aplicativo debe realizar la búsqueda de todas las versiones del CFDI (3.2, 3.3 y 4.0), de acuerdo a los criterios de búsqueda seleccionados previamente. En caso de no encontrar información ir al Caso de Prueba "Sin Resultados"
D7: Da clic en cerrar sesión | E7: Cierra la aplicación y se direcciona a la pantalla de autenticación.
C8: CP02-Busqueda/RFC Emisor
D9: Usuario ingresa al Portal Empleados Consulta Central | E9: El sistema muestra las siguientes opciones de búsqueda: - Folio Fiscal - Masiva UUID - Fecha Inicial y Final de Emisión El Usuario previamente se autenticó y accedió al portal Empleados-Consulta Central
D10: Selecciona la opción Fecha Inicial y Final de Emisión | E10: El sistema habilita los siguientes campos: • Fecha Inicial de Emisión (*). • Fecha Final de Emisión (*). • RFC Emisor. • RFC Receptor. • RFC a cuenta de terceros. • Tipo de Comprobante. • Estado del Comprobante. • Tipo de Comprobante (Complemento) (RN17). • Estatus Cancelación (Campo condicional).
D11: Ingresa los datos: • Fecha Inicial de Emisión (*). • Fecha Final de Emisión (*). • RFC Emisor. • RFC Receptor. • RFC a cuenta de terceros. • Tipo de Comprobante. • Estado del Comprobante. • Tipo de Comprobante (Complemento) (RN17). • Estatus Cancelación (Campo condicional). Campo obligarorio (*) Nota: Para realizar la búsqueda se debe proporcionar al menos un RFC como parámetro de búsqueda(RFC Emisor, RFC Receptor o RFC a cuenta terceros | E11: El sistema muestra los datos que se van ingresando .
D12: Da clic en el botón buscar CFDI | E12: Si la petición es correcta, el sistema muestra: A. Casilla Acciones 1) Seleccionar. 2) Descargar Acuse de cancelación. 3) Descargar XML. 4) Recuperar Representación Impresa. B. Datos de la Metadata del CFDI. • Folio Fiscal • RFC Emisor • Nombre o Razón Social del Emisor • RFC Receptor • Nombre o Razón Social del Receptor • Fecha de Emisión • Fecha de Certificación • Subtotal • Total • Estado del Comprobante • Efecto del Comprobante • Fecha de Cancelación • PAC que Certificó • Estatus Cancelación • Estatus Proceso de Cancelación • Fecha de Solicitud de la cancelación • Motivo • Folio de sustitución • RFC a cuenta de terceros C. Botones: 1) Descargar Seleccionados XML. 2) Descargas RI. 3) Descargar Metadata. 4) Exportar Resultados a PDF. 5) Exportar Resultados a CSV. D. Paginador.
D13: Da clic en cerrar sesión | E13: Cierra la aplicación y se direcciona a la pantalla de autenticación.
C14: CP03-Busqueda/RFC Receptor
D15: Usuario ingresa al Portal Empleados Consulta Central | E15: El sistema muestra las siguientes opciones de búsqueda: - Folio Fiscal - Masiva UUID - Fecha Inicial y Final de Emisión El Usuario previamente se autenticó y accedió al portal Empleados-Consulta Central
D16: Selecciona la opción Fecha Inicial y Final de Emisión | E16: El sistema habilita los siguientes campos: • Fecha Inicial de Emisión (*). • Fecha Final de Emisión (*). • RFC Emisor. • RFC Receptor. • RFC a cuenta de terceros. • Tipo de Comprobante. • Estado del Comprobante. • Tipo de Comprobante (Complemento) (RN17). • Estatus Cancelación (Campo condicional).
D17: Ingresa los datos: • Fecha Inicial de Emisión (*). • Fecha Final de Emisión (*). • RFC Emisor. • RFC Receptor. • RFC a cuenta de terceros. • Tipo de Comprobante. • Estado del Comprobante. • Tipo de Comprobante (Complemento) (RN17). • Estatus Cancelación (Campo condicional). Campo obligarorio (*) Nota: Para realizar la búsqueda se debe proporcionar al menos un RFC como parámetro de búsqueda(RFC Emisor, RFC Receptor o RFC a cuenta terceros | E17: El sistema muestra los datos que se van ingresando .
D18: Da clic en el botón buscar CFDI | E18: Si la petición es correcta, el sistema muestra: A. Casilla Acciones 1) Seleccionar. 2) Descargar Acuse de cancelación. 3) Descargar XML. 4) Recuperar Representación Impresa. B. Datos de la Metadata del CFDI. • Folio Fiscal • RFC Emisor • Nombre o Razón Social del Emisor • RFC Receptor • Nombre o Razón Social del Receptor • Fecha de Emisión • Fecha de Certificación • Subtotal • Total • Estado del Comprobante • Efecto del Comprobante • Fecha de Cancelación • PAC que Certificó • Estatus Cancelación • Estatus Proceso de Cancelación • Fecha de Solicitud de la cancelación • Motivo • Folio de sustitución • RFC a cuenta de terceros C. Botones: 1) Descargar Seleccionados XML. 2) Descargas RI. 3) Descargar Metadata. 4) Exportar Resultados a PDF. 5) Exportar Resultados a CSV. D. Paginador.
D19: Da clic en cerrar sesión | E19: Cierra la aplicación y se direcciona a la pantalla de autenticación.
C20: CP04-Busqueda/RFC Tercero
D21: Usuario ingresa al Portal Empleados Consulta Central | E21: El sistema muestra las siguientes opciones de búsqueda: - Folio Fiscal - Masiva UUID - Fecha Inicial y Final de Emisión El Usuario previamente se autenticó y accedió al portal Empleados-Consulta Central
D22: Selecciona la opción Fecha Inicial y Final de Emisión | E22: El sistema habilita los siguientes campos: • Fecha Inicial de Emisión (*). • Fecha Final de Emisión (*). • RFC Emisor. • RFC Receptor. • RFC a cuenta de terceros. • Tipo de Comprobante. • Estado del Comprobante. • Tipo de Comprobante (Complemento) (RN17). • Estatus Cancelación (Campo condicional).
D23: Ingresa los datos: • Fecha Inicial de Emisión (*). • Fecha Final de Emisión (*). • RFC Emisor. • RFC Receptor. • RFC a cuenta de terceros. • Tipo de Comprobante. • Estado del Comprobante. • Tipo de Comprobante (Complemento) (RN17). • Estatus Cancelación (Campo condicional). Campo obligarorio (*) Nota: Para realizar la búsqueda se debe proporcionar al menos un RFC como parámetro de búsqueda(RFC Emisor, RFC Receptor o RFC a cuenta terceros | E23: El sistema muestra los datos que se van ingresando .
D24: Da clic en el botón buscar CFDI | E24: Si la petición es correcta, el sistema muestra: A. Casilla Acciones 1) Seleccionar. 2) Descargar Acuse de cancelación. 3) Descargar XML. 4) Recuperar Representación Impresa. B. Datos de la Metadata del CFDI. • Folio Fiscal • RFC Emisor • Nombre o Razón Social del Emisor • RFC Receptor • Nombre o Razón Social del Receptor • Fecha de Emisión • Fecha de Certificación • Subtotal • Total • Estado del Comprobante • Efecto del Comprobante • Fecha de Cancelación • PAC que Certificó • Estatus Cancelación • Estatus Proceso de Cancelación • Fecha de Solicitud de la cancelación • Motivo • Folio de sustitución • RFC a cuenta de terceros C. Botones: 1) Descargar Seleccionados XML. 2) Descargas RI. 3) Descargar Metadata. 4) Exportar Resultados a PDF. 5) Exportar Resultados a CSV. D. Paginador.
D25: Da clic en cerrar sesión | E25: Cierra la aplicación y se direcciona a la pantalla de autenticación.
C26: CP05-Sin Resultados
D27: Da clic en el botón buscar | E27: En caso de que no se encuentre información con los parámetros de búsqueda ingresados, el sistema muestra el siguiente mensaje: “No existen registros que cumplan con los criterios de búsqueda ingresados, intentar nuevamente” Viene de los Casos de Prueba: - CP01_ConsultaCentral_CFDI_Búsqueda/Folio Fiscal - CP02_ConsultaCentral_CFDI_Búsqueda/RFCEmisor - CP03_ConsultaCentral_CFDI_Búsqueda/RFCReceptor - CP04_ConsultaCentral_CFDI_Búsqueda/RFCTercero
D28: Da clic en cerrar sesión | E28: Cierra la aplicación y se direcciona a la pantalla de autenticación.
C29: CP06-Busqueda/Masiva UUID
D30: Usuario ingresa al Portal Empleados Consulta Central | E30: El sistema muestra las siguientes opciones de búsqueda: - Folio Fiscal - Masiva UUID - Fecha Inicial y Final de Emisión El Usuario previamente se autenticó y accedió al portal Empleados-Consulta Central
D31: Selecciona la opción Masiva UUID | E31: El sistema muestra las siguientes opciones de búsqueda: - *Seleccionar Archivo Botón Enviar En caso de no seleccionar un archivo El sistema muetra el siguiente mensaje: "Debe seleccionar un archivo .txt que contenga información para continuar."
D32: Selecciona el archivo(txt) mediante el explorador de Windows. | E32: El aplicativo ejecuta la consulta y arroja el resultado conforme a los UUID definidos en el archivo. Archivo TXT con distintos UUID
D33: Da clic en el botón Enviar | E33: El sistema realiza la petición y si contiene folios correctos los muestra en la sección de resultados: A. Casilla Acciones 1) Seleccionar. 2) Descargar Acuse de cancelación. 3) Descargar XML. 4) Recuperar Representación Impresa. B. Datos de la Metadata del CFDI. • Folio Fiscal • RFC Emisor • Nombre o Razón Social del Emisor • RFC Receptor • Nombre o Razón Social del Receptor • Fecha de Emisión • Fecha de Certificación • Subtotal • Total • Estado del Comprobante • Efecto del Comprobante • Fecha de Cancelación • PAC que Certificó • Estatus Cancelación • Estatus Proceso de Cancelación • Fecha de Solicitud de la cancelación • Motivo • Folio de sustitución • RFC a cuenta de terceros C. Botones: 1) Descargar Seleccionados XML. 2) Descargas RI. 3) Descargar Metadata. • La consulta masiva esta limitada a 1,000 registros de UUID. • El servicio solo permite la consulta a través de archivos de texto plano (.txt) • Si el sistema no encuentra folios válidos ver el caso de prueba CP29
D34: Da clic en Cerrar Sesión | E34: Cierra la aplicación y se direcciona a la pantalla de autenticación.
C35: CP07-Folio Fiscal/Acuse de cancelación
D36: Usuario ingresa al Portal Empleados Consulta Central | E36: El sistema muestra las siguientes opciones de búsqueda: - Folio Fiscal - Masiva UUID - Fecha Inicial y Final de Emisión El Usuario previamente se autenticó y accedió al portal Empleados-Consulta Central
D37: Selecciona la opción Folio Fiscal | E37: El sistema muestra cuadro de texto para incorporar el número de Folio Fiscal que se requiere buscar. Al seleccionar el botón de folio fiscal se deben deshabilitar los campos de la sección Fecha Inicial y Final de Emisión (Aplica la Regla de Negocio 01)
D38: Ingresa los datos del Folio Fiscal | E38: El sistema muestra los datos que se van ingresando del folio fiscal
D39: Da clic en el botón buscar CFDI | E39: Si la petición es correcta, el sistema muestra: A. Casilla Acciones 1) Seleccionar. 2) Descargar Acuse de cancelación. 3) Descargar XML. 4) Recuperar Representación Impresa. B. Datos de la Metadata del CFDI. • Folio Fiscal • RFC Emisor • Nombre o Razón Social del Emisor • RFC Receptor • Nombre o Razón Social del Receptor • Fecha de Emisión • Fecha de Certificación • Subtotal • Total • Estado del Comprobante • Efecto del Comprobante • Fecha de Cancelación • PAC que Certificó • Estatus Cancelación • Estatus Proceso de Cancelación • Fecha de Solicitud de la cancelación • Motivo • Folio de sustitución • RFC a cuenta de terceros D. Botones: 1) Descargar Seleccionados XML. 2) Descargas RI. 3) Descargar Metadata. El aplicativo debe realizar la búsqueda de todas las versiones del CFDI (3.2, 3.3 y 4.0), de acuerdo a los criterios de búsqueda seleccionados previamente. En caso de no encontrar información ir al Caso de Prueba "Sin Resultados"
D40: El usuario selecciona un folio fiscal (UUID) de la tabla “Resultados” y ubica la columna “Estado del Comprobante” que tenga el valor “Cancelado” y da clic en el hipervinculo para descargar el acuse de cancelación | E40: El sistema abre una ventana emergente y comienza con la descarga del acuse de cancelación en formato PDF. - Datos del Acuse de Cancelación de CFDI • Folio Fiscal • RFC Receptor • RFC Emisor • Estado CFDI • Estado de Cancelación • Motivo de Cancelación • Número de serie de la e.firma o CSD • Fecha de solicitud de la cancelación • Mensaje de Error • Fecha • Sello digital SAT Esta opción solo será visible en la columna “Estado del Comprobante, cuando exista una solicitud de la cancelación asociada al CFDI. Se podrá realizar la descarga del acuse en formato PDF, recuperando el acuse con el estatus final.
D41: Da clic en cerrar sesión | E41: Cierra la aplicación y se direcciona a la pantalla de autenticación.
C42: CP08-RFC Emisor/Acuse de Cancelación
D43: Usuario ingresa al Portal Empleados Consulta Central | E43: El sistema muestra las siguientes opciones de búsqueda: - Folio Fiscal - Masiva UUID - Fecha Inicial y Final de Emisión El Usuario previamente se autenticó y accedió al portal Empleados-Consulta Central
D44: Selecciona la opción Fecha Inicial y Final de Emisión | E44: El sistema habilita los siguientes campos: • Fecha Inicial de Emisión (*). • Fecha Final de Emisión (*). • RFC Emisor. • RFC Receptor. • RFC a cuenta de terceros. • Tipo de Comprobante. • Estado del Comprobante. • Tipo de Comprobante (Complemento) (RN17). • Estatus Cancelación (Campo condicional).
D45: Ingresa los datos: • Fecha Inicial de Emisión (*). • Fecha Final de Emisión (*). • RFC Emisor. • RFC Receptor. • RFC a cuenta de terceros. • Tipo de Comprobante. • Estado del Comprobante. • Tipo de Comprobante (Complemento) (RN17). • Estatus Cancelación (Campo condicional). Campo obligarorio (*) Nota: Para realizar la búsqueda se debe proporcionar al menos un RFC como parámetro de búsqueda(RFC Emisor, RFC Receptor o RFC a cuenta terceros | E45: El sistema muestra los datos que se van ingresando .
D46: Da clic en el botón buscar CFDI | E46: Si la petición es correcta, el sistema muestra: A. Casilla Acciones 1) Seleccionar. 2) Descargar Acuse de cancelación. 3) Descargar XML. 4) Recuperar Representación Impresa. B. Datos de la Metadata del CFDI. • Folio Fiscal • RFC Emisor • Nombre o Razón Social del Emisor • RFC Receptor • Nombre o Razón Social del Receptor • Fecha de Emisión • Fecha de Certificación • Subtotal • Total • Estado del Comprobante • Efecto del Comprobante • Fecha de Cancelación • PAC que Certificó • Estatus Cancelación • Estatus Proceso de Cancelación • Fecha de Solicitud de la cancelación • Motivo • Folio de sustitución • RFC a cuenta de terceros D. Botones: 1) Descargar Seleccionados XML. 2) Descargas RI. 3) Descargar Metadata. 4) Exportar Resultados a PDF. 5) Exportar Resultados a CSV. E. Paginador.
D47: El usuario selecciona un folio fiscal (UUID) de la tabla “Resultados” y ubica la columna “Estado del Comprobante” que tenga el valor “Cancelado” y da clic en el hipervinculo para descargar el acuse de cancelación | E47: El sistema abre una ventana emergente y comienza con la descarga del acuse de cancelación en formato PDF. - Datos del Acuse de Cancelación de CFDI • Folio Fiscal • RFC Receptor • RFC Emisor • Estado CFDI • Estado de Cancelación • Motivo de Cancelación • Número de serie de la e.firma o CSD • Fecha de solicitud de la cancelación • Mensaje de Error • Fecha • Sello digital SAT Esta opción solo será visible en la columna “Estado del Comprobante, cuando exista una solicitud de la cancelación asociada al CFDI. Se podrá realizar la descarga del acuse en formato PDF, recuperando el acuse con el estatus final.
D48: Da clic en cerrar sesión | E48: Cierra la aplicación y se direcciona a la pantalla de autenticación.
C49: CP09-RFC Receptor/Acuse de Cancelación
D50: Usuario ingresa al Portal Empleados Consulta Central | E50: El sistema muestra las siguientes opciones de búsqueda: - Folio Fiscal - Masiva UUID - Fecha Inicial y Final de Emisión El Usuario previamente se autenticó y accedió al portal Empleados-Consulta Central
D51: Selecciona la opción Fecha Inicial y Final de Emisión | E51: El sistema habilita los siguientes campos: • Fecha Inicial de Emisión (*). • Fecha Final de Emisión (*). • RFC Emisor. • RFC Receptor. • RFC a cuenta de terceros. • Tipo de Comprobante. • Estado del Comprobante. • Tipo de Comprobante (Complemento) (RN17). • Estatus Cancelación (Campo condicional).
D52: Ingresa los datos: • Fecha Inicial de Emisión (*). • Fecha Final de Emisión (*). • RFC Emisor. • RFC Receptor. • RFC a cuenta de terceros. • Tipo de Comprobante. • Estado del Comprobante. • Tipo de Comprobante (Complemento) (RN17). • Estatus Cancelación (Campo condicional). Campo obligarorio (*) Nota: Para realizar la búsqueda se debe proporcionar al menos un RFC como parámetro de búsqueda(RFC Emisor, RFC Receptor o RFC a cuenta terceros | E52: El sistema muestra los datos que se van ingresando .
D53: Da clic en el botón buscar CFDI | E53: Si la petición es correcta, el sistema muestra: A. Casilla Acciones 1) Seleccionar. 2) Descargar Acuse de cancelación. 3) Descargar XML. 4) Recuperar Representación Impresa. B. Datos de la Metadata del CFDI. • Folio Fiscal • RFC Emisor • Nombre o Razón Social del Emisor • RFC Receptor • Nombre o Razón Social del Receptor • Fecha de Emisión • Fecha de Certificación • Subtotal • Total • Estado del Comprobante • Efecto del Comprobante • Fecha de Cancelación • PAC que Certificó • Estatus Cancelación • Estatus Proceso de Cancelación • Fecha de Solicitud de la cancelación • Motivo • Folio de sustitución • RFC a cuenta de terceros C. Botones: 1) Descargar Seleccionados XML. 2) Descargas RI. 3) Descargar Metadata. 4) Exportar Resultados a PDF. 5) Exportar Resultados a CSV. D. Paginador.
D54: El usuario selecciona un folio fiscal (UUID) de la tabla “Resultados” y ubica la columna “Estado del Comprobante” que tenga el valor “Cancelado” y da clic en el hipervinculo para descargar el acuse de cancelación | E54: El sistema abre una ventana emergente y comienza con la descarga del acuse de cancelación en formato PDF. - Datos del Acuse de Cancelación de CFDI • Folio Fiscal • RFC Receptor • RFC Emisor • Estado CFDI • Estado de Cancelación • Motivo de Cancelación • Número de serie de la e.firma o CSD • Fecha de solicitud de la cancelación • Mensaje de Error • Fecha • Sello digital SAT Esta opción solo será visible en la columna “Estado del Comprobante, cuando exista una solicitud de la cancelación asociada al CFDI. Se podrá realizar la descarga del acuse en formato PDF, recuperando el acuse con el estatus final.
D55: Da clic en cerrar sesión | E55: Cierra la aplicación y se direcciona a la pantalla de autenticación.
C56: CP10-Masiva UUID/Acuse de Cancelación
D57: Usuario ingresa al Portal Empleados Consulta Central | E57: El sistema muestra las siguientes opciones de búsqueda: - Folio Fiscal - Masiva UUID - Fecha Inicial y Final de Emisión El Usuario previamente se autenticó y accedió al portal Empleados-Consulta Central
D58: Selecciona la opción Masiva UUID | E58: El sistema muestra las siguientes opciones de búsqueda: - *Seleccionar Archivo Botón Enviar En caso de no seleccionar un archivo El sistema muetra el siguiente mensaje: "Debe seleccionar un archivo .txt que contenga información para continuar."
D59: Selecciona el archivo(txt) mediante el explorador de Windows. | E59: El aplicativo ejecuta la consulta y arroja el resultado conforme a los UUID definidos en el archivo. Archivo TXT con distintos UUID
D60: Da clic en el botón Enviar | E60: El sistema realiza la petición y si contiene folios correctos los muestra en la sección de resultados: A. Casilla Acciones 1) Seleccionar. 2) Descargar Acuse de cancelación. 3) Descargar XML. 4) Recuperar Representación Impresa. B. Datos de la Metadata del CFDI. • Folio Fiscal • RFC Emisor • Nombre o Razón Social del Emisor • RFC Receptor • Nombre o Razón Social del Receptor • Fecha de Emisión • Fecha de Certificación • Subtotal • Total • Estado del Comprobante • Efecto del Comprobante • Fecha de Cancelación • PAC que Certificó • Estatus Cancelación • Estatus Proceso de Cancelación • Fecha de Solicitud de la cancelación • Motivo • Folio de sustitución • RFC a cuenta de terceros C. Botones: 1) Descargar Seleccionados XML. 2) Descargas RI. 3) Descargar Metadata. • La consulta masiva esta limitada a 1,000 registros de UUID. • El servicio solo permite la consulta a través de archivos de texto plano (.txt) • Si el sistema no encuentra folios válidos ver el caso de prueba CP29
D61: El usuario selecciona un folio fiscal (UUID) de la tabla “Resultados” y ubica la columna “Estado del Comprobante” que tenga el valor “Cancelado” y da clic en el hipervinculo para descargar el acuse de cancelación | E61: El sistema abre una ventana emergente y comienza con la descarga del acuse de cancelación en formato PDF. - Datos del Acuse de Cancelación de CFDI • Folio Fiscal • RFC Receptor • RFC Emisor • Estado CFDI • Estado de Cancelación • Motivo de Cancelación • Número de serie de la e.firma o CSD • Fecha de solicitud de la cancelación • Mensaje de Error • Fecha • Sello digital SAT Esta opción solo será visible en la columna “Estado del Comprobante, cuando exista una solicitud de la cancelación asociada al CFDI. Se podrá realizar la descarga del acuse en formato PDF, recuperando el acuse con el estatus final.
D62: Da clic en cerrar sesión | E62: Cierra la aplicación y se direcciona a la pantalla de autenticación.
C63: CP11-Folio Fiscal/Descargar RI
D64: Usuario ingresa al Portal Empleados Consulta Central | E64: El sistema muestra las siguientes opciones de búsqueda: - Folio Fiscal - Masiva UUID - Fecha Inicial y Final de Emisión El Usuario previamente se autenticó y accedió al portal Empleados-Consulta Central
D65: Selecciona la opción Folio Fiscal | E65: El sistema muestra cuadro de texto para incorporar el número de Folio Fiscal que se requiere buscar. Al seleccionar el botón de folio fiscal se deben deshabilitar los campos de la sección Fecha Inicial y Final de Emisión (Aplica la Regla de Negocio 01)
D66: Ingresa los datos del Folio Fiscal | E66: El sistema muestra los datos que se van ingresando del folio fiscal
D67: Da clic en el botón buscar CFDI | E67: Si la petición es correcta, el sistema muestra: A. Casilla Acciones 1) Seleccionar. 2) Descargar Acuse de cancelación. 3) Descargar XML. 4) Recuperar Representación Impresa. B. Datos de la Metadata del CFDI. • Folio Fiscal • RFC Emisor • Nombre o Razón Social del Emisor • RFC Receptor • Nombre o Razón Social del Receptor • Fecha de Emisión • Fecha de Certificación • Subtotal • Total • Estado del Comprobante • Efecto del Comprobante • Fecha de Cancelación • PAC que Certificó • Estatus Cancelación • Estatus Proceso de Cancelación • Fecha de Solicitud de la cancelación • Motivo • Folio de sustitución • RFC a cuenta de terceros C. Botones: 1) Descargar Seleccionados XML. 2) Descargas RI. 3) Descargar Metadata. El aplicativo debe realizar la búsqueda de todas las versiones del CFDI (3.2, 3.3 y 4.0), de acuerdo a los criterios de búsqueda seleccionados previamente. En caso de no encontrar información ir al Caso de Prueba "Sin Resultados"
D68: Selecciona un folio fiscal (UUID) de la tabla “Resultados” | E68: En la columna de acciones se desplegaran los botones • Descargar XML • Recuperar Representación Impresa • Recuperar RI Complemento Carta Porte (Condicional)
D69: Da clic en el la opción Recuperar Representación Impresa | E69: El sistema muestra la representación impresa del comprobante La descarga se realiza uno a uno, contemplando el límite diario establecido para los archivos PDF en su RI. (Aplica las Reglas de Negocio 07, 08 y 14)
D70: Da clic en cerrar sesión | E70: Cierra la aplicación y se direcciona a la pantalla de autenticación.
C71: CP12-RFC Emisor/Descargar RI
D72: Usuario ingresa al Portal Empleados Consulta Central | E72: El sistema muestra las siguientes opciones de búsqueda: - Folio Fiscal - Masiva UUID - Fecha Inicial y Final de Emisión El Usuario previamente se autenticó y accedió al portal Empleados-Consulta Central
D73: Selecciona la opción Fecha Inicial y Final de Emisión | E73: El sistema habilita los siguientes campos: • Fecha Inicial de Emisión (*). • Fecha Final de Emisión (*). • RFC Emisor. • RFC Receptor. • RFC a cuenta de terceros. • Tipo de Comprobante. • Estado del Comprobante. • Tipo de Comprobante (Complemento) (RN17). • Estatus Cancelación (Campo condicional).
D74: Ingresa los datos: • Fecha Inicial de Emisión (*). • Fecha Final de Emisión (*). • RFC Emisor. • RFC Receptor. • RFC a cuenta de terceros. • Tipo de Comprobante. • Estado del Comprobante. • Tipo de Comprobante (Complemento) (RN17). • Estatus Cancelación (Campo condicional). Campo obligarorio (*) Nota: Para realizar la búsqueda se debe proporcionar al menos un RFC como parámetro de búsqueda(RFC Emisor, RFC Receptor o RFC a cuenta terceros | E74: El sistema muestra los datos que se van ingresando .
D75: Da clic en el botón buscar CFDI | E75: Si la petición es correcta, el sistema muestra: A. Casilla Acciones 1) Seleccionar. 2) Descargar Acuse de cancelación. 3) Descargar XML. 4) Recuperar Representación Impresa. B. Datos de la Metadata del CFDI. • Folio Fiscal • RFC Emisor • Nombre o Razón Social del Emisor • RFC Receptor • Nombre o Razón Social del Receptor • Fecha de Emisión • Fecha de Certificación • Subtotal • Total • Estado del Comprobante • Efecto del Comprobante • Fecha de Cancelación • PAC que Certificó • Estatus Cancelación • Estatus Proceso de Cancelación • Fecha de Solicitud de la cancelación • Motivo • Folio de sustitución • RFC a cuenta de terceros D. Botones: 1) Descargar Seleccionados XML. 2) Descargas RI. 3) Descargar Metadata. 4) Exportar Resultados a PDF. 5) Exportar Resultados a CSV. E. Paginador.
D76: Selecciona un folio fiscal (UUID) de la tabla “Resultados” | E76: En la columna de acciones se desplegaran los botones • Descargar XML • Recuperar Representación Impresa • Recuperar RI Complemento Carta Porte (Condicional)
D77: Da clic en el la opción Recuperar Representación Impresa | E77: El sistema muestra la representación impresa del comprobante La descarga se realiza uno a uno, contemplando el límite diario establecido para los archivos PDF en su RI. (Aplica las Reglas de Negocio 07, 08 y 14)
D78: Da clic en cerrar sesión | E78: Cierra la aplicación y se direcciona a la pantalla de autenticación.
C79: CP13-RFC Receptor/Descargar RI
D80: Usuario ingresa al Portal Empleados Consulta Central | E80: El sistema muestra las siguientes opciones de búsqueda: - Folio Fiscal - Masiva UUID - Fecha Inicial y Final de Emisión El Usuario previamente se autenticó y accedió al portal Empleados-Consulta Central
D81: Selecciona la opción Fecha Inicial y Final de Emisión | E81: El sistema habilita los siguientes campos: • Fecha Inicial de Emisión (*). • Fecha Final de Emisión (*). • RFC Emisor. • RFC Receptor. • RFC a cuenta de terceros. • Tipo de Comprobante. • Estado del Comprobante. • Tipo de Comprobante (Complemento) (RN17). • Estatus Cancelación (Campo condicional).
D82: Ingresa los datos: • Fecha Inicial de Emisión (*). • Fecha Final de Emisión (*). • RFC Emisor. • RFC Receptor. • RFC a cuenta de terceros. • Tipo de Comprobante. • Estado del Comprobante. • Tipo de Comprobante (Complemento) (RN17). • Estatus Cancelación (Campo condicional). Campo obligarorio (*) Nota: Para realizar la búsqueda se debe proporcionar al menos un RFC como parámetro de búsqueda(RFC Emisor, RFC Receptor o RFC a cuenta terceros | E82: El sistema muestra los datos que se van ingresando .
D83: Da clic en el botón buscar CFDI | E83: Si la petición es correcta, el sistema muestra: A. Casilla Acciones 1) Seleccionar. 2) Descargar Acuse de cancelación. 3) Descargar XML. 4) Recuperar Representación Impresa. B. Datos de la Metadata del CFDI. • Folio Fiscal • RFC Emisor • Nombre o Razón Social del Emisor • RFC Receptor • Nombre o Razón Social del Receptor • Fecha de Emisión • Fecha de Certificación • Subtotal • Total • Estado del Comprobante • Efecto del Comprobante • Fecha de Cancelación • PAC que Certificó • Estatus Cancelación • Estatus Proceso de Cancelación • Fecha de Solicitud de la cancelación • Motivo • Folio de sustitución • RFC a cuenta de terceros C. Botones: 1) Descargar Seleccionados XML. 2) Descargas RI. 3) Descargar Metadata. 4) Exportar Resultados a PDF. 5) Exportar Resultados a CSV. D. Paginador.
D84: Selecciona un folio fiscal (UUID) de la tabla “Resultados” | E84: En la columna de acciones se desplegaran los botones • Descargar XML • Recuperar Representación Impresa • Recuperar RI Complemento Carta Porte (Condicional)
D85: Da clic en el la opción Recuperar Representación Impresa | E85: El sistema muestra la representación impresa del comprobante La descarga se realiza uno a uno, contemplando el límite diario establecido para los archivos PDF en su RI. (Aplica las Reglas de Negocio 07, 08 y 14)
D86: Da clic en cerrar sesión | E86: Cierra la aplicación y se direcciona a la pantalla de autenticación.
C87: CP14-Masiva UUID/Descargar RI
D88: Usuario ingresa al Portal Empleados Consulta Central | E88: El sistema muestra las siguientes opciones de búsqueda: - Folio Fiscal - Masiva UUID - Fecha Inicial y Final de Emisión El Usuario previamente se autenticó y accedió al portal Empleados-Consulta Central
D89: Selecciona la opción Masiva UUID | E89: El sistema muestra las siguientes opciones de búsqueda: - *Seleccionar Archivo Botón Enviar En caso de no seleccionar un archivo El sistema muetra el siguiente mensaje: "Debe seleccionar un archivo .txt que contenga información para continuar."
D90: Selecciona el archivo(txt) mediante el explorador de Windows. | E90: El aplicativo ejecuta la consulta y arroja el resultado conforme a los UUID definidos en el archivo. Archivo TXT con distintos UUID
D91: Da clic en el botón Enviar | E91: El sistema realiza la petición y si contiene folios correctos los muestra en la sección de resultados: A. Casilla Acciones 1) Seleccionar. 2) Descargar Acuse de cancelación. 3) Descargar XML. 4) Recuperar Representación Impresa. B. Datos de la Metadata del CFDI. • Folio Fiscal • RFC Emisor • Nombre o Razón Social del Emisor • RFC Receptor • Nombre o Razón Social del Receptor • Fecha de Emisión • Fecha de Certificación • Subtotal • Total • Estado del Comprobante • Efecto del Comprobante • Fecha de Cancelación • PAC que Certificó • Estatus Cancelación • Estatus Proceso de Cancelación • Fecha de Solicitud de la cancelación • Motivo • Folio de sustitución • RFC a cuenta de terceros C. Botones: 1) Descargar Seleccionados XML. 2) Descargas RI. 3) Descargar Metadata. • La consulta masiva esta limitada a 1,000 registros de UUID. • El servicio solo permite la consulta a través de archivos de texto plano (.txt) • Si el sistema no encuentra folios válidos ver el caso de prueba CP29
D92: Selecciona un folio fiscal (UUID) de la tabla “Resultados” | E92: En la columna de acciones se desplegaran los botones • Descargar XML • Recuperar Representación Impresa • Recuperar RI Complemento Carta Porte (Condicional)
D93: Da clic en el la opción Recuperar Representación Impresa | E93: El sistema muestra la representación impresa del comprobante La descarga se realiza uno a uno, contemplando el límite diario establecido para los archivos PDF en su RI. (Aplica las Reglas de Negocio 07, 08 y 14)
D94: Da clic en Cerrar Sesión | E94: Cierra la aplicación y se direcciona a la pantalla de autenticación.
C95: CP15-Folio Fiscal/MsjError_RI
D96: Usuario ingresa al Portal Empleados Consulta Central | E96: El sistema muestra las siguientes opciones de búsqueda: - Folio Fiscal - Masiva UUID - Fecha Inicial y Final de Emisión El Usuario previamente se autenticó y accedió al portal Empleados-Consulta Central
D97: Selecciona la opción Folio Fiscal | E97: El sistema muestra cuadro de texto para incorporar el número de Folio Fiscal que se requiere buscar. Al seleccionar el botón de folio fiscal se deben deshabilitar los campos de la sección Fecha Inicial y Final de Emisión (Aplica la Regla de Negocio 01)
D98: Ingresa los datos del Folio Fiscal | E98: El sistema muestra los datos que se van ingresando del folio fiscal
D99: Da clic en el botón buscar CFDI | E99: Si la petición es correcta, el sistema muestra: A. Casilla Acciones 1) Seleccionar. 2) Descargar Acuse de cancelación. 3) Descargar XML. 4) Recuperar Representación Impresa. B. Datos de la Metadata del CFDI. • Folio Fiscal • RFC Emisor • Nombre o Razón Social del Emisor • RFC Receptor • Nombre o Razón Social del Receptor • Fecha de Emisión • Fecha de Certificación • Subtotal • Total • Estado del Comprobante • Efecto del Comprobante • Fecha de Cancelación • PAC que Certificó • Estatus Cancelación • Estatus Proceso de Cancelación • Fecha de Solicitud de la cancelación • Motivo • Folio de sustitución • RFC a cuenta de terceros D. Botones: 1) Descargar Seleccionados XML. 2) Descargas RI. 3) Descargar Metadata. El aplicativo debe realizar la búsqueda de todas las versiones del CFDI (3.2, 3.3 y 4.0), de acuerdo a los criterios de búsqueda seleccionados previamente. En caso de no encontrar información ir al Caso de Prueba "Sin Resultados"
D100: Selecciona Recuperar Representación Impresa (RI). Nota: Para este caso de prueba se deberá utilizar un xml mal formado para que aparezca el mensaje. | E100: El sistema al detectar un XML mal formado y que no puede generar la representación impresa va a mostrar el siguiente mensaje. El Folio Fiscal (XXXXXX) que se desea consultar sólo se puede visualizar el XML y no la Representación Impresa Al momento de descargar la RI si el sistema detecta que esta mal formado y no puede generar el PDF de manera correcta. Cuando se descargue la Representación Impresa el aplicativo va a mostrar un mensaje indicando que se encuentra mal formado.
...

Sheet Firmas Conformidad
B2: El uso de la siguiente Sección de Firmas de Conformidad es opcional, dependiendo de la necesidad del consumidor de la información.
B3: Instrucciones:
B4: Registrar en la tabla la información de los participantes en la elaboración, revisión, aprobación, etc. del artefacto.
B11: FIRMAS DE CONFORMIDAD
B12: Autorizó | C12: Autorizó
B13: Nombre: Pedro López Bernal. | C13: Nombre: Diana Maribel Velazquez Barroso
B14: Puesto: Administrador de Gestión de Servicios y Trámites con Medios Electrónicos 3 | C14: Puesto: Administradora de Soluciones de Negocio 3
B15: Fecha: | C15: Fecha:
B20: Revisó | C20: Revisó
B21: Nombre: Mario Alberto Huerta Velazquez | C21: Nombre: Roberto Benjamín Monroy Vargas
B22: Puesto: Subadministrador de Gestión de Servicios y Trámites con Medios Electrónicos | C22: Puesto: Subadministrador de Soluciones de Negocio
B23: Fecha: | C23: Fecha:
B28: Elaboró | C28: Elaboró
B29: Nombre: Nadia Anahí Ortega Nava | C29: Nombre: Alma Quetzabeth Torres González
B30: Puesto: Jefe de Departamento de Gestión de Servicios y Trámites con Medios Electrónicos | C30: Puesto: Jefe de Departamento de Soluciones de Negocio
B31: Fecha: | C31: Fecha:

Sheet Encabezado
C1: Tomar como referencia el siguiente Encabezado para edición:
H4: Administración General de Comunicaciones y Tecnologías de la Información
H6: Marco Documental 7.0
C7: Fecha de aprobación del Template: 01/11/2021 | E7: Requerimientos de Pruebas Clave del Documento XX_RDP_REQPRUEBAS.xlsx [Nomenclatura del artefacto, punto, extensión del archivo actual] Servicio Administración del Ciclo de Vida de Aplicaciones de TIC Central Dueña: Administración Central de Soluciones de Negocio (ACSN) Central que Elabora: ACSN Central Consumidora: ACDMA | J7: Versión del template: 7.00
H13: Administración General de Comunicaciones y Tecnologías de la Información
H15: Marco Documental 7.0
C16: Fecha de aprobación del Template: 01/11/2021 | E16: Requerimientos de Pruebas RDP_ConsultaCentral_CFDI.xlsx | J16: Versión del template: 7.00
